-- phpMyAdmin SQL Dump
-- version 5.2.1
-- https://www.phpmyadmin.net/
--
-- Host: localhost:3306
-- Generation Time: May 14, 2024 at 01:43 AM
-- Server version: 8.0.33
-- PHP Version: 8.2.18

SET SQL_MODE = "NO_AUTO_VALUE_ON_ZERO";
START TRANSACTION;
SET time_zone = "+00:00";


/*!40101 SET @OLD_CHARACTER_SET_CLIENT=@@CHARACTER_SET_CLIENT */;
/*!40101 SET @OLD_CHARACTER_SET_RESULTS=@@CHARACTER_SET_RESULTS */;
/*!40101 SET @OLD_COLLATION_CONNECTION=@@COLLATION_CONNECTION */;
/*!40101 SET NAMES utf8mb4 */;

--
-- Database: `kinerja_plus`
--

-- --------------------------------------------------------

--
-- Table structure for table `alternatif`
--

CREATE TABLE `alternatif` (
  `id_alternatif` bigint UNSIGNED NOT NULL,
  `kode_alternatif` varchar(4) CHARACTER SET utf8mb4 COLLATE utf8mb4_unicode_ci NOT NULL,
  `nama_alternatif` varchar(255) CHARACTER SET utf8mb4 COLLATE utf8mb4_unicode_ci NOT NULL,
  `jenis_kelamin` enum('Laki-laki','Perempuan') CHARACTER SET utf8mb4 COLLATE utf8mb4_unicode_ci NOT NULL,
  `tanggal_masuk_kerja` date NOT NULL,
  `nip` bigint NOT NULL,
  `jabatan` varchar(50) CHARACTER SET utf8mb4 COLLATE utf8mb4_unicode_ci NOT NULL,
  `pendidikan` varchar(3) CHARACTER SET utf8mb4 COLLATE utf8mb4_unicode_ci NOT NULL,
  `created_at` timestamp NULL DEFAULT NULL,
  `updated_at` timestamp NULL DEFAULT NULL
) ENGINE=InnoDB DEFAULT CHARSET=utf8mb4 COLLATE=utf8mb4_unicode_ci;

--
-- Dumping data for table `alternatif`
--

INSERT INTO `alternatif` (`id_alternatif`, `kode_alternatif`, `nama_alternatif`, `jenis_kelamin`, `tanggal_masuk_kerja`, `nip`, `jabatan`, `pendidikan`, `created_at`, `updated_at`) VALUES
(1, 'A1', 'Narenda Fadilla', 'Laki-laki', '2023-11-06', 1283031201, 'Guru', 'S2', '2023-11-05 17:04:29', '2024-04-15 08:27:12'),
(5, 'A2', 'Muthia Rana', 'Perempuan', '2022-04-01', 1836394292, 'Kepala Sekolah SD', 'S1', '2023-11-29 02:50:28', '2024-04-13 22:32:50'),
(6, 'A3', 'Shinta Eka Tedjo', 'Perempuan', '2022-09-14', 1793202312, 'Guru', 'S2', '2024-01-02 03:22:22', '2024-01-02 03:22:22'),
(7, 'A4', 'Hizrian Aiman', 'Laki-laki', '2022-10-25', 8749654320, 'Guru', 'S2', '2024-01-02 03:23:14', '2024-01-02 03:23:14'),
(8, 'A5', 'Emir Bryan Agustina', 'Perempuan', '2022-07-15', 9834038291, 'Guru', 'S2', '2024-01-02 03:23:40', '2024-01-02 03:23:40'),
(9, 'A6', 'Aggil Farida', 'Perempuan', '2022-07-06', 8302834218, 'Guru', 'S2', '2024-01-02 03:24:06', '2024-01-02 03:24:06'),
(10, 'A7', 'Iqbal Feranda', 'Laki-laki', '2024-02-21', 7238219238, 'Guru', 'S2', '2024-02-20 21:00:35', '2024-02-20 21:00:35'),
(11, 'A8', 'Farhan Zaeni', 'Laki-laki', '2022-07-05', 1839202839, 'Guru', 'S2', '2024-03-12 07:34:06', '2024-03-12 07:34:06'),
(12, 'A9', 'Sania Farya', 'Perempuan', '2022-06-15', 2839210239, 'Kepala sekolah SMP', 'S2', '2024-04-14 22:43:26', '2024-04-25 09:31:16'),
(17, 'A10', 'Ms. Sunny Blick DVM', 'Perempuan', '2023-04-16', 465003712, 'Guru', 'S2', '2024-04-15 17:02:20', '2024-04-15 17:02:20'),
(18, 'A11', 'Fabiola Fay', 'Laki-laki', '2021-04-20', 662944528, 'Guru', 'S1', '2024-04-15 17:03:44', '2024-04-15 17:03:44'),
(19, 'A12', 'Ms. Hertha Toy V', 'Laki-laki', '2023-12-24', 18900033, 'Guru', 'S2', '2024-04-15 17:03:44', '2024-04-15 17:03:44'),
(24, 'A13', 'Yanti Steuber Sr.', 'Laki-laki', '2020-06-14', 1058940791, 'Kepala Sekolah SMA', 'S1', '2024-04-15 17:08:39', '2024-04-25 09:30:52'),
(25, 'A14', 'Art Schumm PhD', 'Perempuan', '2022-01-10', 158552002, 'Guru', 'S1', '2024-04-15 17:08:39', '2024-04-15 17:08:39'),
(26, 'A15', 'Alejandra OHara', 'Laki-laki', '2023-01-11', 462746229, 'Guru', 'S2', '2024-04-15 17:08:39', '2024-04-15 17:08:39'),
(27, 'A16', 'Shanna Abbott', 'Laki-laki', '2022-05-14', 250964295, 'Guru', 'S2', '2024-04-15 17:08:39', '2024-04-15 17:08:39'),
(28, 'A17', 'Ms. Briana Labadie', 'Perempuan', '2022-12-19', 385234027, 'Guru', 'S2', '2024-04-15 17:08:39', '2024-04-15 17:08:39'),
(29, 'A18', 'Carlo Kessler V', 'Laki-laki', '2020-05-06', 982541185, 'Guru', 'S1', '2024-04-15 17:08:39', '2024-04-15 17:08:39'),
(30, 'A19', 'Lisette Brekke', 'Perempuan', '2021-10-24', 230517630, 'Guru', 'S2', '2024-04-15 17:08:39', '2024-04-15 17:08:39'),
(31, 'A20', 'Jaron Pfeffer', 'Laki-laki', '2021-03-29', 202375764, 'Guru', 'S1', '2024-04-15 17:08:39', '2024-04-15 17:08:39'),
(32, 'A21', 'Jarrett Fisher', 'Perempuan', '2022-04-22', 628997077, 'Guru', 'S1', '2024-04-15 17:24:03', '2024-04-15 17:24:03'),
(33, 'A22', 'Karen Schiller I', 'Perempuan', '2023-01-06', 820938127, 'Guru', 'S2', '2024-04-15 17:24:03', '2024-04-15 17:24:03'),
(34, 'A23', 'Felipe Carter', 'Laki-laki', '2020-05-08', 721448857, 'Guru', 'S2', '2024-04-15 17:24:03', '2024-04-15 17:24:03'),
(35, 'A24', 'Opal Smith', 'Laki-laki', '2022-04-23', 283476489, 'Guru', 'S1', '2024-04-15 17:24:03', '2024-04-15 17:24:03'),
(36, 'A25', 'Emmanuel Douglas', 'Laki-laki', '2023-07-01', 838433313, 'Guru', 'S1', '2024-04-15 17:24:03', '2024-04-15 17:24:03'),
(37, 'A26', 'Prof. Alfonzo Gorczany III', 'Laki-laki', '2022-06-19', 249791253, 'Guru', 'S2', '2024-04-15 17:24:03', '2024-04-15 17:24:03'),
(38, 'A27', 'Margret Littel', 'Perempuan', '2023-01-09', 618311853, 'Guru', 'S1', '2024-04-15 17:24:03', '2024-04-15 17:24:03'),
(39, 'A28', 'Devante Schaefer', 'Perempuan', '2020-03-16', 181631254, 'Guru', 'S2', '2024-04-15 17:24:03', '2024-04-15 17:24:03'),
(40, 'A29', 'Regan Rutherford', 'Laki-laki', '2020-01-10', 123073190, 'Guru', 'S1', '2024-04-15 17:26:22', '2024-04-15 17:26:22'),
(41, 'A30', 'Jessyca Cassin', 'Perempuan', '2020-12-08', 933968005, 'Guru', 'S2', '2024-04-15 17:26:22', '2024-04-15 17:26:22'),
(42, 'A31', 'Khalil Runte', 'Laki-laki', '2023-12-30', 786972334, 'Guru', 'S1', '2024-04-15 17:26:22', '2024-04-15 17:26:22'),
(43, 'A32', 'Sallie Langosh', 'Perempuan', '2021-04-16', 421779129, 'Guru', 'S1', '2024-04-15 17:26:22', '2024-04-15 17:26:22'),
(44, 'A33', 'Prof. Eldon Ankunding PhD', 'Perempuan', '2022-07-28', 846117949, 'Guru', 'S2', '2024-04-15 17:26:22', '2024-04-15 17:26:22'),
(45, 'A34', 'Ms. Helga Grady', 'Perempuan', '2020-10-10', 431424609, 'Guru', 'S1', '2024-04-15 17:26:22', '2024-04-15 17:26:22'),
(46, 'A35', 'Elisabeth Reichel', 'Perempuan', '2022-05-16', 393893223, 'Guru', 'S2', '2024-04-15 17:26:22', '2024-04-15 17:26:22'),
(47, 'A36', 'Beryl Denesik', 'Laki-laki', '2021-10-21', 373260484, 'Guru', 'S1', '2024-04-15 17:26:22', '2024-04-15 17:26:22'),
(48, 'A37', 'Nakia OConnell', 'Laki-laki', '2023-12-14', 703472327, 'Guru', 'S1', '2024-04-15 17:29:09', '2024-04-15 17:29:09'),
(49, 'A38', 'Virgie Ebert', 'Laki-laki', '2021-07-26', 7964034491, 'Guru', 'S1', '2024-04-15 17:29:09', '2024-04-26 03:31:07'),
(50, 'A39', 'Kathryn Batz', 'Perempuan', '2021-01-02', 807186773, 'Guru', 'S2', '2024-04-15 17:29:09', '2024-04-15 17:29:09'),
(51, 'A40', 'Timmothy Collins V', 'Laki-laki', '2021-02-23', 200877539, 'Guru', 'S1', '2024-04-15 17:29:09', '2024-04-15 17:29:09'),
(52, 'A41', 'Mable Heidenreich', 'Laki-laki', '2021-01-01', 896481846, 'Guru', 'S2', '2024-04-15 17:29:09', '2024-04-15 17:29:09'),
(53, 'A42', 'Jailyn Walker', 'Laki-laki', '2020-12-06', 478042912, 'Guru', 'S1', '2024-04-15 17:29:09', '2024-04-15 17:29:09'),
(54, 'A43', 'Mr. Abraham Krajcik Jr.', 'Laki-laki', '2020-10-09', 74704249, 'Guru', 'S1', '2024-04-15 17:29:09', '2024-04-15 17:29:09'),
(55, 'A44', 'Carrie Gerhold', 'Perempuan', '2022-01-14', 172112708, 'Guru', 'S2', '2024-04-15 17:29:09', '2024-04-15 17:29:09'),
(56, 'A45', 'Buck Conn', 'Laki-laki', '2021-01-19', 916534813, 'Guru', 'S1', '2024-04-15 17:29:09', '2024-04-15 17:29:09');

-- --------------------------------------------------------

--
-- Table structure for table `bobot_prioritas_alternatif`
--

CREATE TABLE `bobot_prioritas_alternatif` (
  `id_bobot_prioritas_alternatif` bigint UNSIGNED NOT NULL,
  `tahun_ajaran` varchar(9) CHARACTER SET utf8mb4 COLLATE utf8mb4_unicode_ci NOT NULL,
  `kode_kriteria` varchar(3) CHARACTER SET utf8mb4 COLLATE utf8mb4_unicode_ci NOT NULL,
  `kode_alternatif` varchar(4) CHARACTER SET utf8mb4 COLLATE utf8mb4_unicode_ci NOT NULL,
  `bobot_prioritas` double NOT NULL,
  `created_at` timestamp NULL DEFAULT NULL,
  `updated_at` timestamp NULL DEFAULT NULL
) ENGINE=InnoDB DEFAULT CHARSET=utf8mb4 COLLATE=utf8mb4_unicode_ci;

-- --------------------------------------------------------

--
-- Table structure for table `bobot_prioritas_kriteria`
--

CREATE TABLE `bobot_prioritas_kriteria` (
  `id_bobot_prioritas_kriteria` bigint UNSIGNED NOT NULL,
  `id_kriteria` bigint UNSIGNED NOT NULL,
  `bobot_prioritas` double NOT NULL,
  `created_at` timestamp NULL DEFAULT NULL,
  `updated_at` timestamp NULL DEFAULT NULL
) ENGINE=InnoDB DEFAULT CHARSET=utf8mb4 COLLATE=utf8mb4_unicode_ci;

--
-- Dumping data for table `bobot_prioritas_kriteria`
--

INSERT INTO `bobot_prioritas_kriteria` (`id_bobot_prioritas_kriteria`, `id_kriteria`, `bobot_prioritas`, `created_at`, `updated_at`) VALUES
(1, 1, 0.65543333333333, '2024-05-13 18:23:38', '2024-05-13 18:23:38'),
(2, 2, 0.1867, '2024-05-13 18:23:38', '2024-05-13 18:23:38'),
(3, 3, 0.15773333333333, '2024-05-13 18:23:38', '2024-05-13 18:23:38');

-- --------------------------------------------------------

--
-- Table structure for table `bobot_prioritas_subkriteria`
--

CREATE TABLE `bobot_prioritas_subkriteria` (
  `id_bobot_prioritas_subkriteria` bigint UNSIGNED NOT NULL,
  `kode_kriteria` varchar(3) COLLATE utf8mb4_unicode_ci NOT NULL,
  `bobot_prioritas` double NOT NULL,
  `created_at` timestamp NULL DEFAULT NULL,
  `updated_at` timestamp NULL DEFAULT NULL
) ENGINE=InnoDB DEFAULT CHARSET=utf8mb4 COLLATE=utf8mb4_unicode_ci;

--
-- Dumping data for table `bobot_prioritas_subkriteria`
--

INSERT INTO `bobot_prioritas_subkriteria` (`id_bobot_prioritas_subkriteria`, `kode_kriteria`, `bobot_prioritas`, `created_at`, `updated_at`) VALUES
(1, 'K1', 0.65523670333333, '2024-05-13 18:14:49', '2024-05-13 18:14:49'),
(2, 'K2', 0.18655064, '2024-05-13 18:14:49', '2024-05-13 18:14:49'),
(3, 'K3', 0.15773333333333, '2024-05-13 18:14:49', '2024-05-13 18:14:49');

-- --------------------------------------------------------

--
-- Table structure for table `catatan_karyawan`
--

CREATE TABLE `catatan_karyawan` (
  `id_catatan_karyawan` bigint UNSIGNED NOT NULL,
  `id_penilaian` bigint UNSIGNED NOT NULL,
  `tahun_ajaran` varchar(9) COLLATE utf8mb4_unicode_ci NOT NULL,
  `catatan` text COLLATE utf8mb4_unicode_ci NOT NULL,
  `created_at` timestamp NULL DEFAULT NULL,
  `updated_at` timestamp NULL DEFAULT NULL
) ENGINE=InnoDB DEFAULT CHARSET=utf8mb4 COLLATE=utf8mb4_unicode_ci;

--
-- Dumping data for table `catatan_karyawan`
--

INSERT INTO `catatan_karyawan` (`id_catatan_karyawan`, `id_penilaian`, `tahun_ajaran`, `catatan`, `created_at`, `updated_at`) VALUES
(5, 1, '2023/2024', 'Yahooo.', '2024-04-29 00:32:34', '2024-05-06 04:11:22');

-- --------------------------------------------------------

--
-- Table structure for table `failed_jobs`
--

CREATE TABLE `failed_jobs` (
  `id` bigint UNSIGNED NOT NULL,
  `uuid` varchar(255) CHARACTER SET utf8mb4 COLLATE utf8mb4_unicode_ci NOT NULL,
  `connection` text CHARACTER SET utf8mb4 COLLATE utf8mb4_unicode_ci NOT NULL,
  `queue` text CHARACTER SET utf8mb4 COLLATE utf8mb4_unicode_ci NOT NULL,
  `payload` longtext CHARACTER SET utf8mb4 COLLATE utf8mb4_unicode_ci NOT NULL,
  `exception` longtext CHARACTER SET utf8mb4 COLLATE utf8mb4_unicode_ci NOT NULL,
  `failed_at` timestamp NOT NULL DEFAULT CURRENT_TIMESTAMP
) ENGINE=InnoDB DEFAULT CHARSET=utf8mb4 COLLATE=utf8mb4_unicode_ci;

-- --------------------------------------------------------

--
-- Table structure for table `group_karyawan`
--

CREATE TABLE `group_karyawan` (
  `id_group_karyawan` bigint UNSIGNED NOT NULL,
  `nama_group_karyawan` varchar(50) COLLATE utf8mb4_unicode_ci NOT NULL,
  `kepala_sekolah` varchar(4) CHARACTER SET utf8mb4 COLLATE utf8mb4_unicode_ci NOT NULL,
  `created_at` timestamp NULL DEFAULT NULL,
  `updated_at` timestamp NULL DEFAULT NULL
) ENGINE=InnoDB DEFAULT CHARSET=utf8mb4 COLLATE=utf8mb4_unicode_ci;

--
-- Dumping data for table `group_karyawan`
--

INSERT INTO `group_karyawan` (`id_group_karyawan`, `nama_group_karyawan`, `kepala_sekolah`, `created_at`, `updated_at`) VALUES
(1, 'SD', 'A9', '2024-04-10 06:33:33', '2024-05-12 22:18:00'),
(26, 'SMP', 'A2', '2024-04-15 17:31:30', '2024-05-13 18:19:50'),
(40, 'SMA', 'A13', '2024-04-25 10:01:50', '2024-05-01 16:39:18');

-- --------------------------------------------------------

--
-- Table structure for table `group_karyawan_detail`
--

CREATE TABLE `group_karyawan_detail` (
  `id_group_karyawan_detail` bigint UNSIGNED NOT NULL,
  `id_group_karyawan` bigint UNSIGNED NOT NULL,
  `kode_alternatif` varchar(4) CHARACTER SET utf8mb4 COLLATE utf8mb4_unicode_ci NOT NULL,
  `created_at` timestamp NULL DEFAULT NULL,
  `updated_at` timestamp NULL DEFAULT NULL
) ENGINE=InnoDB DEFAULT CHARSET=utf8mb4 COLLATE=utf8mb4_unicode_ci;

--
-- Dumping data for table `group_karyawan_detail`
--

INSERT INTO `group_karyawan_detail` (`id_group_karyawan_detail`, `id_group_karyawan`, `kode_alternatif`, `created_at`, `updated_at`) VALUES
(515, 40, 'A43', '2024-05-01 16:39:18', '2024-05-01 16:39:18'),
(516, 40, 'A17', '2024-05-01 16:39:18', '2024-05-01 16:39:18'),
(517, 40, 'A34', '2024-05-01 16:39:18', '2024-05-01 16:39:18'),
(518, 40, 'A12', '2024-05-01 16:39:18', '2024-05-01 16:39:18'),
(519, 40, 'A10', '2024-05-01 16:39:18', '2024-05-01 16:39:18'),
(520, 40, 'A37', '2024-05-01 16:39:18', '2024-05-01 16:39:18'),
(521, 40, 'A24', '2024-05-01 16:39:18', '2024-05-01 16:39:18'),
(522, 40, 'A26', '2024-05-01 16:39:18', '2024-05-01 16:39:18'),
(523, 40, 'A33', '2024-05-01 16:39:18', '2024-05-01 16:39:18'),
(524, 40, 'A29', '2024-05-01 16:39:18', '2024-05-01 16:39:18'),
(525, 40, 'A32', '2024-05-01 16:39:18', '2024-05-01 16:39:18'),
(526, 40, 'A16', '2024-05-01 16:39:18', '2024-05-01 16:39:18'),
(527, 40, 'A40', '2024-05-01 16:39:18', '2024-05-01 16:39:18'),
(528, 40, 'A38', '2024-05-01 16:39:18', '2024-05-01 16:39:18'),
(529, 1, 'A1', '2024-05-12 22:18:00', '2024-05-12 22:18:00'),
(530, 1, 'A6', '2024-05-12 22:18:00', '2024-05-12 22:18:00'),
(531, 1, 'A8', '2024-05-12 22:18:00', '2024-05-12 22:18:00'),
(532, 1, 'A5', '2024-05-12 22:18:00', '2024-05-12 22:18:00'),
(533, 1, 'A4', '2024-05-12 22:18:00', '2024-05-12 22:18:00'),
(534, 1, 'A7', '2024-05-12 22:18:00', '2024-05-12 22:18:00'),
(535, 1, 'A3', '2024-05-12 22:18:00', '2024-05-12 22:18:00'),
(536, 1, 'A15', '2024-05-12 22:18:00', '2024-05-12 22:18:00'),
(537, 1, 'A14', '2024-05-12 22:18:00', '2024-05-12 22:18:00'),
(538, 1, 'A36', '2024-05-12 22:18:00', '2024-05-12 22:18:00'),
(539, 1, 'A45', '2024-05-12 22:18:00', '2024-05-12 22:18:00'),
(540, 1, 'A18', '2024-05-12 22:18:00', '2024-05-12 22:18:00'),
(541, 1, 'A44', '2024-05-12 22:18:00', '2024-05-12 22:18:00'),
(542, 1, 'A28', '2024-05-12 22:18:00', '2024-05-12 22:18:00'),
(571, 26, 'A35', '2024-05-13 18:19:50', '2024-05-13 18:19:50'),
(572, 26, 'A25', '2024-05-13 18:19:50', '2024-05-13 18:19:50'),
(573, 26, 'A11', '2024-05-13 18:19:50', '2024-05-13 18:19:50'),
(574, 26, 'A23', '2024-05-13 18:19:50', '2024-05-13 18:19:50'),
(575, 26, 'A42', '2024-05-13 18:19:50', '2024-05-13 18:19:50'),
(576, 26, 'A20', '2024-05-13 18:19:50', '2024-05-13 18:19:50'),
(577, 26, 'A21', '2024-05-13 18:19:50', '2024-05-13 18:19:50'),
(578, 26, 'A30', '2024-05-13 18:19:50', '2024-05-13 18:19:50'),
(579, 26, 'A22', '2024-05-13 18:19:50', '2024-05-13 18:19:50'),
(580, 26, 'A39', '2024-05-13 18:19:50', '2024-05-13 18:19:50'),
(581, 26, 'A31', '2024-05-13 18:19:50', '2024-05-13 18:19:50'),
(582, 26, 'A19', '2024-05-13 18:19:50', '2024-05-13 18:19:50'),
(583, 26, 'A41', '2024-05-13 18:19:50', '2024-05-13 18:19:50'),
(584, 26, 'A27', '2024-05-13 18:19:50', '2024-05-13 18:19:50');

-- --------------------------------------------------------

--
-- Table structure for table `group_penilaian`
--

CREATE TABLE `group_penilaian` (
  `id_group_penilaian` bigint UNSIGNED NOT NULL,
  `id_group_karyawan` bigint UNSIGNED NOT NULL,
  `alternatif_pertama` varchar(4) COLLATE utf8mb4_unicode_ci NOT NULL,
  `created_at` timestamp NULL DEFAULT NULL,
  `updated_at` timestamp NULL DEFAULT NULL
) ENGINE=InnoDB DEFAULT CHARSET=utf8mb4 COLLATE=utf8mb4_unicode_ci;

--
-- Dumping data for table `group_penilaian`
--

INSERT INTO `group_penilaian` (`id_group_penilaian`, `id_group_karyawan`, `alternatif_pertama`, `created_at`, `updated_at`) VALUES
(11, 40, 'A13', '2024-04-25 10:39:32', '2024-04-25 10:39:32'),
(12, 40, 'A43', '2024-04-25 10:39:32', '2024-04-25 10:39:32'),
(13, 40, 'A17', '2024-04-25 10:39:32', '2024-04-25 10:39:32'),
(14, 40, 'A34', '2024-04-25 10:39:32', '2024-04-25 10:39:32'),
(15, 40, 'A12', '2024-04-25 10:39:32', '2024-04-25 10:39:32'),
(16, 40, 'A10', '2024-04-25 10:39:32', '2024-04-25 10:39:32'),
(17, 40, 'A37', '2024-04-25 10:39:32', '2024-04-25 10:39:32'),
(18, 40, 'A24', '2024-04-25 10:39:32', '2024-04-25 10:39:32'),
(19, 40, 'A26', '2024-04-25 10:39:32', '2024-04-25 10:39:32'),
(20, 40, 'A33', '2024-04-25 10:39:32', '2024-04-25 10:39:32'),
(21, 40, 'A29', '2024-04-25 10:39:32', '2024-04-25 10:39:32'),
(22, 40, 'A32', '2024-04-25 10:39:32', '2024-04-25 10:39:32'),
(23, 40, 'A16', '2024-04-25 10:39:32', '2024-04-25 10:39:32'),
(24, 40, 'A40', '2024-04-25 10:39:32', '2024-04-25 10:39:32'),
(25, 40, 'A38', '2024-04-25 10:39:32', '2024-04-25 10:39:32'),
(26, 1, 'A9', NULL, '2024-05-12 22:23:05'),
(27, 1, 'A1', NULL, '2024-05-12 22:23:05'),
(28, 1, 'A6', NULL, '2024-05-12 22:23:05'),
(29, 1, 'A8', NULL, '2024-05-12 22:23:05'),
(30, 1, 'A5', NULL, '2024-05-12 22:23:05'),
(31, 1, 'A4', NULL, '2024-05-12 22:23:05'),
(32, 1, 'A7', NULL, '2024-05-12 22:23:05'),
(33, 1, 'A3', NULL, '2024-05-12 22:23:05'),
(34, 1, 'A15', NULL, '2024-05-12 22:23:05'),
(35, 1, 'A14', NULL, '2024-05-12 22:23:05'),
(36, 1, 'A36', NULL, '2024-05-12 22:23:05'),
(37, 1, 'A45', NULL, '2024-05-12 22:23:05'),
(38, 1, 'A18', NULL, '2024-05-12 22:23:05'),
(39, 1, 'A44', NULL, '2024-05-12 22:23:05'),
(40, 1, 'A28', NULL, '2024-05-12 22:23:05'),
(41, 26, 'A2', NULL, '2024-05-13 18:22:40'),
(42, 26, 'A35', NULL, '2024-05-13 18:22:40'),
(43, 26, 'A25', NULL, '2024-05-13 18:22:40'),
(44, 26, 'A11', NULL, '2024-05-13 18:22:40'),
(45, 26, 'A23', NULL, '2024-05-13 18:22:40'),
(46, 26, 'A42', NULL, '2024-05-13 18:22:40'),
(47, 26, 'A20', NULL, '2024-05-13 18:22:40'),
(48, 26, 'A21', NULL, '2024-05-13 18:22:40'),
(49, 26, 'A30', NULL, '2024-05-13 18:22:40'),
(50, 26, 'A22', NULL, '2024-05-13 18:22:40'),
(51, 26, 'A39', NULL, '2024-05-13 18:22:40'),
(52, 26, 'A31', NULL, '2024-05-13 18:22:40'),
(53, 26, 'A19', NULL, '2024-05-13 18:22:40'),
(54, 26, 'A41', NULL, '2024-05-13 18:22:40'),
(55, 26, 'A27', NULL, '2024-05-13 18:22:40');

-- --------------------------------------------------------

--
-- Table structure for table `group_penilaian_detail`
--

CREATE TABLE `group_penilaian_detail` (
  `id_group_penilaian_detail` bigint UNSIGNED NOT NULL,
  `id_group_penilaian` bigint UNSIGNED NOT NULL,
  `alternatif_kedua` varchar(4) COLLATE utf8mb4_unicode_ci NOT NULL,
  `created_at` timestamp NULL DEFAULT NULL,
  `updated_at` timestamp NULL DEFAULT NULL
) ENGINE=InnoDB DEFAULT CHARSET=utf8mb4 COLLATE=utf8mb4_unicode_ci;

--
-- Dumping data for table `group_penilaian_detail`
--

INSERT INTO `group_penilaian_detail` (`id_group_penilaian_detail`, `id_group_penilaian`, `alternatif_kedua`, `created_at`, `updated_at`) VALUES
(30, 11, 'A43', '2024-04-25 10:39:32', '2024-04-25 10:39:32'),
(31, 11, 'A17', '2024-04-25 10:39:32', '2024-04-25 10:39:32'),
(32, 11, 'A34', '2024-04-25 10:39:32', '2024-04-25 10:39:32'),
(33, 11, 'A12', '2024-04-25 10:39:32', '2024-04-25 10:39:32'),
(34, 11, 'A10', '2024-04-25 10:39:32', '2024-04-25 10:39:32'),
(35, 11, 'A37', '2024-04-25 10:39:32', '2024-04-25 10:39:32'),
(36, 11, 'A24', '2024-04-25 10:39:32', '2024-04-25 10:39:32'),
(37, 11, 'A26', '2024-04-25 10:39:32', '2024-04-25 10:39:32'),
(38, 11, 'A33', '2024-04-25 10:39:32', '2024-04-25 10:39:32'),
(39, 11, 'A29', '2024-04-25 10:39:32', '2024-04-25 10:39:32'),
(40, 11, 'A32', '2024-04-25 10:39:32', '2024-04-25 10:39:32'),
(41, 11, 'A16', '2024-04-25 10:39:32', '2024-04-25 10:39:32'),
(42, 11, 'A40', '2024-04-25 10:39:32', '2024-04-25 10:39:32'),
(43, 11, 'A38', '2024-04-25 10:39:32', '2024-04-25 10:39:32'),
(44, 12, 'A13', '2024-04-25 10:39:32', '2024-04-25 10:39:32'),
(45, 12, 'A17', '2024-04-25 10:39:32', '2024-04-25 10:39:32'),
(46, 12, 'A34', '2024-04-25 10:39:32', '2024-04-25 10:39:32'),
(47, 12, 'A12', '2024-04-25 10:39:32', '2024-04-25 10:39:32'),
(48, 13, 'A13', '2024-04-25 10:39:32', '2024-04-25 10:39:32'),
(49, 13, 'A43', '2024-04-25 10:39:32', '2024-04-25 10:39:32'),
(50, 13, 'A34', '2024-04-25 10:39:32', '2024-04-25 10:39:32'),
(51, 13, 'A12', '2024-04-25 10:39:32', '2024-04-25 10:39:32'),
(52, 14, 'A13', '2024-04-25 10:39:32', '2024-04-25 10:39:32'),
(53, 14, 'A43', '2024-04-25 10:39:32', '2024-04-25 10:39:32'),
(54, 14, 'A17', '2024-04-25 10:39:32', '2024-04-25 10:39:32'),
(55, 14, 'A12', '2024-04-25 10:39:32', '2024-04-25 10:39:32'),
(56, 15, 'A13', '2024-04-25 10:39:32', '2024-04-25 10:39:32'),
(57, 15, 'A43', '2024-04-25 10:39:32', '2024-04-25 10:39:32'),
(58, 15, 'A17', '2024-04-25 10:39:32', '2024-04-25 10:39:32'),
(59, 15, 'A34', '2024-04-25 10:39:32', '2024-04-25 10:39:32'),
(60, 16, 'A13', '2024-04-25 10:39:32', '2024-04-25 10:39:32'),
(61, 16, 'A37', '2024-04-25 10:39:32', '2024-04-25 10:39:32'),
(62, 16, 'A24', '2024-04-25 10:39:32', '2024-04-25 10:39:32'),
(63, 16, 'A26', '2024-04-25 10:39:32', '2024-04-25 10:39:32'),
(64, 17, 'A13', '2024-04-25 10:39:32', '2024-04-25 10:39:32'),
(65, 17, 'A10', '2024-04-25 10:39:32', '2024-04-25 10:39:32'),
(66, 17, 'A24', '2024-04-25 10:39:32', '2024-04-25 10:39:32'),
(67, 17, 'A26', '2024-04-25 10:39:32', '2024-04-25 10:39:32'),
(68, 18, 'A13', '2024-04-25 10:39:32', '2024-04-25 10:39:32'),
(69, 18, 'A10', '2024-04-25 10:39:32', '2024-04-25 10:39:32'),
(70, 18, 'A37', '2024-04-25 10:39:32', '2024-04-25 10:39:32'),
(71, 18, 'A26', '2024-04-25 10:39:32', '2024-04-25 10:39:32'),
(72, 19, 'A13', '2024-04-25 10:39:32', '2024-04-25 10:39:32'),
(73, 19, 'A10', '2024-04-25 10:39:32', '2024-04-25 10:39:32'),
(74, 19, 'A37', '2024-04-25 10:39:32', '2024-04-25 10:39:32'),
(75, 19, 'A24', '2024-04-25 10:39:32', '2024-04-25 10:39:32'),
(76, 20, 'A13', '2024-04-25 10:39:32', '2024-04-25 10:39:32'),
(77, 20, 'A29', '2024-04-25 10:39:32', '2024-04-25 10:39:32'),
(78, 20, 'A32', '2024-04-25 10:39:32', '2024-04-25 10:39:32'),
(79, 20, 'A16', '2024-04-25 10:39:32', '2024-04-25 10:39:32'),
(80, 21, 'A13', '2024-04-25 10:39:32', '2024-04-25 10:39:32'),
(81, 21, 'A33', '2024-04-25 10:39:32', '2024-04-25 10:39:32'),
(82, 21, 'A32', '2024-04-25 10:39:32', '2024-04-25 10:39:32'),
(83, 21, 'A16', '2024-04-25 10:39:32', '2024-04-25 10:39:32'),
(84, 22, 'A13', '2024-04-25 10:39:32', '2024-04-25 10:39:32'),
(85, 22, 'A33', '2024-04-25 10:39:32', '2024-04-25 10:39:32'),
(86, 22, 'A29', '2024-04-25 10:39:32', '2024-04-25 10:39:32'),
(87, 22, 'A16', '2024-04-25 10:39:32', '2024-04-25 10:39:32'),
(88, 23, 'A13', '2024-04-25 10:39:32', '2024-04-25 10:39:32'),
(89, 23, 'A33', '2024-04-25 10:39:32', '2024-04-25 10:39:32'),
(90, 23, 'A29', '2024-04-25 10:39:32', '2024-04-25 10:39:32'),
(91, 23, 'A32', '2024-04-25 10:39:32', '2024-04-25 10:39:32'),
(92, 24, 'A13', '2024-04-25 10:39:32', '2024-04-25 10:39:32'),
(93, 24, 'A38', '2024-04-25 10:39:32', '2024-04-25 10:39:32'),
(94, 25, 'A13', '2024-04-25 10:39:32', '2024-04-25 10:39:32'),
(95, 25, 'A40', '2024-04-25 10:39:32', '2024-04-25 10:39:32'),
(100, 27, 'A9', '2024-05-12 22:23:05', '2024-05-12 22:23:05'),
(101, 27, 'A6', '2024-05-12 22:23:05', '2024-05-12 22:23:05'),
(102, 27, 'A8', '2024-05-12 22:23:05', '2024-05-12 22:23:05'),
(103, 27, 'A5', '2024-05-12 22:23:05', '2024-05-12 22:23:05'),
(104, 28, 'A9', '2024-05-12 22:23:05', '2024-05-12 22:23:05'),
(105, 28, 'A1', '2024-05-12 22:23:05', '2024-05-12 22:23:05'),
(106, 28, 'A8', '2024-05-12 22:23:05', '2024-05-12 22:23:05'),
(107, 28, 'A5', '2024-05-12 22:23:05', '2024-05-12 22:23:05'),
(108, 29, 'A9', '2024-05-12 22:23:05', '2024-05-12 22:23:05'),
(109, 29, 'A1', '2024-05-12 22:23:05', '2024-05-12 22:23:05'),
(110, 29, 'A6', '2024-05-12 22:23:05', '2024-05-12 22:23:05'),
(111, 29, 'A5', '2024-05-12 22:23:05', '2024-05-12 22:23:05'),
(112, 30, 'A9', '2024-05-12 22:23:05', '2024-05-12 22:23:05'),
(113, 30, 'A1', '2024-05-12 22:23:05', '2024-05-12 22:23:05'),
(114, 30, 'A6', '2024-05-12 22:23:05', '2024-05-12 22:23:05'),
(115, 30, 'A8', '2024-05-12 22:23:05', '2024-05-12 22:23:05'),
(116, 31, 'A9', '2024-05-12 22:23:05', '2024-05-12 22:23:05'),
(117, 31, 'A7', '2024-05-12 22:23:05', '2024-05-12 22:23:05'),
(118, 31, 'A3', '2024-05-12 22:23:05', '2024-05-12 22:23:05'),
(119, 31, 'A15', '2024-05-12 22:23:05', '2024-05-12 22:23:05'),
(120, 31, 'A14', '2024-05-12 22:23:05', '2024-05-12 22:23:05'),
(121, 32, 'A9', '2024-05-12 22:23:05', '2024-05-12 22:23:05'),
(122, 32, 'A4', '2024-05-12 22:23:05', '2024-05-12 22:23:05'),
(123, 32, 'A3', '2024-05-12 22:23:05', '2024-05-12 22:23:05'),
(124, 32, 'A15', '2024-05-12 22:23:05', '2024-05-12 22:23:05'),
(125, 32, 'A14', '2024-05-12 22:23:05', '2024-05-12 22:23:05'),
(126, 33, 'A9', '2024-05-12 22:23:05', '2024-05-12 22:23:05'),
(127, 33, 'A7', '2024-05-12 22:23:05', '2024-05-12 22:23:05'),
(128, 33, 'A15', '2024-05-12 22:23:05', '2024-05-12 22:23:05'),
(129, 33, 'A14', '2024-05-12 22:23:05', '2024-05-12 22:23:05'),
(130, 34, 'A9', '2024-05-12 22:23:05', '2024-05-12 22:23:05'),
(131, 34, 'A4', '2024-05-12 22:23:05', '2024-05-12 22:23:05'),
(132, 34, 'A7', '2024-05-12 22:23:05', '2024-05-12 22:23:05'),
(133, 34, 'A3', '2024-05-12 22:23:05', '2024-05-12 22:23:05'),
(134, 34, 'A14', '2024-05-12 22:23:05', '2024-05-12 22:23:05'),
(135, 35, 'A9', '2024-05-12 22:23:05', '2024-05-12 22:23:05'),
(136, 35, 'A4', '2024-05-12 22:23:05', '2024-05-12 22:23:05'),
(137, 35, 'A7', '2024-05-12 22:23:05', '2024-05-12 22:23:05'),
(138, 35, 'A3', '2024-05-12 22:23:05', '2024-05-12 22:23:05'),
(139, 35, 'A15', '2024-05-12 22:23:05', '2024-05-12 22:23:05'),
(140, 36, 'A9', '2024-05-12 22:23:05', '2024-05-12 22:23:05'),
(141, 36, 'A45', '2024-05-12 22:23:05', '2024-05-12 22:23:05'),
(142, 36, 'A18', '2024-05-12 22:23:05', '2024-05-12 22:23:05'),
(143, 36, 'A44', '2024-05-12 22:23:05', '2024-05-12 22:23:05'),
(144, 36, 'A28', '2024-05-12 22:23:05', '2024-05-12 22:23:05'),
(145, 37, 'A9', '2024-05-12 22:23:05', '2024-05-12 22:23:05'),
(146, 37, 'A36', '2024-05-12 22:23:05', '2024-05-12 22:23:05'),
(147, 37, 'A18', '2024-05-12 22:23:05', '2024-05-12 22:23:05'),
(148, 37, 'A44', '2024-05-12 22:23:05', '2024-05-12 22:23:05'),
(149, 37, 'A28', '2024-05-12 22:23:05', '2024-05-12 22:23:05'),
(150, 38, 'A9', '2024-05-12 22:23:05', '2024-05-12 22:23:05'),
(151, 38, 'A36', '2024-05-12 22:23:05', '2024-05-12 22:23:05'),
(152, 38, 'A45', '2024-05-12 22:23:05', '2024-05-12 22:23:05'),
(153, 38, 'A44', '2024-05-12 22:23:05', '2024-05-12 22:23:05'),
(154, 38, 'A28', '2024-05-12 22:23:05', '2024-05-12 22:23:05'),
(155, 39, 'A9', '2024-05-12 22:23:05', '2024-05-12 22:23:05'),
(156, 39, 'A36', '2024-05-12 22:23:05', '2024-05-12 22:23:05'),
(157, 39, 'A45', '2024-05-12 22:23:05', '2024-05-12 22:23:05'),
(158, 39, 'A18', '2024-05-12 22:23:05', '2024-05-12 22:23:05'),
(159, 39, 'A28', '2024-05-12 22:23:05', '2024-05-12 22:23:05'),
(160, 40, 'A9', '2024-05-12 22:23:05', '2024-05-12 22:23:05'),
(161, 40, 'A36', '2024-05-12 22:23:05', '2024-05-12 22:23:05'),
(162, 40, 'A45', '2024-05-12 22:23:05', '2024-05-12 22:23:05'),
(163, 40, 'A18', '2024-05-12 22:23:05', '2024-05-12 22:23:05'),
(164, 40, 'A44', '2024-05-12 22:23:05', '2024-05-12 22:23:05'),
(165, 41, 'A35', '2024-05-13 18:22:40', '2024-05-13 18:22:40'),
(166, 41, 'A25', '2024-05-13 18:22:40', '2024-05-13 18:22:40'),
(167, 41, 'A11', '2024-05-13 18:22:40', '2024-05-13 18:22:40'),
(168, 41, 'A23', '2024-05-13 18:22:40', '2024-05-13 18:22:40'),
(169, 41, 'A42', '2024-05-13 18:22:40', '2024-05-13 18:22:40'),
(170, 42, 'A2', '2024-05-13 18:22:40', '2024-05-13 18:22:40'),
(171, 42, 'A25', '2024-05-13 18:22:40', '2024-05-13 18:22:40'),
(172, 42, 'A11', '2024-05-13 18:22:40', '2024-05-13 18:22:40'),
(173, 42, 'A23', '2024-05-13 18:22:40', '2024-05-13 18:22:40'),
(174, 42, 'A42', '2024-05-13 18:22:40', '2024-05-13 18:22:40'),
(175, 43, 'A2', '2024-05-13 18:22:40', '2024-05-13 18:22:40'),
(176, 43, 'A35', '2024-05-13 18:22:40', '2024-05-13 18:22:40'),
(177, 43, 'A11', '2024-05-13 18:22:40', '2024-05-13 18:22:40'),
(178, 43, 'A23', '2024-05-13 18:22:40', '2024-05-13 18:22:40'),
(179, 43, 'A42', '2024-05-13 18:22:40', '2024-05-13 18:22:40'),
(180, 44, 'A2', '2024-05-13 18:22:40', '2024-05-13 18:22:40'),
(181, 44, 'A35', '2024-05-13 18:22:40', '2024-05-13 18:22:40'),
(182, 44, 'A25', '2024-05-13 18:22:40', '2024-05-13 18:22:40'),
(183, 44, 'A23', '2024-05-13 18:22:40', '2024-05-13 18:22:40'),
(184, 44, 'A42', '2024-05-13 18:22:40', '2024-05-13 18:22:40'),
(185, 45, 'A2', '2024-05-13 18:22:40', '2024-05-13 18:22:40'),
(186, 45, 'A35', '2024-05-13 18:22:40', '2024-05-13 18:22:40'),
(187, 45, 'A25', '2024-05-13 18:22:40', '2024-05-13 18:22:40'),
(188, 45, 'A11', '2024-05-13 18:22:40', '2024-05-13 18:22:40'),
(189, 45, 'A42', '2024-05-13 18:22:40', '2024-05-13 18:22:40'),
(190, 46, 'A2', '2024-05-13 18:22:40', '2024-05-13 18:22:40'),
(191, 46, 'A35', '2024-05-13 18:22:40', '2024-05-13 18:22:40'),
(192, 46, 'A25', '2024-05-13 18:22:40', '2024-05-13 18:22:40'),
(193, 46, 'A11', '2024-05-13 18:22:40', '2024-05-13 18:22:40'),
(194, 46, 'A23', '2024-05-13 18:22:40', '2024-05-13 18:22:40'),
(195, 47, 'A2', '2024-05-13 18:22:40', '2024-05-13 18:22:40'),
(196, 47, 'A21', '2024-05-13 18:22:40', '2024-05-13 18:22:40'),
(197, 47, 'A30', '2024-05-13 18:22:40', '2024-05-13 18:22:40'),
(198, 47, 'A22', '2024-05-13 18:22:40', '2024-05-13 18:22:40'),
(199, 47, 'A39', '2024-05-13 18:22:40', '2024-05-13 18:22:40'),
(200, 48, 'A2', '2024-05-13 18:22:40', '2024-05-13 18:22:40'),
(201, 48, 'A20', '2024-05-13 18:22:40', '2024-05-13 18:22:40'),
(202, 48, 'A30', '2024-05-13 18:22:40', '2024-05-13 18:22:40'),
(203, 48, 'A22', '2024-05-13 18:22:40', '2024-05-13 18:22:40'),
(204, 48, 'A39', '2024-05-13 18:22:40', '2024-05-13 18:22:40'),
(205, 49, 'A2', '2024-05-13 18:22:40', '2024-05-13 18:22:40'),
(206, 49, 'A20', '2024-05-13 18:22:40', '2024-05-13 18:22:40'),
(207, 49, 'A21', '2024-05-13 18:22:40', '2024-05-13 18:22:40'),
(208, 49, 'A22', '2024-05-13 18:22:40', '2024-05-13 18:22:40'),
(209, 49, 'A39', '2024-05-13 18:22:40', '2024-05-13 18:22:40'),
(210, 50, 'A2', '2024-05-13 18:22:40', '2024-05-13 18:22:40'),
(211, 50, 'A20', '2024-05-13 18:22:40', '2024-05-13 18:22:40'),
(212, 50, 'A21', '2024-05-13 18:22:40', '2024-05-13 18:22:40'),
(213, 50, 'A30', '2024-05-13 18:22:40', '2024-05-13 18:22:40'),
(214, 50, 'A39', '2024-05-13 18:22:40', '2024-05-13 18:22:40'),
(215, 51, 'A2', '2024-05-13 18:22:40', '2024-05-13 18:22:40'),
(216, 51, 'A20', '2024-05-13 18:22:40', '2024-05-13 18:22:40'),
(217, 51, 'A21', '2024-05-13 18:22:40', '2024-05-13 18:22:40'),
(218, 51, 'A30', '2024-05-13 18:22:40', '2024-05-13 18:22:40'),
(219, 51, 'A22', '2024-05-13 18:22:40', '2024-05-13 18:22:40'),
(220, 52, 'A2', '2024-05-13 18:22:40', '2024-05-13 18:22:40'),
(221, 52, 'A39', '2024-05-13 18:22:40', '2024-05-13 18:22:40'),
(222, 52, 'A19', '2024-05-13 18:22:40', '2024-05-13 18:22:40'),
(223, 52, 'A41', '2024-05-13 18:22:40', '2024-05-13 18:22:40'),
(224, 52, 'A27', '2024-05-13 18:22:40', '2024-05-13 18:22:40'),
(225, 53, 'A2', '2024-05-13 18:22:40', '2024-05-13 18:22:40'),
(226, 53, 'A39', '2024-05-13 18:22:40', '2024-05-13 18:22:40'),
(227, 53, 'A31', '2024-05-13 18:22:40', '2024-05-13 18:22:40'),
(228, 53, 'A41', '2024-05-13 18:22:40', '2024-05-13 18:22:40'),
(229, 53, 'A27', '2024-05-13 18:22:40', '2024-05-13 18:22:40'),
(230, 54, 'A2', '2024-05-13 18:22:40', '2024-05-13 18:22:40'),
(231, 54, 'A39', '2024-05-13 18:22:40', '2024-05-13 18:22:40'),
(232, 54, 'A31', '2024-05-13 18:22:40', '2024-05-13 18:22:40'),
(233, 54, 'A19', '2024-05-13 18:22:40', '2024-05-13 18:22:40'),
(234, 54, 'A27', '2024-05-13 18:22:40', '2024-05-13 18:22:40'),
(235, 55, 'A2', '2024-05-13 18:22:40', '2024-05-13 18:22:40'),
(236, 55, 'A39', '2024-05-13 18:22:40', '2024-05-13 18:22:40'),
(237, 55, 'A31', '2024-05-13 18:22:40', '2024-05-13 18:22:40'),
(238, 55, 'A19', '2024-05-13 18:22:40', '2024-05-13 18:22:40'),
(239, 55, 'A41', '2024-05-13 18:22:40', '2024-05-13 18:22:40');

-- --------------------------------------------------------

--
-- Table structure for table `indikator_subkriteria`
--

CREATE TABLE `indikator_subkriteria` (
  `id_indikator_subkriteria` bigint UNSIGNED NOT NULL,
  `kode_subkriteria` varchar(6) CHARACTER SET utf8mb4 COLLATE utf8mb4_unicode_ci NOT NULL,
  `indikator_subkriteria` varchar(2000) COLLATE utf8mb4_unicode_ci NOT NULL,
  `created_at` timestamp NULL DEFAULT NULL,
  `updated_at` timestamp NULL DEFAULT NULL
) ENGINE=InnoDB DEFAULT CHARSET=utf8mb4 COLLATE=utf8mb4_unicode_ci;

--
-- Dumping data for table `indikator_subkriteria`
--

INSERT INTO `indikator_subkriteria` (`id_indikator_subkriteria`, `kode_subkriteria`, `indikator_subkriteria`, `created_at`, `updated_at`) VALUES
(1, 'SK1.1', 'Menjalankan nilai-nilai Alkitab.', '2024-03-08 02:11:24', '2024-03-14 05:43:43'),
(2, 'SK1.1', 'Melakukan tanggung jawab selaras dengan etika kerja dan aturan instansi.', '2024-03-08 02:11:24', '2024-03-14 05:43:43'),
(3, 'SK1.1', 'Menghadapi dan menyelesaikan konflik dengan tepat.', '2024-03-08 02:11:24', '2024-03-14 05:43:43'),
(4, 'SK1.2', 'Melaksanakan tugas dengan percaya diri dan penuh tanggung jawab.', '2024-03-08 02:11:24', '2024-03-14 05:43:50'),
(5, 'SK1.2', 'Mampu membagikan visi instansi kepada orang lain.', '2024-03-08 02:11:24', '2024-03-14 05:43:50'),
(6, 'SK1.2', 'Memberikan pertolongan bagi orang lain sesuai kemampuan yang dimiliki.', '2024-03-08 02:11:24', '2024-03-14 05:43:50'),
(7, 'SK1.2', 'Memberdayakan orang lain.', '2024-03-08 02:11:24', '2024-03-14 05:43:50'),
(8, 'SK1.3', 'Menghargai dan memperlakukan orang lain secara terhormat.', '2024-03-08 02:11:24', '2024-03-14 05:43:57'),
(9, 'SK1.3', 'Bekerja sama dengan orang lain, saling membantu satu sama lainnya dalam mewujudkan tujuan bersama.', '2024-03-08 02:11:24', '2024-03-14 05:43:57'),
(10, 'SK1.3', 'Memelihara ciptaan Tuhan, menjaga dan melestarikan lingkungan.', '2024-03-08 02:11:24', '2024-03-14 05:43:57'),
(11, 'SK2.1', 'Guru menyiapkan fisik dan psikis murid dengan menyapa dan memberi salam.', '2024-03-08 02:11:24', '2024-03-14 05:44:18'),
(12, 'SK2.2', 'Guru mengajukan pertanyaan pemantik yang menantang untuk memotivasi murid.', '2024-03-08 02:11:24', '2024-03-14 05:44:31'),
(13, 'SK2.3', 'Guru menyampaikan capaian pembelajaran dan tujuan pembelajaran yang akan dicapai.', '2024-03-08 02:11:24', '2024-03-14 05:44:36'),
(14, 'SK2.4', 'Guru menyampaikan topik materi ajar untuk mengarahkan siswa menjawab pertanyaan pemantik sesuai dengan tujuan pembelajaran.', '2024-03-08 02:11:24', '2024-03-14 05:44:50'),
(15, 'SK2.5', 'Guru melaksanakan pembelajaran yang kontekstual untuk menumbuhkan dan mengembangkan keterampilan, kebiasaan dan sikap positif sesuai dengan alokasi waktu yang direncanakan.', '2024-03-08 02:11:24', '2024-03-14 05:44:59'),
(16, 'SK2.5', 'Guru melaksanakan pembelajaran yang menumbuhkan partisipasi aktif murid dalam mengajukan pertanyaan.', '2024-03-08 02:11:24', '2024-03-14 05:44:59'),
(17, 'SK2.6', 'Melaksanakan pembelajaran yang mengasah kemampuan Creativity, Critical, Communication, Collaboration thinking (menumbuhkan KSE Murid).', '2024-03-08 02:11:24', '2024-03-14 05:45:07'),
(18, 'SK2.7', 'Menciptakan suasana kelas yang kondusif untuk proses belajar mengajar (sesuai dengan kesepakatan kelas dan KSE).', '2024-03-08 02:11:24', '2024-03-14 05:45:15'),
(19, 'SK2.7', 'Mengomunikasikan pesan bahwa guru percaya akan kemampuan semua murid untuk belajar dan berprestasi secara akademik.', '2024-03-08 02:11:24', '2024-03-14 05:45:15'),
(20, 'SK2.7', 'Melaksanakan praktik adaptasi pengajaran sebagai respon atas umpan balik dan respon murid terhadap kebutuhan belajarnya, dapat memberikan konten materi berbeda dalam capaian pembelajaran yang sama di beberapa kelompok (Diferensiasi Konten).', '2024-03-08 02:11:24', '2024-03-14 05:45:15'),
(21, 'SK2.7', 'Menunjukkan keterampilan dalam penggunaan sumber belajar yang bervariasi dalam bentuk visual, Audio dan kinestetik (Diferensiasi Proses).', '2024-03-08 02:11:24', '2024-03-14 05:45:15'),
(22, 'SK2.7', 'Menunjukkan keterampilan dalam penggunaan media pembelajaran.', '2024-03-08 02:11:24', '2024-03-14 05:45:15'),
(23, 'SK2.7', 'Guru dapat menggunakan bahasa lisan secara jelas dan dapat menggunakan bahasa tulis yang baik dan benar (komunikasi efektif).', '2024-03-08 02:11:24', '2024-03-14 05:45:15'),
(24, 'SK2.8', 'Melakukan pengajaran yang mendorong keterampilan literasi dan numerasi murid.', '2024-03-08 02:11:24', '2024-03-14 05:45:24'),
(25, 'SK2.9', 'Memfasilitasi dan membimbing murid merangkum materi pelajaran. (refleksi)', '2024-03-08 02:11:24', '2024-03-14 05:45:31'),
(26, 'SK3.1', 'Melaksanakan penilaian produk melalui proyek / hasil produk (Diferensiasi Produk).', '2024-03-08 02:11:24', '2024-03-14 05:45:46'),
(27, 'SK3.2', 'RPP dan berkas administrasi yang lengkap dan memenuhi aspek sesuai ketentuan.', '2024-03-08 02:11:24', '2024-03-14 05:45:42'),
(28, 'SK3.2', 'Ketepatan waktu kehadiran dan penyerahan berkas.', '2024-03-08 02:11:24', '2024-03-14 05:45:42'),
(29, 'SK3.2', 'Keikutsertaan dalam kegiatan wajib di luar jam kerja.', '2024-03-08 02:11:24', '2024-03-14 05:45:42'),
(30, 'SK3.2', 'Kehadiran (presensi).', '2024-03-08 02:11:24', '2024-03-14 05:45:42');

-- --------------------------------------------------------

--
-- Table structure for table `jobs`
--

CREATE TABLE `jobs` (
  `id` bigint UNSIGNED NOT NULL,
  `queue` varchar(255) COLLATE utf8mb4_unicode_ci NOT NULL,
  `payload` longtext COLLATE utf8mb4_unicode_ci NOT NULL,
  `attempts` tinyint UNSIGNED NOT NULL,
  `reserved_at` int UNSIGNED DEFAULT NULL,
  `available_at` int UNSIGNED NOT NULL,
  `created_at` int UNSIGNED NOT NULL
) ENGINE=InnoDB DEFAULT CHARSET=utf8mb4 COLLATE=utf8mb4_unicode_ci;

-- --------------------------------------------------------

--
-- Table structure for table `kriteria`
--

CREATE TABLE `kriteria` (
  `id_kriteria` bigint UNSIGNED NOT NULL,
  `kode_kriteria` varchar(3) CHARACTER SET utf8mb4 COLLATE utf8mb4_unicode_ci NOT NULL,
  `nama_kriteria` varchar(255) COLLATE utf8mb4_unicode_ci NOT NULL,
  `bobot_kriteria` double NOT NULL,
  `created_at` timestamp NULL DEFAULT NULL,
  `updated_at` timestamp NULL DEFAULT NULL
) ENGINE=InnoDB DEFAULT CHARSET=utf8mb4 COLLATE=utf8mb4_unicode_ci;

--
-- Dumping data for table `kriteria`
--

INSERT INTO `kriteria` (`id_kriteria`, `kode_kriteria`, `nama_kriteria`, `bobot_kriteria`, `created_at`, `updated_at`) VALUES
(1, 'K1', 'Kompetensi', 40, '2024-01-24 15:13:54', '2024-01-24 15:13:54'),
(2, 'K2', 'Keterampilan Mengelola Proses Belajar Mengajar', 40, '2024-01-24 15:14:10', '2024-01-24 15:14:10'),
(3, 'K3', 'Kepatuhan', 20, '2024-01-24 15:14:28', '2024-03-14 05:38:54');

-- --------------------------------------------------------

--
-- Table structure for table `migrations`
--

CREATE TABLE `migrations` (
  `id` int UNSIGNED NOT NULL,
  `migration` varchar(255) CHARACTER SET utf8mb4 COLLATE utf8mb4_unicode_ci NOT NULL,
  `batch` int NOT NULL
) ENGINE=InnoDB DEFAULT CHARSET=utf8mb4 COLLATE=utf8mb4_unicode_ci;

--
-- Dumping data for table `migrations`
--

INSERT INTO `migrations` (`id`, `migration`, `batch`) VALUES
(1, '2024_05_05_233153_create_jobs_table', 1);

-- --------------------------------------------------------

--
-- Table structure for table `nilai_skala`
--

CREATE TABLE `nilai_skala` (
  `id_nilai_skala` bigint UNSIGNED NOT NULL,
  `skala` enum('1','2','3','4') COLLATE utf8mb4_unicode_ci NOT NULL,
  `nilai_skala` double NOT NULL,
  `created_at` timestamp NULL DEFAULT NULL,
  `updated_at` timestamp NULL DEFAULT NULL
) ENGINE=InnoDB DEFAULT CHARSET=utf8mb4 COLLATE=utf8mb4_unicode_ci;

--
-- Dumping data for table `nilai_skala`
--

INSERT INTO `nilai_skala` (`id_nilai_skala`, `skala`, `nilai_skala`, `created_at`, `updated_at`) VALUES
(1, '1', 70, '2023-12-24 23:31:08', '2024-04-20 22:07:25'),
(2, '2', 75, '2023-12-24 23:31:08', '2024-04-20 22:07:25'),
(3, '3', 85, '2023-12-24 23:31:08', '2024-04-20 22:07:25'),
(4, '4', 100, '2023-12-24 23:31:08', '2024-04-20 22:07:25');

-- --------------------------------------------------------

--
-- Table structure for table `password_reset_tokens`
--

CREATE TABLE `password_reset_tokens` (
  `email` varchar(255) CHARACTER SET utf8mb4 COLLATE utf8mb4_unicode_ci NOT NULL,
  `token` varchar(255) CHARACTER SET utf8mb4 COLLATE utf8mb4_unicode_ci NOT NULL,
  `created_at` timestamp NULL DEFAULT NULL
) ENGINE=InnoDB DEFAULT CHARSET=utf8mb4 COLLATE=utf8mb4_unicode_ci;

-- --------------------------------------------------------

--
-- Table structure for table `penilaian`
--

CREATE TABLE `penilaian` (
  `id_penilaian` bigint UNSIGNED NOT NULL,
  `tahun_ajaran` varchar(9) COLLATE utf8mb4_unicode_ci NOT NULL,
  `alternatif_pertama` varchar(3) COLLATE utf8mb4_unicode_ci NOT NULL,
  `alternatif_kedua` varchar(3) COLLATE utf8mb4_unicode_ci NOT NULL,
  `status` enum('Disetujui','Tidak Disetujui') CHARACTER SET utf8mb4 COLLATE utf8mb4_unicode_ci DEFAULT NULL,
  `created_at` timestamp NULL DEFAULT NULL,
  `updated_at` timestamp NULL DEFAULT NULL
) ENGINE=InnoDB DEFAULT CHARSET=utf8mb4 COLLATE=utf8mb4_unicode_ci;

--
-- Dumping data for table `penilaian`
--

INSERT INTO `penilaian` (`id_penilaian`, `tahun_ajaran`, `alternatif_pertama`, `alternatif_kedua`, `status`, `created_at`, `updated_at`) VALUES
(1, '2023/2024', 'A13', 'A13', 'Disetujui', '2024-05-08 15:50:27', '2024-05-08 15:50:27'),
(2, '2023/2024', 'A13', 'A43', 'Disetujui', '2024-05-08 15:50:27', '2024-05-08 15:50:27'),
(3, '2023/2024', 'A13', 'A17', 'Disetujui', '2024-05-08 15:50:27', '2024-05-08 15:50:27'),
(4, '2023/2024', 'A13', 'A34', 'Disetujui', '2024-05-08 15:50:27', '2024-05-08 15:50:27'),
(5, '2023/2024', 'A13', 'A12', 'Disetujui', '2024-05-08 15:50:27', '2024-05-08 15:50:27'),
(6, '2023/2024', 'A13', 'A10', 'Disetujui', '2024-05-08 15:50:27', '2024-05-08 15:50:27'),
(7, '2023/2024', 'A13', 'A37', 'Disetujui', '2024-05-08 15:50:27', '2024-05-08 15:50:27'),
(8, '2023/2024', 'A13', 'A24', 'Disetujui', '2024-05-08 15:50:27', '2024-05-08 15:50:27'),
(9, '2023/2024', 'A13', 'A26', 'Disetujui', '2024-05-08 15:50:27', '2024-05-08 15:50:27'),
(10, '2023/2024', 'A13', 'A33', 'Disetujui', '2024-05-08 15:50:27', '2024-05-08 15:50:27'),
(11, '2023/2024', 'A13', 'A29', 'Disetujui', '2024-05-08 15:50:27', '2024-05-08 15:50:27'),
(12, '2023/2024', 'A13', 'A32', 'Disetujui', '2024-05-08 15:50:27', '2024-05-08 15:50:27'),
(13, '2023/2024', 'A13', 'A16', 'Disetujui', '2024-05-08 15:50:27', '2024-05-08 15:50:27'),
(14, '2023/2024', 'A13', 'A40', 'Disetujui', '2024-05-08 15:50:27', '2024-05-08 15:50:27'),
(15, '2023/2024', 'A13', 'A38', 'Disetujui', '2024-05-08 15:50:27', '2024-05-08 15:50:27'),
(16, '2023/2024', 'A43', 'A43', 'Disetujui', '2024-05-08 16:29:23', '2024-05-08 16:29:23'),
(17, '2023/2024', 'A43', 'A13', 'Disetujui', '2024-05-08 16:29:23', '2024-05-08 16:29:23'),
(18, '2023/2024', 'A43', 'A17', 'Disetujui', '2024-05-08 16:29:23', '2024-05-08 16:29:23'),
(19, '2023/2024', 'A43', 'A34', 'Disetujui', '2024-05-08 16:29:23', '2024-05-08 16:29:23'),
(20, '2023/2024', 'A43', 'A12', 'Disetujui', '2024-05-08 16:29:23', '2024-05-08 16:29:23'),
(21, '2023/2024', 'A17', 'A17', 'Disetujui', '2024-05-08 17:01:02', '2024-05-08 17:01:02'),
(22, '2023/2024', 'A17', 'A13', 'Disetujui', '2024-05-08 17:01:02', '2024-05-08 17:01:02'),
(23, '2023/2024', 'A17', 'A43', 'Disetujui', '2024-05-08 17:01:02', '2024-05-08 17:01:02'),
(24, '2023/2024', 'A17', 'A34', 'Disetujui', '2024-05-08 17:01:02', '2024-05-08 17:01:02'),
(25, '2023/2024', 'A17', 'A12', 'Disetujui', '2024-05-08 17:01:02', '2024-05-08 17:01:02'),
(26, '2023/2024', 'A34', 'A34', 'Disetujui', '2024-05-08 17:02:47', '2024-05-08 17:02:47'),
(27, '2023/2024', 'A34', 'A13', 'Disetujui', '2024-05-08 17:02:47', '2024-05-08 17:02:47'),
(28, '2023/2024', 'A34', 'A43', 'Disetujui', '2024-05-08 17:02:47', '2024-05-08 17:02:47'),
(29, '2023/2024', 'A34', 'A17', 'Disetujui', '2024-05-08 17:02:47', '2024-05-08 17:02:47'),
(30, '2023/2024', 'A34', 'A12', 'Disetujui', '2024-05-08 17:02:47', '2024-05-08 17:02:47'),
(31, '2023/2024', 'A12', 'A12', 'Disetujui', '2024-05-08 17:04:56', '2024-05-08 17:04:56'),
(32, '2023/2024', 'A12', 'A13', 'Disetujui', '2024-05-08 17:04:56', '2024-05-08 17:04:56'),
(33, '2023/2024', 'A12', 'A43', 'Disetujui', '2024-05-08 17:04:56', '2024-05-08 17:04:56'),
(34, '2023/2024', 'A12', 'A17', 'Disetujui', '2024-05-08 17:04:56', '2024-05-08 17:04:56'),
(35, '2023/2024', 'A12', 'A34', 'Disetujui', '2024-05-08 17:04:56', '2024-05-08 17:04:56'),
(36, '2023/2024', 'A10', 'A10', 'Disetujui', '2024-05-08 17:06:41', '2024-05-08 17:06:41'),
(37, '2023/2024', 'A10', 'A13', 'Disetujui', '2024-05-08 17:06:41', '2024-05-08 17:06:41'),
(38, '2023/2024', 'A10', 'A37', 'Disetujui', '2024-05-08 17:06:41', '2024-05-08 17:06:41'),
(39, '2023/2024', 'A10', 'A24', 'Disetujui', '2024-05-08 17:06:41', '2024-05-08 17:06:41'),
(40, '2023/2024', 'A10', 'A26', 'Disetujui', '2024-05-08 17:06:41', '2024-05-08 17:06:41'),
(41, '2023/2024', 'A37', 'A37', 'Disetujui', '2024-05-08 17:08:56', '2024-05-08 17:08:56'),
(42, '2023/2024', 'A37', 'A13', 'Disetujui', '2024-05-08 17:08:56', '2024-05-08 17:08:56'),
(43, '2023/2024', 'A37', 'A10', 'Disetujui', '2024-05-08 17:08:56', '2024-05-08 17:08:56'),
(44, '2023/2024', 'A37', 'A24', 'Disetujui', '2024-05-08 17:08:56', '2024-05-08 17:08:56'),
(45, '2023/2024', 'A37', 'A26', 'Disetujui', '2024-05-08 17:08:56', '2024-05-08 17:08:56'),
(46, '2023/2024', 'A24', 'A24', 'Disetujui', '2024-05-08 17:17:19', '2024-05-08 17:17:19'),
(47, '2023/2024', 'A24', 'A13', 'Disetujui', '2024-05-08 17:17:19', '2024-05-08 17:17:19'),
(48, '2023/2024', 'A24', 'A10', 'Disetujui', '2024-05-08 17:17:19', '2024-05-08 17:17:19'),
(49, '2023/2024', 'A24', 'A37', 'Disetujui', '2024-05-08 17:17:19', '2024-05-08 17:17:19'),
(50, '2023/2024', 'A24', 'A26', 'Disetujui', '2024-05-08 17:17:19', '2024-05-08 17:17:19'),
(51, '2023/2024', 'A26', 'A26', 'Disetujui', '2024-05-08 17:18:28', '2024-05-08 17:18:28'),
(52, '2023/2024', 'A26', 'A13', 'Disetujui', '2024-05-08 17:18:28', '2024-05-08 17:18:28'),
(53, '2023/2024', 'A26', 'A10', 'Disetujui', '2024-05-08 17:18:28', '2024-05-08 17:18:28'),
(54, '2023/2024', 'A26', 'A37', 'Disetujui', '2024-05-08 17:18:28', '2024-05-08 17:18:28'),
(55, '2023/2024', 'A26', 'A24', 'Disetujui', '2024-05-08 17:18:28', '2024-05-08 17:18:28'),
(56, '2023/2024', 'A33', 'A33', 'Disetujui', '2024-05-08 17:19:38', '2024-05-08 17:19:38'),
(57, '2023/2024', 'A33', 'A13', 'Disetujui', '2024-05-08 17:19:38', '2024-05-08 17:19:38'),
(58, '2023/2024', 'A33', 'A29', 'Disetujui', '2024-05-08 17:19:38', '2024-05-08 17:19:38'),
(59, '2023/2024', 'A33', 'A32', 'Disetujui', '2024-05-08 17:19:38', '2024-05-08 17:19:38'),
(60, '2023/2024', 'A33', 'A16', 'Disetujui', '2024-05-08 17:19:38', '2024-05-08 17:19:38'),
(61, '2023/2024', 'A29', 'A29', 'Disetujui', '2024-05-08 17:20:45', '2024-05-08 17:20:45'),
(62, '2023/2024', 'A29', 'A13', 'Disetujui', '2024-05-08 17:20:45', '2024-05-08 17:20:45'),
(63, '2023/2024', 'A29', 'A33', 'Disetujui', '2024-05-08 17:20:45', '2024-05-08 17:20:45'),
(64, '2023/2024', 'A29', 'A32', 'Disetujui', '2024-05-08 17:20:45', '2024-05-08 17:20:45'),
(65, '2023/2024', 'A29', 'A16', 'Disetujui', '2024-05-08 17:20:45', '2024-05-08 17:20:45'),
(71, '2023/2024', 'A32', 'A32', 'Disetujui', '2024-05-08 17:23:40', '2024-05-08 17:23:40'),
(72, '2023/2024', 'A32', 'A13', 'Disetujui', '2024-05-08 17:23:40', '2024-05-08 17:23:40'),
(73, '2023/2024', 'A32', 'A33', 'Disetujui', '2024-05-08 17:23:40', '2024-05-08 17:23:40'),
(74, '2023/2024', 'A32', 'A29', 'Disetujui', '2024-05-08 17:23:40', '2024-05-08 17:23:40'),
(75, '2023/2024', 'A32', 'A16', 'Disetujui', '2024-05-08 17:23:40', '2024-05-08 17:23:40'),
(76, '2023/2024', 'A16', 'A16', 'Disetujui', '2024-05-08 17:24:44', '2024-05-08 17:24:44'),
(77, '2023/2024', 'A16', 'A13', 'Disetujui', '2024-05-08 17:24:44', '2024-05-08 17:24:44'),
(78, '2023/2024', 'A16', 'A33', 'Disetujui', '2024-05-08 17:24:44', '2024-05-08 17:24:44'),
(79, '2023/2024', 'A16', 'A29', 'Disetujui', '2024-05-08 17:24:44', '2024-05-08 17:24:44'),
(80, '2023/2024', 'A16', 'A32', 'Disetujui', '2024-05-08 17:24:44', '2024-05-08 17:24:44'),
(81, '2023/2024', 'A40', 'A40', 'Disetujui', '2024-05-08 17:25:50', '2024-05-08 17:25:50'),
(82, '2023/2024', 'A40', 'A13', 'Disetujui', '2024-05-08 17:25:50', '2024-05-08 17:25:50'),
(83, '2023/2024', 'A40', 'A38', 'Disetujui', '2024-05-08 17:25:50', '2024-05-08 17:25:50'),
(84, '2023/2024', 'A38', 'A38', 'Disetujui', '2024-05-08 17:26:25', '2024-05-08 17:26:25'),
(85, '2023/2024', 'A38', 'A13', 'Disetujui', '2024-05-08 17:26:25', '2024-05-08 17:26:25'),
(86, '2023/2024', 'A38', 'A40', 'Disetujui', '2024-05-08 17:26:25', '2024-05-08 17:26:25'),
(94, '2023/2024', 'A9', 'A9', 'Disetujui', '2024-05-12 22:35:52', '2024-05-12 22:35:52'),
(95, '2023/2024', 'A9', 'A1', 'Disetujui', '2024-05-12 22:35:52', '2024-05-12 22:35:52'),
(96, '2023/2024', 'A9', 'A6', 'Disetujui', '2024-05-12 22:35:52', '2024-05-12 22:35:52'),
(97, '2023/2024', 'A9', 'A8', 'Disetujui', '2024-05-12 22:35:52', '2024-05-12 22:35:52'),
(98, '2023/2024', 'A9', 'A5', 'Disetujui', '2024-05-12 22:35:52', '2024-05-12 22:35:52'),
(99, '2023/2024', 'A1', 'A1', 'Disetujui', '2024-05-12 22:39:26', '2024-05-12 22:39:26'),
(100, '2023/2024', 'A1', 'A9', 'Disetujui', '2024-05-12 22:39:26', '2024-05-12 22:39:26'),
(101, '2023/2024', 'A1', 'A6', 'Disetujui', '2024-05-12 22:39:26', '2024-05-12 22:39:26'),
(102, '2023/2024', 'A1', 'A8', 'Disetujui', '2024-05-12 22:39:26', '2024-05-12 22:39:26'),
(103, '2023/2024', 'A1', 'A5', 'Disetujui', '2024-05-12 22:39:26', '2024-05-12 22:39:26'),
(104, '2023/2024', 'A6', 'A6', 'Disetujui', '2024-05-12 22:41:19', '2024-05-12 22:41:19'),
(105, '2023/2024', 'A6', 'A9', 'Disetujui', '2024-05-12 22:41:19', '2024-05-12 22:41:19'),
(106, '2023/2024', 'A6', 'A1', 'Disetujui', '2024-05-12 22:41:19', '2024-05-12 22:41:19'),
(107, '2023/2024', 'A6', 'A8', 'Disetujui', '2024-05-12 22:41:19', '2024-05-12 22:41:19'),
(108, '2023/2024', 'A6', 'A5', 'Disetujui', '2024-05-12 22:41:19', '2024-05-12 22:41:19'),
(109, '2023/2024', 'A8', 'A8', 'Disetujui', '2024-05-12 22:43:57', '2024-05-12 22:43:57'),
(110, '2023/2024', 'A8', 'A9', 'Disetujui', '2024-05-12 22:43:57', '2024-05-12 22:43:57'),
(111, '2023/2024', 'A8', 'A1', 'Disetujui', '2024-05-12 22:43:57', '2024-05-12 22:43:57'),
(112, '2023/2024', 'A8', 'A6', 'Disetujui', '2024-05-12 22:43:57', '2024-05-12 22:43:57'),
(113, '2023/2024', 'A8', 'A5', 'Disetujui', '2024-05-12 22:43:57', '2024-05-12 22:43:57'),
(114, '2023/2024', 'A5', 'A5', 'Disetujui', '2024-05-12 22:48:20', '2024-05-12 22:48:20'),
(115, '2023/2024', 'A5', 'A9', 'Disetujui', '2024-05-12 22:48:20', '2024-05-12 22:48:20'),
(116, '2023/2024', 'A5', 'A1', 'Disetujui', '2024-05-12 22:48:20', '2024-05-12 22:48:20'),
(117, '2023/2024', 'A5', 'A6', 'Disetujui', '2024-05-12 22:48:20', '2024-05-12 22:48:20'),
(118, '2023/2024', 'A5', 'A8', 'Disetujui', '2024-05-12 22:48:20', '2024-05-12 22:48:20'),
(125, '2023/2024', 'A4', 'A4', 'Disetujui', '2024-05-12 22:52:53', '2024-05-12 22:52:53'),
(126, '2023/2024', 'A4', 'A9', 'Disetujui', '2024-05-12 22:52:53', '2024-05-12 22:52:53'),
(127, '2023/2024', 'A4', 'A7', 'Disetujui', '2024-05-12 22:52:53', '2024-05-12 22:52:53'),
(128, '2023/2024', 'A4', 'A3', 'Disetujui', '2024-05-12 22:52:53', '2024-05-12 22:52:53'),
(129, '2023/2024', 'A4', 'A15', 'Disetujui', '2024-05-12 22:52:53', '2024-05-12 22:52:53'),
(130, '2023/2024', 'A4', 'A14', 'Disetujui', '2024-05-12 22:52:53', '2024-05-12 22:52:53'),
(131, '2023/2024', 'A7', 'A7', 'Disetujui', '2024-05-12 22:53:55', '2024-05-12 22:53:55'),
(132, '2023/2024', 'A7', 'A9', 'Disetujui', '2024-05-12 22:53:55', '2024-05-12 22:53:55'),
(133, '2023/2024', 'A7', 'A4', 'Disetujui', '2024-05-12 22:53:55', '2024-05-12 22:53:55'),
(134, '2023/2024', 'A7', 'A3', 'Disetujui', '2024-05-12 22:53:55', '2024-05-12 22:53:55'),
(135, '2023/2024', 'A7', 'A15', 'Disetujui', '2024-05-12 22:53:55', '2024-05-12 22:53:55'),
(136, '2023/2024', 'A7', 'A14', 'Disetujui', '2024-05-12 22:53:55', '2024-05-12 22:53:55'),
(137, '2023/2024', 'A3', 'A3', 'Disetujui', '2024-05-13 00:07:13', '2024-05-13 00:07:13'),
(138, '2023/2024', 'A3', 'A9', 'Disetujui', '2024-05-13 00:07:13', '2024-05-13 00:07:13'),
(139, '2023/2024', 'A3', 'A7', 'Disetujui', '2024-05-13 00:07:13', '2024-05-13 00:07:13'),
(140, '2023/2024', 'A3', 'A15', 'Disetujui', '2024-05-13 00:07:13', '2024-05-13 00:07:13'),
(141, '2023/2024', 'A3', 'A14', 'Disetujui', '2024-05-13 00:07:13', '2024-05-13 00:07:13'),
(148, '2023/2024', 'A15', 'A15', 'Disetujui', '2024-05-13 16:15:16', '2024-05-13 16:15:16'),
(149, '2023/2024', 'A15', 'A9', 'Disetujui', '2024-05-13 16:15:16', '2024-05-13 16:15:16'),
(150, '2023/2024', 'A15', 'A4', 'Disetujui', '2024-05-13 16:15:16', '2024-05-13 16:15:16'),
(151, '2023/2024', 'A15', 'A7', 'Disetujui', '2024-05-13 16:15:16', '2024-05-13 16:15:16'),
(152, '2023/2024', 'A15', 'A3', 'Disetujui', '2024-05-13 16:15:16', '2024-05-13 16:15:16'),
(153, '2023/2024', 'A15', 'A14', 'Disetujui', '2024-05-13 16:15:16', '2024-05-13 16:15:16'),
(154, '2023/2024', 'A14', 'A14', 'Disetujui', '2024-05-13 16:17:09', '2024-05-13 16:17:09'),
(155, '2023/2024', 'A14', 'A9', 'Disetujui', '2024-05-13 16:17:09', '2024-05-13 16:17:09'),
(156, '2023/2024', 'A14', 'A4', 'Disetujui', '2024-05-13 16:17:09', '2024-05-13 16:17:09'),
(157, '2023/2024', 'A14', 'A7', 'Disetujui', '2024-05-13 16:17:09', '2024-05-13 16:17:09'),
(158, '2023/2024', 'A14', 'A3', 'Disetujui', '2024-05-13 16:17:09', '2024-05-13 16:17:09'),
(159, '2023/2024', 'A14', 'A15', 'Disetujui', '2024-05-13 16:17:09', '2024-05-13 16:17:09'),
(160, '2023/2024', 'A36', 'A36', 'Disetujui', '2024-05-13 16:18:59', '2024-05-13 16:18:59'),
(161, '2023/2024', 'A36', 'A9', 'Disetujui', '2024-05-13 16:18:59', '2024-05-13 16:18:59'),
(162, '2023/2024', 'A36', 'A45', 'Disetujui', '2024-05-13 16:18:59', '2024-05-13 16:18:59'),
(163, '2023/2024', 'A36', 'A18', 'Disetujui', '2024-05-13 16:18:59', '2024-05-13 16:18:59'),
(164, '2023/2024', 'A36', 'A44', 'Disetujui', '2024-05-13 16:18:59', '2024-05-13 16:18:59'),
(165, '2023/2024', 'A36', 'A28', 'Disetujui', '2024-05-13 16:18:59', '2024-05-13 16:18:59'),
(166, '2023/2024', 'A45', 'A45', 'Disetujui', '2024-05-13 16:19:55', '2024-05-13 16:19:55'),
(167, '2023/2024', 'A45', 'A9', 'Disetujui', '2024-05-13 16:19:55', '2024-05-13 16:19:55'),
(168, '2023/2024', 'A45', 'A36', 'Disetujui', '2024-05-13 16:19:55', '2024-05-13 16:19:55'),
(169, '2023/2024', 'A45', 'A18', 'Disetujui', '2024-05-13 16:19:55', '2024-05-13 16:19:55'),
(170, '2023/2024', 'A45', 'A44', 'Disetujui', '2024-05-13 16:19:55', '2024-05-13 16:19:55'),
(171, '2023/2024', 'A45', 'A28', 'Disetujui', '2024-05-13 16:19:55', '2024-05-13 16:19:55'),
(172, '2023/2024', 'A18', 'A18', 'Disetujui', '2024-05-13 16:20:56', '2024-05-13 16:20:56'),
(173, '2023/2024', 'A18', 'A9', 'Disetujui', '2024-05-13 16:20:56', '2024-05-13 16:20:56'),
(174, '2023/2024', 'A18', 'A36', 'Disetujui', '2024-05-13 16:20:56', '2024-05-13 16:20:56'),
(175, '2023/2024', 'A18', 'A45', 'Disetujui', '2024-05-13 16:20:56', '2024-05-13 16:20:56'),
(176, '2023/2024', 'A18', 'A44', 'Disetujui', '2024-05-13 16:20:56', '2024-05-13 16:20:56'),
(177, '2023/2024', 'A18', 'A28', 'Disetujui', '2024-05-13 16:20:56', '2024-05-13 16:20:56'),
(178, '2023/2024', 'A44', 'A44', 'Disetujui', '2024-05-13 16:21:48', '2024-05-13 16:21:48'),
(179, '2023/2024', 'A44', 'A9', 'Disetujui', '2024-05-13 16:21:48', '2024-05-13 16:21:48'),
(180, '2023/2024', 'A44', 'A36', 'Disetujui', '2024-05-13 16:21:48', '2024-05-13 16:21:48'),
(181, '2023/2024', 'A44', 'A45', 'Disetujui', '2024-05-13 16:21:48', '2024-05-13 16:21:48'),
(182, '2023/2024', 'A44', 'A18', 'Disetujui', '2024-05-13 16:21:48', '2024-05-13 16:21:48'),
(183, '2023/2024', 'A44', 'A28', 'Disetujui', '2024-05-13 16:21:48', '2024-05-13 16:21:48'),
(184, '2023/2024', 'A28', 'A28', 'Disetujui', '2024-05-13 16:22:58', '2024-05-13 16:22:58'),
(185, '2023/2024', 'A28', 'A9', 'Disetujui', '2024-05-13 16:22:58', '2024-05-13 16:22:58'),
(186, '2023/2024', 'A28', 'A36', 'Disetujui', '2024-05-13 16:22:58', '2024-05-13 16:22:58'),
(187, '2023/2024', 'A28', 'A45', 'Disetujui', '2024-05-13 16:22:58', '2024-05-13 16:22:58'),
(188, '2023/2024', 'A28', 'A18', NULL, '2024-05-13 16:24:41', '2024-05-13 16:24:41'),
(189, '2023/2024', 'A28', 'A44', NULL, '2024-05-13 16:25:20', '2024-05-13 16:25:20');

-- --------------------------------------------------------

--
-- Table structure for table `penilaian_indikator`
--

CREATE TABLE `penilaian_indikator` (
  `id_penilaian_indikator` bigint UNSIGNED NOT NULL,
  `id_penilaian` bigint UNSIGNED NOT NULL,
  `id_skala_indikator_detail` bigint UNSIGNED NOT NULL,
  `created_at` timestamp NULL DEFAULT NULL,
  `updated_at` timestamp NULL DEFAULT NULL
) ENGINE=InnoDB DEFAULT CHARSET=utf8mb4 COLLATE=utf8mb4_unicode_ci;

--
-- Dumping data for table `penilaian_indikator`
--

INSERT INTO `penilaian_indikator` (`id_penilaian_indikator`, `id_penilaian`, `id_skala_indikator_detail`, `created_at`, `updated_at`) VALUES
(1, 1, 4, '2024-05-08 17:13:12', '2024-05-08 17:13:12'),
(2, 1, 6, '2024-05-08 17:13:12', '2024-05-08 17:13:12'),
(3, 1, 9, '2024-05-08 17:13:12', '2024-05-08 17:13:12'),
(4, 1, 13, '2024-05-08 17:13:12', '2024-05-08 17:13:12'),
(5, 1, 20, '2024-05-08 17:13:12', '2024-05-08 17:13:12'),
(6, 1, 21, '2024-05-08 17:13:12', '2024-05-08 17:13:12'),
(7, 1, 28, '2024-05-08 17:13:12', '2024-05-08 17:13:12'),
(8, 1, 31, '2024-05-08 17:13:12', '2024-05-08 17:13:12'),
(9, 1, 34, '2024-05-08 17:13:12', '2024-05-08 17:13:12'),
(10, 1, 39, '2024-05-08 17:13:12', '2024-05-08 17:13:12'),
(11, 1, 41, '2024-05-08 17:13:12', '2024-05-08 17:13:12'),
(12, 1, 46, '2024-05-08 17:13:12', '2024-05-08 17:13:12'),
(13, 1, 51, '2024-05-08 17:13:12', '2024-05-08 17:13:12'),
(14, 1, 56, '2024-05-08 17:13:12', '2024-05-08 17:13:12'),
(15, 1, 57, '2024-05-08 17:13:12', '2024-05-08 17:13:12'),
(16, 1, 64, '2024-05-08 17:13:12', '2024-05-08 17:13:12'),
(17, 1, 65, '2024-05-08 17:13:12', '2024-05-08 17:13:12'),
(18, 1, 69, '2024-05-08 17:13:12', '2024-05-08 17:13:12'),
(19, 1, 74, '2024-05-08 17:13:12', '2024-05-08 17:13:12'),
(20, 1, 78, '2024-05-08 17:13:12', '2024-05-08 17:13:12'),
(21, 1, 81, '2024-05-08 17:13:12', '2024-05-08 17:13:12'),
(22, 1, 85, '2024-05-08 17:13:12', '2024-05-08 17:13:12'),
(23, 1, 91, '2024-05-08 17:13:12', '2024-05-08 17:13:12'),
(24, 1, 94, '2024-05-08 17:13:12', '2024-05-08 17:13:12'),
(25, 1, 100, '2024-05-08 17:13:12', '2024-05-08 17:13:12'),
(26, 1, 101, '2024-05-08 17:13:12', '2024-05-08 17:13:12'),
(27, 1, 108, '2024-05-08 17:13:12', '2024-05-08 17:13:12'),
(28, 1, 109, '2024-05-08 17:13:12', '2024-05-08 17:13:12'),
(29, 1, 116, '2024-05-08 17:13:12', '2024-05-08 17:13:12'),
(30, 1, 120, '2024-05-08 17:13:12', '2024-05-08 17:13:12'),
(31, 2, 4, '2024-05-08 17:13:12', '2024-05-08 17:13:12'),
(32, 2, 6, '2024-05-08 17:13:12', '2024-05-08 17:13:12'),
(33, 2, 9, '2024-05-08 17:13:12', '2024-05-08 17:13:12'),
(34, 2, 15, '2024-05-08 17:13:12', '2024-05-08 17:13:12'),
(35, 2, 20, '2024-05-08 17:13:12', '2024-05-08 17:13:12'),
(36, 2, 24, '2024-05-08 17:13:12', '2024-05-08 17:13:12'),
(37, 2, 28, '2024-05-08 17:13:12', '2024-05-08 17:13:12'),
(38, 2, 31, '2024-05-08 17:13:12', '2024-05-08 17:13:12'),
(39, 2, 34, '2024-05-08 17:13:12', '2024-05-08 17:13:12'),
(40, 2, 40, '2024-05-08 17:13:12', '2024-05-08 17:13:12'),
(41, 2, 41, '2024-05-08 17:13:12', '2024-05-08 17:13:12'),
(42, 2, 45, '2024-05-08 17:13:12', '2024-05-08 17:13:12'),
(43, 2, 52, '2024-05-08 17:13:12', '2024-05-08 17:13:12'),
(44, 2, 56, '2024-05-08 17:13:12', '2024-05-08 17:13:12'),
(45, 2, 59, '2024-05-08 17:13:12', '2024-05-08 17:13:12'),
(46, 2, 61, '2024-05-08 17:13:12', '2024-05-08 17:13:12'),
(47, 2, 68, '2024-05-08 17:13:12', '2024-05-08 17:13:12'),
(48, 2, 71, '2024-05-08 17:13:12', '2024-05-08 17:13:12'),
(49, 2, 76, '2024-05-08 17:13:12', '2024-05-08 17:13:12'),
(50, 2, 79, '2024-05-08 17:13:12', '2024-05-08 17:13:12'),
(51, 2, 82, '2024-05-08 17:13:12', '2024-05-08 17:13:12'),
(52, 2, 86, '2024-05-08 17:13:12', '2024-05-08 17:13:12'),
(53, 2, 91, '2024-05-08 17:13:12', '2024-05-08 17:13:12'),
(54, 2, 96, '2024-05-08 17:13:12', '2024-05-08 17:13:12'),
(55, 2, 100, '2024-05-08 17:13:12', '2024-05-08 17:13:12'),
(56, 2, 104, '2024-05-08 17:13:12', '2024-05-08 17:13:12'),
(57, 2, 108, '2024-05-08 17:13:12', '2024-05-08 17:13:12'),
(58, 2, 112, '2024-05-08 17:13:12', '2024-05-08 17:13:12'),
(59, 2, 114, '2024-05-08 17:13:12', '2024-05-08 17:13:12'),
(60, 2, 120, '2024-05-08 17:13:12', '2024-05-08 17:13:12'),
(61, 3, 3, '2024-05-08 17:13:13', '2024-05-08 17:13:13'),
(62, 3, 8, '2024-05-08 17:13:13', '2024-05-08 17:13:13'),
(63, 3, 11, '2024-05-08 17:13:13', '2024-05-08 17:13:13'),
(64, 3, 15, '2024-05-08 17:13:13', '2024-05-08 17:13:13'),
(65, 3, 18, '2024-05-08 17:13:13', '2024-05-08 17:13:13'),
(66, 3, 22, '2024-05-08 17:13:13', '2024-05-08 17:13:13'),
(67, 3, 28, '2024-05-08 17:13:13', '2024-05-08 17:13:13'),
(68, 3, 32, '2024-05-08 17:13:13', '2024-05-08 17:13:13'),
(69, 3, 35, '2024-05-08 17:13:13', '2024-05-08 17:13:13'),
(70, 3, 39, '2024-05-08 17:13:13', '2024-05-08 17:13:13'),
(71, 3, 42, '2024-05-08 17:13:13', '2024-05-08 17:13:13'),
(72, 3, 48, '2024-05-08 17:13:13', '2024-05-08 17:13:13'),
(73, 3, 50, '2024-05-08 17:13:13', '2024-05-08 17:13:13'),
(74, 3, 54, '2024-05-08 17:13:13', '2024-05-08 17:13:13'),
(75, 3, 58, '2024-05-08 17:13:13', '2024-05-08 17:13:13'),
(76, 3, 61, '2024-05-08 17:13:13', '2024-05-08 17:13:13'),
(77, 3, 68, '2024-05-08 17:13:13', '2024-05-08 17:13:13'),
(78, 3, 70, '2024-05-08 17:13:13', '2024-05-08 17:13:13'),
(79, 3, 74, '2024-05-08 17:13:13', '2024-05-08 17:13:13'),
(80, 3, 78, '2024-05-08 17:13:13', '2024-05-08 17:13:13'),
(81, 3, 83, '2024-05-08 17:13:13', '2024-05-08 17:13:13'),
(82, 3, 85, '2024-05-08 17:13:13', '2024-05-08 17:13:13'),
(83, 3, 91, '2024-05-08 17:13:13', '2024-05-08 17:13:13'),
(84, 3, 96, '2024-05-08 17:13:13', '2024-05-08 17:13:13'),
(85, 3, 98, '2024-05-08 17:13:13', '2024-05-08 17:13:13'),
(86, 3, 103, '2024-05-08 17:13:13', '2024-05-08 17:13:13'),
(87, 3, 105, '2024-05-08 17:13:13', '2024-05-08 17:13:13'),
(88, 3, 112, '2024-05-08 17:13:13', '2024-05-08 17:13:13'),
(89, 3, 116, '2024-05-08 17:13:13', '2024-05-08 17:13:13'),
(90, 3, 117, '2024-05-08 17:13:13', '2024-05-08 17:13:13'),
(91, 4, 4, '2024-05-08 17:13:13', '2024-05-08 17:13:13'),
(92, 4, 8, '2024-05-08 17:13:13', '2024-05-08 17:13:13'),
(93, 4, 12, '2024-05-08 17:13:13', '2024-05-08 17:13:13'),
(94, 4, 15, '2024-05-08 17:13:13', '2024-05-08 17:13:13'),
(95, 4, 18, '2024-05-08 17:13:13', '2024-05-08 17:13:13'),
(96, 4, 22, '2024-05-08 17:13:13', '2024-05-08 17:13:13'),
(97, 4, 26, '2024-05-08 17:13:13', '2024-05-08 17:13:13'),
(98, 4, 30, '2024-05-08 17:13:13', '2024-05-08 17:13:13'),
(99, 4, 36, '2024-05-08 17:13:13', '2024-05-08 17:13:13'),
(100, 4, 37, '2024-05-08 17:13:13', '2024-05-08 17:13:13'),
(101, 4, 43, '2024-05-08 17:13:13', '2024-05-08 17:13:13'),
(102, 4, 45, '2024-05-08 17:13:13', '2024-05-08 17:13:13'),
(103, 4, 50, '2024-05-08 17:13:13', '2024-05-08 17:13:13'),
(104, 4, 53, '2024-05-08 17:13:13', '2024-05-08 17:13:13'),
(105, 4, 58, '2024-05-08 17:13:13', '2024-05-08 17:13:13'),
(106, 4, 61, '2024-05-08 17:13:13', '2024-05-08 17:13:13'),
(107, 4, 67, '2024-05-08 17:13:13', '2024-05-08 17:13:13'),
(108, 4, 71, '2024-05-08 17:13:13', '2024-05-08 17:13:13'),
(109, 4, 73, '2024-05-08 17:13:13', '2024-05-08 17:13:13'),
(110, 4, 80, '2024-05-08 17:13:13', '2024-05-08 17:13:13'),
(111, 4, 83, '2024-05-08 17:13:13', '2024-05-08 17:13:13'),
(112, 4, 85, '2024-05-08 17:13:13', '2024-05-08 17:13:13'),
(113, 4, 92, '2024-05-08 17:13:13', '2024-05-08 17:13:13'),
(114, 4, 95, '2024-05-08 17:13:13', '2024-05-08 17:13:13'),
(115, 4, 99, '2024-05-08 17:13:13', '2024-05-08 17:13:13'),
(116, 4, 104, '2024-05-08 17:13:13', '2024-05-08 17:13:13'),
(117, 4, 105, '2024-05-08 17:13:13', '2024-05-08 17:13:13'),
(118, 4, 112, '2024-05-08 17:13:13', '2024-05-08 17:13:13'),
(119, 4, 114, '2024-05-08 17:13:13', '2024-05-08 17:13:13'),
(120, 4, 117, '2024-05-08 17:13:13', '2024-05-08 17:13:13'),
(121, 5, 4, '2024-05-08 17:13:13', '2024-05-08 17:13:13'),
(122, 5, 8, '2024-05-08 17:13:13', '2024-05-08 17:13:13'),
(123, 5, 9, '2024-05-08 17:13:13', '2024-05-08 17:13:13'),
(124, 5, 15, '2024-05-08 17:13:13', '2024-05-08 17:13:13'),
(125, 5, 18, '2024-05-08 17:13:13', '2024-05-08 17:13:13'),
(126, 5, 24, '2024-05-08 17:13:13', '2024-05-08 17:13:13'),
(127, 5, 28, '2024-05-08 17:13:13', '2024-05-08 17:13:13'),
(128, 5, 30, '2024-05-08 17:13:13', '2024-05-08 17:13:13'),
(129, 5, 34, '2024-05-08 17:13:13', '2024-05-08 17:13:13'),
(130, 5, 39, '2024-05-08 17:13:13', '2024-05-08 17:13:13'),
(131, 5, 44, '2024-05-08 17:13:13', '2024-05-08 17:13:13'),
(132, 5, 45, '2024-05-08 17:13:13', '2024-05-08 17:13:13'),
(133, 5, 52, '2024-05-08 17:13:13', '2024-05-08 17:13:13'),
(134, 5, 55, '2024-05-08 17:13:13', '2024-05-08 17:13:13'),
(135, 5, 58, '2024-05-08 17:13:13', '2024-05-08 17:13:13'),
(136, 5, 64, '2024-05-08 17:13:13', '2024-05-08 17:13:13'),
(137, 5, 67, '2024-05-08 17:13:13', '2024-05-08 17:13:13'),
(138, 5, 70, '2024-05-08 17:13:13', '2024-05-08 17:13:13'),
(139, 5, 73, '2024-05-08 17:13:13', '2024-05-08 17:13:13'),
(140, 5, 77, '2024-05-08 17:13:13', '2024-05-08 17:13:13'),
(141, 5, 83, '2024-05-08 17:13:13', '2024-05-08 17:13:13'),
(142, 5, 87, '2024-05-08 17:13:13', '2024-05-08 17:13:13'),
(143, 5, 91, '2024-05-08 17:13:13', '2024-05-08 17:13:13'),
(144, 5, 94, '2024-05-08 17:13:13', '2024-05-08 17:13:13'),
(145, 5, 98, '2024-05-08 17:13:13', '2024-05-08 17:13:13'),
(146, 5, 102, '2024-05-08 17:13:13', '2024-05-08 17:13:13'),
(147, 5, 107, '2024-05-08 17:13:13', '2024-05-08 17:13:13'),
(148, 5, 110, '2024-05-08 17:13:13', '2024-05-08 17:13:13'),
(149, 5, 116, '2024-05-08 17:13:13', '2024-05-08 17:13:13'),
(150, 5, 117, '2024-05-08 17:13:13', '2024-05-08 17:13:13'),
(151, 6, 3, '2024-05-08 17:13:13', '2024-05-08 17:13:13'),
(152, 6, 7, '2024-05-08 17:13:13', '2024-05-08 17:13:13'),
(153, 6, 10, '2024-05-08 17:13:13', '2024-05-08 17:13:13'),
(154, 6, 15, '2024-05-08 17:13:13', '2024-05-08 17:13:13'),
(155, 6, 20, '2024-05-08 17:13:13', '2024-05-08 17:13:13'),
(156, 6, 23, '2024-05-08 17:13:13', '2024-05-08 17:13:13'),
(157, 6, 27, '2024-05-08 17:13:13', '2024-05-08 17:13:13'),
(158, 6, 29, '2024-05-08 17:13:13', '2024-05-08 17:13:13'),
(159, 6, 33, '2024-05-08 17:13:13', '2024-05-08 17:13:13'),
(160, 6, 39, '2024-05-08 17:13:13', '2024-05-08 17:13:13'),
(161, 6, 41, '2024-05-08 17:13:13', '2024-05-08 17:13:13'),
(162, 6, 47, '2024-05-08 17:13:13', '2024-05-08 17:13:13'),
(163, 6, 50, '2024-05-08 17:13:13', '2024-05-08 17:13:13'),
(164, 6, 54, '2024-05-08 17:13:13', '2024-05-08 17:13:13'),
(165, 6, 60, '2024-05-08 17:13:13', '2024-05-08 17:13:13'),
(166, 6, 61, '2024-05-08 17:13:13', '2024-05-08 17:13:13'),
(167, 6, 67, '2024-05-08 17:13:13', '2024-05-08 17:13:13'),
(168, 6, 69, '2024-05-08 17:13:13', '2024-05-08 17:13:13'),
(169, 6, 76, '2024-05-08 17:13:13', '2024-05-08 17:13:13'),
(170, 6, 80, '2024-05-08 17:13:13', '2024-05-08 17:13:13'),
(171, 6, 83, '2024-05-08 17:13:13', '2024-05-08 17:13:13'),
(172, 6, 87, '2024-05-08 17:13:13', '2024-05-08 17:13:13'),
(173, 6, 90, '2024-05-08 17:13:13', '2024-05-08 17:13:13'),
(174, 6, 96, '2024-05-08 17:13:13', '2024-05-08 17:13:13'),
(175, 6, 98, '2024-05-08 17:13:13', '2024-05-08 17:13:13'),
(176, 6, 102, '2024-05-08 17:13:13', '2024-05-08 17:13:13'),
(177, 6, 106, '2024-05-08 17:13:13', '2024-05-08 17:13:13'),
(178, 6, 112, '2024-05-08 17:13:13', '2024-05-08 17:13:13'),
(179, 6, 115, '2024-05-08 17:13:13', '2024-05-08 17:13:13'),
(180, 6, 118, '2024-05-08 17:13:13', '2024-05-08 17:13:13'),
(181, 7, 1, '2024-05-08 17:13:13', '2024-05-08 17:13:13'),
(182, 7, 5, '2024-05-08 17:13:13', '2024-05-08 17:13:13'),
(183, 7, 9, '2024-05-08 17:13:13', '2024-05-08 17:13:13'),
(184, 7, 13, '2024-05-08 17:13:13', '2024-05-08 17:13:13'),
(185, 7, 17, '2024-05-08 17:13:13', '2024-05-08 17:13:13'),
(186, 7, 21, '2024-05-08 17:13:13', '2024-05-08 17:13:13'),
(187, 7, 26, '2024-05-08 17:13:13', '2024-05-08 17:13:13'),
(188, 7, 31, '2024-05-08 17:13:13', '2024-05-08 17:13:13'),
(189, 7, 35, '2024-05-08 17:13:13', '2024-05-08 17:13:13'),
(190, 7, 37, '2024-05-08 17:13:13', '2024-05-08 17:13:13'),
(191, 7, 42, '2024-05-08 17:13:13', '2024-05-08 17:13:13'),
(192, 7, 47, '2024-05-08 17:13:13', '2024-05-08 17:13:13'),
(193, 7, 52, '2024-05-08 17:13:13', '2024-05-08 17:13:13'),
(194, 7, 54, '2024-05-08 17:13:13', '2024-05-08 17:13:13'),
(195, 7, 58, '2024-05-08 17:13:13', '2024-05-08 17:13:13'),
(196, 7, 64, '2024-05-08 17:13:13', '2024-05-08 17:13:13'),
(197, 7, 67, '2024-05-08 17:13:13', '2024-05-08 17:13:13'),
(198, 7, 69, '2024-05-08 17:13:13', '2024-05-08 17:13:13'),
(199, 7, 73, '2024-05-08 17:13:13', '2024-05-08 17:13:13'),
(200, 7, 80, '2024-05-08 17:13:13', '2024-05-08 17:13:13'),
(201, 7, 83, '2024-05-08 17:13:13', '2024-05-08 17:13:13'),
(202, 7, 88, '2024-05-08 17:13:13', '2024-05-08 17:13:13'),
(203, 7, 89, '2024-05-08 17:13:13', '2024-05-08 17:13:13'),
(204, 7, 95, '2024-05-08 17:13:13', '2024-05-08 17:13:13'),
(205, 7, 100, '2024-05-08 17:13:13', '2024-05-08 17:13:13'),
(206, 7, 102, '2024-05-08 17:13:13', '2024-05-08 17:13:13'),
(207, 7, 106, '2024-05-08 17:13:13', '2024-05-08 17:13:13'),
(208, 7, 111, '2024-05-08 17:13:13', '2024-05-08 17:13:13'),
(209, 7, 115, '2024-05-08 17:13:13', '2024-05-08 17:13:13'),
(210, 7, 117, '2024-05-08 17:13:13', '2024-05-08 17:13:13'),
(211, 8, 3, '2024-05-08 17:13:13', '2024-05-08 17:13:13'),
(212, 8, 8, '2024-05-08 17:13:13', '2024-05-08 17:13:13'),
(213, 8, 9, '2024-05-08 17:13:13', '2024-05-08 17:13:13'),
(214, 8, 13, '2024-05-08 17:13:13', '2024-05-08 17:13:13'),
(215, 8, 20, '2024-05-08 17:13:13', '2024-05-08 17:13:13'),
(216, 8, 24, '2024-05-08 17:13:13', '2024-05-08 17:13:13'),
(217, 8, 26, '2024-05-08 17:13:13', '2024-05-08 17:13:13'),
(218, 8, 29, '2024-05-08 17:13:13', '2024-05-08 17:13:13'),
(219, 8, 36, '2024-05-08 17:13:13', '2024-05-08 17:13:13'),
(220, 8, 37, '2024-05-08 17:13:13', '2024-05-08 17:13:13'),
(221, 8, 41, '2024-05-08 17:13:13', '2024-05-08 17:13:13'),
(222, 8, 48, '2024-05-08 17:13:13', '2024-05-08 17:13:13'),
(223, 8, 49, '2024-05-08 17:13:13', '2024-05-08 17:13:13'),
(224, 8, 53, '2024-05-08 17:13:13', '2024-05-08 17:13:13'),
(225, 8, 59, '2024-05-08 17:13:13', '2024-05-08 17:13:13'),
(226, 8, 62, '2024-05-08 17:13:13', '2024-05-08 17:13:13'),
(227, 8, 68, '2024-05-08 17:13:13', '2024-05-08 17:13:13'),
(228, 8, 69, '2024-05-08 17:13:13', '2024-05-08 17:13:13'),
(229, 8, 74, '2024-05-08 17:13:13', '2024-05-08 17:13:13'),
(230, 8, 78, '2024-05-08 17:13:13', '2024-05-08 17:13:13'),
(231, 8, 82, '2024-05-08 17:13:13', '2024-05-08 17:13:13'),
(232, 8, 86, '2024-05-08 17:13:13', '2024-05-08 17:13:13'),
(233, 8, 92, '2024-05-08 17:13:13', '2024-05-08 17:13:13'),
(234, 8, 93, '2024-05-08 17:13:13', '2024-05-08 17:13:13'),
(235, 8, 97, '2024-05-08 17:13:13', '2024-05-08 17:13:13'),
(236, 8, 101, '2024-05-08 17:13:13', '2024-05-08 17:13:13'),
(237, 8, 105, '2024-05-08 17:13:13', '2024-05-08 17:13:13'),
(238, 8, 111, '2024-05-08 17:13:13', '2024-05-08 17:13:13'),
(239, 8, 113, '2024-05-08 17:13:13', '2024-05-08 17:13:13'),
(240, 8, 119, '2024-05-08 17:13:13', '2024-05-08 17:13:13'),
(241, 9, 3, '2024-05-08 17:13:13', '2024-05-08 17:13:13'),
(242, 9, 8, '2024-05-08 17:13:13', '2024-05-08 17:13:13'),
(243, 9, 11, '2024-05-08 17:13:13', '2024-05-08 17:13:13'),
(244, 9, 14, '2024-05-08 17:13:13', '2024-05-08 17:13:13'),
(245, 9, 20, '2024-05-08 17:13:13', '2024-05-08 17:13:13'),
(246, 9, 23, '2024-05-08 17:13:13', '2024-05-08 17:13:13'),
(247, 9, 28, '2024-05-08 17:13:13', '2024-05-08 17:13:13'),
(248, 9, 30, '2024-05-08 17:13:13', '2024-05-08 17:13:13'),
(249, 9, 33, '2024-05-08 17:13:13', '2024-05-08 17:13:13'),
(250, 9, 39, '2024-05-08 17:13:13', '2024-05-08 17:13:13'),
(251, 9, 41, '2024-05-08 17:13:13', '2024-05-08 17:13:13'),
(252, 9, 48, '2024-05-08 17:13:13', '2024-05-08 17:13:13'),
(253, 9, 49, '2024-05-08 17:13:13', '2024-05-08 17:13:13'),
(254, 9, 54, '2024-05-08 17:13:13', '2024-05-08 17:13:13'),
(255, 9, 58, '2024-05-08 17:13:13', '2024-05-08 17:13:13'),
(256, 9, 63, '2024-05-08 17:13:13', '2024-05-08 17:13:13'),
(257, 9, 65, '2024-05-08 17:13:13', '2024-05-08 17:13:13'),
(258, 9, 71, '2024-05-08 17:13:13', '2024-05-08 17:13:13'),
(259, 9, 75, '2024-05-08 17:13:13', '2024-05-08 17:13:13'),
(260, 9, 79, '2024-05-08 17:13:13', '2024-05-08 17:13:13'),
(261, 9, 82, '2024-05-08 17:13:13', '2024-05-08 17:13:13'),
(262, 9, 87, '2024-05-08 17:13:13', '2024-05-08 17:13:13'),
(263, 9, 90, '2024-05-08 17:13:13', '2024-05-08 17:13:13'),
(264, 9, 94, '2024-05-08 17:13:13', '2024-05-08 17:13:13'),
(265, 9, 99, '2024-05-08 17:13:13', '2024-05-08 17:13:13'),
(266, 9, 102, '2024-05-08 17:13:13', '2024-05-08 17:13:13'),
(267, 9, 105, '2024-05-08 17:13:13', '2024-05-08 17:13:13'),
(268, 9, 110, '2024-05-08 17:13:13', '2024-05-08 17:13:13'),
(269, 9, 113, '2024-05-08 17:13:13', '2024-05-08 17:13:13'),
(270, 9, 118, '2024-05-08 17:13:13', '2024-05-08 17:13:13'),
(271, 10, 2, '2024-05-08 17:13:13', '2024-05-08 17:13:13'),
(272, 10, 6, '2024-05-08 17:13:13', '2024-05-08 17:13:13'),
(273, 10, 9, '2024-05-08 17:13:13', '2024-05-08 17:13:13'),
(274, 10, 14, '2024-05-08 17:13:13', '2024-05-08 17:13:13'),
(275, 10, 17, '2024-05-08 17:13:13', '2024-05-08 17:13:13'),
(276, 10, 24, '2024-05-08 17:13:13', '2024-05-08 17:13:13'),
(277, 10, 25, '2024-05-08 17:13:13', '2024-05-08 17:13:13'),
(278, 10, 29, '2024-05-08 17:13:13', '2024-05-08 17:13:13'),
(279, 10, 35, '2024-05-08 17:13:13', '2024-05-08 17:13:13'),
(280, 10, 37, '2024-05-08 17:13:13', '2024-05-08 17:13:13'),
(281, 10, 43, '2024-05-08 17:13:13', '2024-05-08 17:13:13'),
(282, 10, 45, '2024-05-08 17:13:13', '2024-05-08 17:13:13'),
(283, 10, 51, '2024-05-08 17:13:13', '2024-05-08 17:13:13'),
(284, 10, 56, '2024-05-08 17:13:13', '2024-05-08 17:13:13'),
(285, 10, 59, '2024-05-08 17:13:13', '2024-05-08 17:13:13'),
(286, 10, 64, '2024-05-08 17:13:13', '2024-05-08 17:13:13'),
(287, 10, 67, '2024-05-08 17:13:13', '2024-05-08 17:13:13'),
(288, 10, 70, '2024-05-08 17:13:13', '2024-05-08 17:13:13'),
(289, 10, 74, '2024-05-08 17:13:13', '2024-05-08 17:13:13'),
(290, 10, 80, '2024-05-08 17:13:13', '2024-05-08 17:13:13'),
(291, 10, 81, '2024-05-08 17:13:13', '2024-05-08 17:13:13'),
(292, 10, 86, '2024-05-08 17:13:13', '2024-05-08 17:13:13'),
(293, 10, 92, '2024-05-08 17:13:13', '2024-05-08 17:13:13'),
(294, 10, 93, '2024-05-08 17:13:13', '2024-05-08 17:13:13'),
(295, 10, 99, '2024-05-08 17:13:13', '2024-05-08 17:13:13'),
(296, 10, 104, '2024-05-08 17:13:13', '2024-05-08 17:13:13'),
(297, 10, 107, '2024-05-08 17:13:13', '2024-05-08 17:13:13'),
(298, 10, 110, '2024-05-08 17:13:13', '2024-05-08 17:13:13'),
(299, 10, 113, '2024-05-08 17:13:13', '2024-05-08 17:13:13'),
(300, 10, 119, '2024-05-08 17:13:13', '2024-05-08 17:13:13'),
(301, 11, 2, '2024-05-08 17:13:13', '2024-05-08 17:13:13'),
(302, 11, 7, '2024-05-08 17:13:13', '2024-05-08 17:13:13'),
(303, 11, 10, '2024-05-08 17:13:13', '2024-05-08 17:13:13'),
(304, 11, 16, '2024-05-08 17:13:13', '2024-05-08 17:13:13'),
(305, 11, 19, '2024-05-08 17:13:13', '2024-05-08 17:13:13'),
(306, 11, 23, '2024-05-08 17:13:13', '2024-05-08 17:13:13'),
(307, 11, 27, '2024-05-08 17:13:13', '2024-05-08 17:13:13'),
(308, 11, 32, '2024-05-08 17:13:13', '2024-05-08 17:13:13'),
(309, 11, 33, '2024-05-08 17:13:13', '2024-05-08 17:13:13'),
(310, 11, 37, '2024-05-08 17:13:13', '2024-05-08 17:13:13'),
(311, 11, 44, '2024-05-08 17:13:13', '2024-05-08 17:13:13'),
(312, 11, 45, '2024-05-08 17:13:13', '2024-05-08 17:13:13'),
(313, 11, 49, '2024-05-08 17:13:13', '2024-05-08 17:13:13'),
(314, 11, 55, '2024-05-08 17:13:13', '2024-05-08 17:13:13'),
(315, 11, 58, '2024-05-08 17:13:13', '2024-05-08 17:13:13'),
(316, 11, 61, '2024-05-08 17:13:13', '2024-05-08 17:13:13'),
(317, 11, 65, '2024-05-08 17:13:13', '2024-05-08 17:13:13'),
(318, 11, 72, '2024-05-08 17:13:13', '2024-05-08 17:13:13'),
(319, 11, 76, '2024-05-08 17:13:13', '2024-05-08 17:13:13'),
(320, 11, 77, '2024-05-08 17:13:13', '2024-05-08 17:13:13'),
(321, 11, 81, '2024-05-08 17:13:13', '2024-05-08 17:13:13'),
(322, 11, 86, '2024-05-08 17:13:13', '2024-05-08 17:13:13'),
(323, 11, 91, '2024-05-08 17:13:13', '2024-05-08 17:13:13'),
(324, 11, 93, '2024-05-08 17:13:13', '2024-05-08 17:13:13'),
(325, 11, 100, '2024-05-08 17:13:13', '2024-05-08 17:13:13'),
(326, 11, 102, '2024-05-08 17:13:13', '2024-05-08 17:13:13'),
(327, 11, 107, '2024-05-08 17:13:13', '2024-05-08 17:13:13'),
(328, 11, 110, '2024-05-08 17:13:13', '2024-05-08 17:13:13'),
(329, 11, 114, '2024-05-08 17:13:13', '2024-05-08 17:13:13'),
(330, 11, 118, '2024-05-08 17:13:13', '2024-05-08 17:13:13'),
(331, 12, 1, '2024-05-08 17:13:13', '2024-05-08 17:13:13'),
(332, 12, 8, '2024-05-08 17:13:13', '2024-05-08 17:13:13'),
(333, 12, 12, '2024-05-08 17:13:13', '2024-05-08 17:13:13'),
(334, 12, 14, '2024-05-08 17:13:13', '2024-05-08 17:13:13'),
(335, 12, 19, '2024-05-08 17:13:13', '2024-05-08 17:13:13'),
(336, 12, 21, '2024-05-08 17:13:13', '2024-05-08 17:13:13'),
(337, 12, 25, '2024-05-08 17:13:13', '2024-05-08 17:13:13'),
(338, 12, 30, '2024-05-08 17:13:13', '2024-05-08 17:13:13'),
(339, 12, 36, '2024-05-08 17:13:13', '2024-05-08 17:13:13'),
(340, 12, 37, '2024-05-08 17:13:13', '2024-05-08 17:13:13'),
(341, 12, 41, '2024-05-08 17:13:13', '2024-05-08 17:13:13'),
(342, 12, 48, '2024-05-08 17:13:13', '2024-05-08 17:13:13'),
(343, 12, 51, '2024-05-08 17:13:13', '2024-05-08 17:13:13'),
(344, 12, 56, '2024-05-08 17:13:13', '2024-05-08 17:13:13'),
(345, 12, 58, '2024-05-08 17:13:13', '2024-05-08 17:13:13'),
(346, 12, 64, '2024-05-08 17:13:13', '2024-05-08 17:13:13'),
(347, 12, 68, '2024-05-08 17:13:13', '2024-05-08 17:13:13'),
(348, 12, 72, '2024-05-08 17:13:13', '2024-05-08 17:13:13'),
(349, 12, 73, '2024-05-08 17:13:13', '2024-05-08 17:13:13'),
(350, 12, 79, '2024-05-08 17:13:13', '2024-05-08 17:13:13'),
(351, 12, 83, '2024-05-08 17:13:13', '2024-05-08 17:13:13'),
(352, 12, 87, '2024-05-08 17:13:13', '2024-05-08 17:13:13'),
(353, 12, 89, '2024-05-08 17:13:13', '2024-05-08 17:13:13'),
(354, 12, 94, '2024-05-08 17:13:13', '2024-05-08 17:13:13'),
(355, 12, 100, '2024-05-08 17:13:13', '2024-05-08 17:13:13'),
(356, 12, 103, '2024-05-08 17:13:13', '2024-05-08 17:13:13'),
(357, 12, 108, '2024-05-08 17:13:13', '2024-05-08 17:13:13'),
(358, 12, 110, '2024-05-08 17:13:13', '2024-05-08 17:13:13'),
(359, 12, 114, '2024-05-08 17:13:13', '2024-05-08 17:13:13'),
(360, 12, 117, '2024-05-08 17:13:13', '2024-05-08 17:13:13'),
(361, 13, 4, '2024-05-08 17:13:13', '2024-05-08 17:13:13'),
(362, 13, 6, '2024-05-08 17:13:13', '2024-05-08 17:13:13'),
(363, 13, 11, '2024-05-08 17:13:13', '2024-05-08 17:13:13'),
(364, 13, 16, '2024-05-08 17:13:13', '2024-05-08 17:13:13'),
(365, 13, 18, '2024-05-08 17:13:13', '2024-05-08 17:13:13'),
(366, 13, 23, '2024-05-08 17:13:13', '2024-05-08 17:13:13'),
(367, 13, 28, '2024-05-08 17:13:13', '2024-05-08 17:13:13'),
(368, 13, 32, '2024-05-08 17:13:13', '2024-05-08 17:13:13'),
(369, 13, 36, '2024-05-08 17:13:13', '2024-05-08 17:13:13'),
(370, 13, 37, '2024-05-08 17:13:13', '2024-05-08 17:13:13'),
(371, 13, 41, '2024-05-08 17:13:13', '2024-05-08 17:13:13'),
(372, 13, 47, '2024-05-08 17:13:13', '2024-05-08 17:13:13'),
(373, 13, 50, '2024-05-08 17:13:13', '2024-05-08 17:13:13'),
(374, 13, 54, '2024-05-08 17:13:13', '2024-05-08 17:13:13'),
(375, 13, 60, '2024-05-08 17:13:13', '2024-05-08 17:13:13'),
(376, 13, 63, '2024-05-08 17:13:13', '2024-05-08 17:13:13'),
(377, 13, 65, '2024-05-08 17:13:13', '2024-05-08 17:13:13'),
(378, 13, 69, '2024-05-08 17:13:13', '2024-05-08 17:13:13'),
(379, 13, 75, '2024-05-08 17:13:13', '2024-05-08 17:13:13'),
(380, 13, 78, '2024-05-08 17:13:13', '2024-05-08 17:13:13'),
(381, 13, 84, '2024-05-08 17:13:13', '2024-05-08 17:13:13'),
(382, 13, 86, '2024-05-08 17:13:13', '2024-05-08 17:13:13'),
(383, 13, 91, '2024-05-08 17:13:13', '2024-05-08 17:13:13'),
(384, 13, 93, '2024-05-08 17:13:13', '2024-05-08 17:13:13'),
(385, 13, 99, '2024-05-08 17:13:13', '2024-05-08 17:13:13'),
(386, 13, 101, '2024-05-08 17:13:13', '2024-05-08 17:13:13'),
(387, 13, 106, '2024-05-08 17:13:13', '2024-05-08 17:13:13'),
(388, 13, 112, '2024-05-08 17:13:13', '2024-05-08 17:13:13'),
(389, 13, 113, '2024-05-08 17:13:13', '2024-05-08 17:13:13'),
(390, 13, 118, '2024-05-08 17:13:13', '2024-05-08 17:13:13'),
(391, 14, 1, '2024-05-08 17:13:13', '2024-05-08 17:13:13'),
(392, 14, 5, '2024-05-08 17:13:13', '2024-05-08 17:13:13'),
(393, 14, 11, '2024-05-08 17:13:13', '2024-05-08 17:13:13'),
(394, 14, 13, '2024-05-08 17:13:13', '2024-05-08 17:13:13'),
(395, 14, 20, '2024-05-08 17:13:13', '2024-05-08 17:13:13'),
(396, 14, 22, '2024-05-08 17:13:13', '2024-05-08 17:13:13'),
(397, 14, 27, '2024-05-08 17:13:13', '2024-05-08 17:13:13'),
(398, 14, 29, '2024-05-08 17:13:13', '2024-05-08 17:13:13'),
(399, 14, 34, '2024-05-08 17:13:13', '2024-05-08 17:13:13'),
(400, 14, 37, '2024-05-08 17:13:13', '2024-05-08 17:13:13'),
(401, 14, 42, '2024-05-08 17:13:13', '2024-05-08 17:13:13'),
(402, 14, 45, '2024-05-08 17:13:13', '2024-05-08 17:13:13'),
(403, 14, 50, '2024-05-08 17:13:13', '2024-05-08 17:13:13'),
(404, 14, 54, '2024-05-08 17:13:13', '2024-05-08 17:13:13'),
(405, 14, 59, '2024-05-08 17:13:13', '2024-05-08 17:13:13'),
(406, 14, 62, '2024-05-08 17:13:13', '2024-05-08 17:13:13'),
(407, 14, 66, '2024-05-08 17:13:13', '2024-05-08 17:13:13'),
(408, 14, 72, '2024-05-08 17:13:13', '2024-05-08 17:13:13'),
(409, 14, 74, '2024-05-08 17:13:13', '2024-05-08 17:13:13'),
(410, 14, 80, '2024-05-08 17:13:13', '2024-05-08 17:13:13'),
(411, 14, 83, '2024-05-08 17:13:13', '2024-05-08 17:13:13'),
(412, 14, 87, '2024-05-08 17:13:13', '2024-05-08 17:13:13'),
(413, 14, 91, '2024-05-08 17:13:13', '2024-05-08 17:13:13'),
(414, 14, 95, '2024-05-08 17:13:13', '2024-05-08 17:13:13'),
(415, 14, 98, '2024-05-08 17:13:13', '2024-05-08 17:13:13'),
(416, 14, 102, '2024-05-08 17:13:13', '2024-05-08 17:13:13'),
(417, 14, 107, '2024-05-08 17:13:13', '2024-05-08 17:13:13'),
(418, 14, 110, '2024-05-08 17:13:13', '2024-05-08 17:13:13'),
(419, 14, 116, '2024-05-08 17:13:13', '2024-05-08 17:13:13'),
(420, 14, 117, '2024-05-08 17:13:13', '2024-05-08 17:13:13'),
(421, 15, 4, '2024-05-08 17:13:13', '2024-05-08 17:13:13'),
(422, 15, 7, '2024-05-08 17:13:13', '2024-05-08 17:13:13'),
(423, 15, 12, '2024-05-08 17:13:13', '2024-05-08 17:13:13'),
(424, 15, 14, '2024-05-08 17:13:13', '2024-05-08 17:13:13'),
(425, 15, 20, '2024-05-08 17:13:13', '2024-05-08 17:13:13'),
(426, 15, 24, '2024-05-08 17:13:13', '2024-05-08 17:13:13'),
(427, 15, 27, '2024-05-08 17:13:13', '2024-05-08 17:13:13'),
(428, 15, 29, '2024-05-08 17:13:13', '2024-05-08 17:13:13'),
(429, 15, 36, '2024-05-08 17:13:13', '2024-05-08 17:13:13'),
(430, 15, 39, '2024-05-08 17:13:13', '2024-05-08 17:13:13'),
(431, 15, 43, '2024-05-08 17:13:13', '2024-05-08 17:13:13'),
(432, 15, 45, '2024-05-08 17:13:13', '2024-05-08 17:13:13'),
(433, 15, 51, '2024-05-08 17:13:13', '2024-05-08 17:13:13'),
(434, 15, 53, '2024-05-08 17:13:13', '2024-05-08 17:13:13'),
(435, 15, 58, '2024-05-08 17:13:13', '2024-05-08 17:13:13'),
(436, 15, 64, '2024-05-08 17:13:13', '2024-05-08 17:13:13'),
(437, 15, 67, '2024-05-08 17:13:13', '2024-05-08 17:13:13'),
(438, 15, 69, '2024-05-08 17:13:13', '2024-05-08 17:13:13'),
(439, 15, 74, '2024-05-08 17:13:13', '2024-05-08 17:13:13'),
(440, 15, 79, '2024-05-08 17:13:13', '2024-05-08 17:13:13'),
(441, 15, 82, '2024-05-08 17:13:13', '2024-05-08 17:13:13'),
(442, 15, 85, '2024-05-08 17:13:13', '2024-05-08 17:13:13'),
(443, 15, 91, '2024-05-08 17:13:13', '2024-05-08 17:13:13'),
(444, 15, 94, '2024-05-08 17:13:13', '2024-05-08 17:13:13'),
(445, 15, 99, '2024-05-08 17:13:13', '2024-05-08 17:13:13'),
(446, 15, 102, '2024-05-08 17:13:13', '2024-05-08 17:13:13'),
(447, 15, 107, '2024-05-08 17:13:13', '2024-05-08 17:13:13'),
(448, 15, 110, '2024-05-08 17:13:13', '2024-05-08 17:13:13'),
(449, 15, 114, '2024-05-08 17:13:13', '2024-05-08 17:13:13'),
(450, 15, 120, '2024-05-08 17:13:13', '2024-05-08 17:13:13'),
(451, 16, 3, '2024-05-08 17:13:24', '2024-05-08 17:13:24'),
(452, 16, 5, '2024-05-08 17:13:24', '2024-05-08 17:13:24'),
(453, 16, 10, '2024-05-08 17:13:24', '2024-05-08 17:13:24'),
(454, 16, 13, '2024-05-08 17:13:24', '2024-05-08 17:13:24'),
(455, 16, 17, '2024-05-08 17:13:24', '2024-05-08 17:13:24'),
(456, 16, 21, '2024-05-08 17:13:24', '2024-05-08 17:13:24'),
(457, 16, 25, '2024-05-08 17:13:24', '2024-05-08 17:13:24'),
(458, 16, 32, '2024-05-08 17:13:24', '2024-05-08 17:13:24'),
(459, 16, 35, '2024-05-08 17:13:24', '2024-05-08 17:13:24'),
(460, 16, 38, '2024-05-08 17:13:24', '2024-05-08 17:13:24'),
(461, 16, 41, '2024-05-08 17:13:24', '2024-05-08 17:13:24'),
(462, 16, 48, '2024-05-08 17:13:24', '2024-05-08 17:13:24'),
(463, 16, 51, '2024-05-08 17:13:24', '2024-05-08 17:13:24'),
(464, 16, 55, '2024-05-08 17:13:24', '2024-05-08 17:13:24'),
(465, 16, 59, '2024-05-08 17:13:24', '2024-05-08 17:13:24'),
(466, 16, 64, '2024-05-08 17:13:24', '2024-05-08 17:13:24'),
(467, 16, 68, '2024-05-08 17:13:24', '2024-05-08 17:13:24'),
(468, 16, 70, '2024-05-08 17:13:24', '2024-05-08 17:13:24'),
(469, 16, 74, '2024-05-08 17:13:24', '2024-05-08 17:13:24'),
(470, 16, 80, '2024-05-08 17:13:24', '2024-05-08 17:13:24'),
(471, 16, 84, '2024-05-08 17:13:24', '2024-05-08 17:13:24'),
(472, 16, 85, '2024-05-08 17:13:24', '2024-05-08 17:13:24'),
(473, 16, 89, '2024-05-08 17:13:24', '2024-05-08 17:13:24'),
(474, 16, 95, '2024-05-08 17:13:24', '2024-05-08 17:13:24'),
(475, 16, 97, '2024-05-08 17:13:24', '2024-05-08 17:13:24'),
(476, 16, 101, '2024-05-08 17:13:24', '2024-05-08 17:13:24'),
(477, 16, 105, '2024-05-08 17:13:24', '2024-05-08 17:13:24'),
(478, 16, 111, '2024-05-08 17:13:24', '2024-05-08 17:13:24'),
(479, 16, 114, '2024-05-08 17:13:24', '2024-05-08 17:13:24'),
(480, 16, 119, '2024-05-08 17:13:24', '2024-05-08 17:13:24'),
(481, 17, 4, '2024-05-08 17:13:25', '2024-05-08 17:13:25'),
(482, 17, 7, '2024-05-08 17:13:25', '2024-05-08 17:13:25'),
(483, 17, 10, '2024-05-08 17:13:25', '2024-05-08 17:13:25'),
(484, 17, 14, '2024-05-08 17:13:25', '2024-05-08 17:13:25'),
(485, 17, 19, '2024-05-08 17:13:25', '2024-05-08 17:13:25'),
(486, 17, 22, '2024-05-08 17:13:25', '2024-05-08 17:13:25'),
(487, 17, 26, '2024-05-08 17:13:25', '2024-05-08 17:13:25'),
(488, 17, 30, '2024-05-08 17:13:25', '2024-05-08 17:13:25'),
(489, 17, 36, '2024-05-08 17:13:25', '2024-05-08 17:13:25'),
(490, 17, 38, '2024-05-08 17:13:25', '2024-05-08 17:13:25'),
(491, 17, 43, '2024-05-08 17:13:25', '2024-05-08 17:13:25'),
(492, 17, 47, '2024-05-08 17:13:25', '2024-05-08 17:13:25'),
(493, 17, 49, '2024-05-08 17:13:25', '2024-05-08 17:13:25'),
(494, 17, 56, '2024-05-08 17:13:25', '2024-05-08 17:13:25'),
(495, 17, 60, '2024-05-08 17:13:25', '2024-05-08 17:13:25'),
(496, 17, 64, '2024-05-08 17:13:25', '2024-05-08 17:13:25'),
(497, 17, 66, '2024-05-08 17:13:25', '2024-05-08 17:13:25'),
(498, 17, 70, '2024-05-08 17:13:25', '2024-05-08 17:13:25'),
(499, 17, 76, '2024-05-08 17:13:25', '2024-05-08 17:13:25'),
(500, 17, 79, '2024-05-08 17:13:25', '2024-05-08 17:13:25'),
(501, 17, 84, '2024-05-08 17:13:25', '2024-05-08 17:13:25'),
(502, 17, 87, '2024-05-08 17:13:25', '2024-05-08 17:13:25'),
(503, 17, 91, '2024-05-08 17:13:25', '2024-05-08 17:13:25'),
(504, 17, 96, '2024-05-08 17:13:25', '2024-05-08 17:13:25'),
(505, 17, 98, '2024-05-08 17:13:25', '2024-05-08 17:13:25'),
(506, 17, 102, '2024-05-08 17:13:25', '2024-05-08 17:13:25'),
(507, 17, 105, '2024-05-08 17:13:25', '2024-05-08 17:13:25'),
(508, 17, 109, '2024-05-08 17:13:25', '2024-05-08 17:13:25'),
(509, 17, 115, '2024-05-08 17:13:25', '2024-05-08 17:13:25'),
(510, 17, 118, '2024-05-08 17:13:25', '2024-05-08 17:13:25'),
(511, 18, 3, '2024-05-08 17:13:25', '2024-05-08 17:13:25'),
(512, 18, 8, '2024-05-08 17:13:25', '2024-05-08 17:13:25'),
(513, 18, 11, '2024-05-08 17:13:25', '2024-05-08 17:13:25'),
(514, 18, 15, '2024-05-08 17:13:25', '2024-05-08 17:13:25'),
(515, 18, 20, '2024-05-08 17:13:25', '2024-05-08 17:13:25'),
(516, 18, 22, '2024-05-08 17:13:25', '2024-05-08 17:13:25'),
(517, 18, 28, '2024-05-08 17:13:25', '2024-05-08 17:13:25'),
(518, 18, 31, '2024-05-08 17:13:25', '2024-05-08 17:13:25'),
(519, 18, 33, '2024-05-08 17:13:25', '2024-05-08 17:13:25'),
(520, 18, 38, '2024-05-08 17:13:25', '2024-05-08 17:13:25'),
(521, 18, 44, '2024-05-08 17:13:25', '2024-05-08 17:13:25'),
(522, 18, 48, '2024-05-08 17:13:25', '2024-05-08 17:13:25'),
(523, 18, 52, '2024-05-08 17:13:25', '2024-05-08 17:13:25'),
(524, 18, 54, '2024-05-08 17:13:25', '2024-05-08 17:13:25'),
(525, 18, 60, '2024-05-08 17:13:25', '2024-05-08 17:13:25'),
(526, 18, 61, '2024-05-08 17:13:25', '2024-05-08 17:13:25'),
(527, 18, 67, '2024-05-08 17:13:25', '2024-05-08 17:13:25'),
(528, 18, 71, '2024-05-08 17:13:25', '2024-05-08 17:13:25'),
(529, 18, 75, '2024-05-08 17:13:25', '2024-05-08 17:13:25'),
(530, 18, 77, '2024-05-08 17:13:25', '2024-05-08 17:13:25'),
(531, 18, 83, '2024-05-08 17:13:25', '2024-05-08 17:13:25'),
(532, 18, 85, '2024-05-08 17:13:25', '2024-05-08 17:13:25'),
(533, 18, 90, '2024-05-08 17:13:25', '2024-05-08 17:13:25'),
(534, 18, 96, '2024-05-08 17:13:25', '2024-05-08 17:13:25'),
(535, 18, 100, '2024-05-08 17:13:25', '2024-05-08 17:13:25'),
(536, 18, 102, '2024-05-08 17:13:25', '2024-05-08 17:13:25'),
(537, 18, 105, '2024-05-08 17:13:25', '2024-05-08 17:13:25'),
(538, 18, 110, '2024-05-08 17:13:25', '2024-05-08 17:13:25'),
(539, 18, 114, '2024-05-08 17:13:25', '2024-05-08 17:13:25'),
(540, 18, 117, '2024-05-08 17:13:25', '2024-05-08 17:13:25'),
(541, 19, 3, '2024-05-08 17:13:25', '2024-05-08 17:13:25'),
(542, 19, 7, '2024-05-08 17:13:25', '2024-05-08 17:13:25'),
(543, 19, 9, '2024-05-08 17:13:25', '2024-05-08 17:13:25'),
(544, 19, 16, '2024-05-08 17:13:25', '2024-05-08 17:13:25'),
(545, 19, 18, '2024-05-08 17:13:25', '2024-05-08 17:13:25'),
(546, 19, 24, '2024-05-08 17:13:25', '2024-05-08 17:13:25'),
(547, 19, 27, '2024-05-08 17:13:25', '2024-05-08 17:13:25'),
(548, 19, 30, '2024-05-08 17:13:25', '2024-05-08 17:13:25'),
(549, 19, 33, '2024-05-08 17:13:25', '2024-05-08 17:13:25'),
(550, 19, 40, '2024-05-08 17:13:25', '2024-05-08 17:13:25'),
(551, 19, 44, '2024-05-08 17:13:25', '2024-05-08 17:13:25'),
(552, 19, 46, '2024-05-08 17:13:25', '2024-05-08 17:13:25'),
(553, 19, 52, '2024-05-08 17:13:25', '2024-05-08 17:13:25'),
(554, 19, 53, '2024-05-08 17:13:25', '2024-05-08 17:13:25'),
(555, 19, 59, '2024-05-08 17:13:25', '2024-05-08 17:13:25'),
(556, 19, 63, '2024-05-08 17:13:25', '2024-05-08 17:13:25'),
(557, 19, 66, '2024-05-08 17:13:25', '2024-05-08 17:13:25'),
(558, 19, 69, '2024-05-08 17:13:25', '2024-05-08 17:13:25'),
(559, 19, 75, '2024-05-08 17:13:25', '2024-05-08 17:13:25'),
(560, 19, 79, '2024-05-08 17:13:25', '2024-05-08 17:13:25'),
(561, 19, 81, '2024-05-08 17:13:25', '2024-05-08 17:13:25'),
(562, 19, 86, '2024-05-08 17:13:25', '2024-05-08 17:13:25'),
(563, 19, 92, '2024-05-08 17:13:25', '2024-05-08 17:13:25'),
(564, 19, 96, '2024-05-08 17:13:25', '2024-05-08 17:13:25'),
(565, 19, 97, '2024-05-08 17:13:25', '2024-05-08 17:13:25'),
(566, 19, 103, '2024-05-08 17:13:25', '2024-05-08 17:13:25'),
(567, 19, 107, '2024-05-08 17:13:25', '2024-05-08 17:13:25'),
(568, 19, 112, '2024-05-08 17:13:25', '2024-05-08 17:13:25'),
(569, 19, 114, '2024-05-08 17:13:25', '2024-05-08 17:13:25'),
(570, 19, 117, '2024-05-08 17:13:25', '2024-05-08 17:13:25'),
(571, 20, 1, '2024-05-08 17:13:25', '2024-05-08 17:13:25'),
(572, 20, 7, '2024-05-08 17:13:25', '2024-05-08 17:13:25'),
(573, 20, 10, '2024-05-08 17:13:25', '2024-05-08 17:13:25'),
(574, 20, 13, '2024-05-08 17:13:25', '2024-05-08 17:13:25'),
(575, 20, 20, '2024-05-08 17:13:25', '2024-05-08 17:13:25'),
(576, 20, 24, '2024-05-08 17:13:25', '2024-05-08 17:13:25'),
(577, 20, 26, '2024-05-08 17:13:25', '2024-05-08 17:13:25'),
(578, 20, 31, '2024-05-08 17:13:25', '2024-05-08 17:13:25'),
(579, 20, 36, '2024-05-08 17:13:25', '2024-05-08 17:13:25'),
(580, 20, 37, '2024-05-08 17:13:25', '2024-05-08 17:13:25'),
(581, 20, 43, '2024-05-08 17:13:25', '2024-05-08 17:13:25'),
(582, 20, 46, '2024-05-08 17:13:25', '2024-05-08 17:13:25'),
(583, 20, 51, '2024-05-08 17:13:25', '2024-05-08 17:13:25'),
(584, 20, 56, '2024-05-08 17:13:25', '2024-05-08 17:13:25'),
(585, 20, 59, '2024-05-08 17:13:25', '2024-05-08 17:13:25'),
(586, 20, 64, '2024-05-08 17:13:25', '2024-05-08 17:13:25'),
(587, 20, 68, '2024-05-08 17:13:25', '2024-05-08 17:13:25'),
(588, 20, 70, '2024-05-08 17:13:25', '2024-05-08 17:13:25'),
(589, 20, 75, '2024-05-08 17:13:25', '2024-05-08 17:13:25'),
(590, 20, 77, '2024-05-08 17:13:25', '2024-05-08 17:13:25'),
(591, 20, 83, '2024-05-08 17:13:25', '2024-05-08 17:13:25'),
(592, 20, 85, '2024-05-08 17:13:25', '2024-05-08 17:13:25'),
(593, 20, 91, '2024-05-08 17:13:25', '2024-05-08 17:13:25'),
(594, 20, 95, '2024-05-08 17:13:25', '2024-05-08 17:13:25'),
(595, 20, 100, '2024-05-08 17:13:25', '2024-05-08 17:13:25'),
(596, 20, 102, '2024-05-08 17:13:25', '2024-05-08 17:13:25'),
(597, 20, 108, '2024-05-08 17:13:25', '2024-05-08 17:13:25'),
(598, 20, 110, '2024-05-08 17:13:25', '2024-05-08 17:13:25'),
(599, 20, 116, '2024-05-08 17:13:25', '2024-05-08 17:13:25'),
(600, 20, 119, '2024-05-08 17:13:25', '2024-05-08 17:13:25'),
(601, 21, 2, '2024-05-08 17:13:40', '2024-05-08 17:13:40'),
(602, 21, 8, '2024-05-08 17:13:40', '2024-05-08 17:13:40'),
(603, 21, 9, '2024-05-08 17:13:40', '2024-05-08 17:13:40'),
(604, 21, 16, '2024-05-08 17:13:40', '2024-05-08 17:13:40'),
(605, 21, 18, '2024-05-08 17:13:40', '2024-05-08 17:13:40'),
(606, 21, 23, '2024-05-08 17:13:40', '2024-05-08 17:13:40'),
(607, 21, 28, '2024-05-08 17:13:40', '2024-05-08 17:13:40'),
(608, 21, 29, '2024-05-08 17:13:40', '2024-05-08 17:13:40'),
(609, 21, 36, '2024-05-08 17:13:40', '2024-05-08 17:13:40'),
(610, 21, 37, '2024-05-08 17:13:40', '2024-05-08 17:13:40'),
(611, 21, 43, '2024-05-08 17:13:40', '2024-05-08 17:13:40'),
(612, 21, 47, '2024-05-08 17:13:40', '2024-05-08 17:13:40'),
(613, 21, 49, '2024-05-08 17:13:40', '2024-05-08 17:13:40'),
(614, 21, 53, '2024-05-08 17:13:40', '2024-05-08 17:13:40'),
(615, 21, 60, '2024-05-08 17:13:40', '2024-05-08 17:13:40'),
(616, 21, 63, '2024-05-08 17:13:40', '2024-05-08 17:13:40'),
(617, 21, 66, '2024-05-08 17:13:40', '2024-05-08 17:13:40'),
(618, 21, 70, '2024-05-08 17:13:40', '2024-05-08 17:13:40'),
(619, 21, 74, '2024-05-08 17:13:40', '2024-05-08 17:13:40'),
(620, 21, 78, '2024-05-08 17:13:40', '2024-05-08 17:13:40'),
(621, 21, 82, '2024-05-08 17:13:40', '2024-05-08 17:13:40'),
(622, 21, 85, '2024-05-08 17:13:40', '2024-05-08 17:13:40'),
(623, 21, 91, '2024-05-08 17:13:40', '2024-05-08 17:13:40'),
(624, 21, 95, '2024-05-08 17:13:40', '2024-05-08 17:13:40'),
(625, 21, 97, '2024-05-08 17:13:40', '2024-05-08 17:13:40'),
(626, 21, 104, '2024-05-08 17:13:40', '2024-05-08 17:13:40'),
(627, 21, 105, '2024-05-08 17:13:40', '2024-05-08 17:13:40'),
(628, 21, 111, '2024-05-08 17:13:40', '2024-05-08 17:13:40'),
(629, 21, 116, '2024-05-08 17:13:40', '2024-05-08 17:13:40'),
(630, 21, 118, '2024-05-08 17:13:40', '2024-05-08 17:13:40'),
(631, 22, 1, '2024-05-08 17:13:40', '2024-05-08 17:13:40'),
(632, 22, 7, '2024-05-08 17:13:40', '2024-05-08 17:13:40'),
(633, 22, 12, '2024-05-08 17:13:40', '2024-05-08 17:13:40'),
(634, 22, 16, '2024-05-08 17:13:40', '2024-05-08 17:13:40'),
(635, 22, 19, '2024-05-08 17:13:40', '2024-05-08 17:13:40'),
(636, 22, 22, '2024-05-08 17:13:40', '2024-05-08 17:13:40'),
(637, 22, 26, '2024-05-08 17:13:40', '2024-05-08 17:13:40'),
(638, 22, 30, '2024-05-08 17:13:40', '2024-05-08 17:13:40'),
(639, 22, 35, '2024-05-08 17:13:40', '2024-05-08 17:13:40'),
(640, 22, 40, '2024-05-08 17:13:40', '2024-05-08 17:13:40'),
(641, 22, 44, '2024-05-08 17:13:40', '2024-05-08 17:13:40'),
(642, 22, 47, '2024-05-08 17:13:40', '2024-05-08 17:13:40'),
(643, 22, 50, '2024-05-08 17:13:40', '2024-05-08 17:13:40'),
(644, 22, 55, '2024-05-08 17:13:40', '2024-05-08 17:13:40'),
(645, 22, 60, '2024-05-08 17:13:40', '2024-05-08 17:13:40'),
(646, 22, 61, '2024-05-08 17:13:40', '2024-05-08 17:13:40'),
(647, 22, 65, '2024-05-08 17:13:40', '2024-05-08 17:13:40'),
(648, 22, 70, '2024-05-08 17:13:40', '2024-05-08 17:13:40'),
(649, 22, 75, '2024-05-08 17:13:40', '2024-05-08 17:13:40'),
(650, 22, 80, '2024-05-08 17:13:40', '2024-05-08 17:13:40'),
(651, 22, 82, '2024-05-08 17:13:40', '2024-05-08 17:13:40'),
(652, 22, 88, '2024-05-08 17:13:40', '2024-05-08 17:13:40'),
(653, 22, 89, '2024-05-08 17:13:40', '2024-05-08 17:13:40'),
(654, 22, 96, '2024-05-08 17:13:40', '2024-05-08 17:13:40'),
(655, 22, 98, '2024-05-08 17:13:40', '2024-05-08 17:13:40'),
(656, 22, 102, '2024-05-08 17:13:40', '2024-05-08 17:13:40'),
(657, 22, 107, '2024-05-08 17:13:40', '2024-05-08 17:13:40'),
(658, 22, 109, '2024-05-08 17:13:40', '2024-05-08 17:13:40'),
(659, 22, 116, '2024-05-08 17:13:40', '2024-05-08 17:13:40'),
(660, 22, 118, '2024-05-08 17:13:40', '2024-05-08 17:13:40'),
(661, 23, 2, '2024-05-08 17:13:40', '2024-05-08 17:13:40'),
(662, 23, 8, '2024-05-08 17:13:40', '2024-05-08 17:13:40'),
(663, 23, 11, '2024-05-08 17:13:40', '2024-05-08 17:13:40'),
(664, 23, 16, '2024-05-08 17:13:40', '2024-05-08 17:13:40'),
(665, 23, 18, '2024-05-08 17:13:40', '2024-05-08 17:13:40'),
(666, 23, 22, '2024-05-08 17:13:40', '2024-05-08 17:13:40'),
(667, 23, 26, '2024-05-08 17:13:40', '2024-05-08 17:13:40'),
(668, 23, 30, '2024-05-08 17:13:40', '2024-05-08 17:13:40'),
(669, 23, 35, '2024-05-08 17:13:40', '2024-05-08 17:13:40'),
(670, 23, 40, '2024-05-08 17:13:40', '2024-05-08 17:13:40'),
(671, 23, 42, '2024-05-08 17:13:40', '2024-05-08 17:13:40'),
(672, 23, 46, '2024-05-08 17:13:40', '2024-05-08 17:13:40'),
(673, 23, 51, '2024-05-08 17:13:40', '2024-05-08 17:13:40'),
(674, 23, 53, '2024-05-08 17:13:40', '2024-05-08 17:13:40'),
(675, 23, 60, '2024-05-08 17:13:40', '2024-05-08 17:13:40'),
(676, 23, 62, '2024-05-08 17:13:40', '2024-05-08 17:13:40'),
(677, 23, 65, '2024-05-08 17:13:40', '2024-05-08 17:13:40'),
(678, 23, 71, '2024-05-08 17:13:40', '2024-05-08 17:13:40'),
(679, 23, 74, '2024-05-08 17:13:40', '2024-05-08 17:13:40'),
(680, 23, 78, '2024-05-08 17:13:40', '2024-05-08 17:13:40'),
(681, 23, 82, '2024-05-08 17:13:40', '2024-05-08 17:13:40'),
(682, 23, 86, '2024-05-08 17:13:40', '2024-05-08 17:13:40'),
(683, 23, 92, '2024-05-08 17:13:40', '2024-05-08 17:13:40'),
(684, 23, 93, '2024-05-08 17:13:40', '2024-05-08 17:13:40'),
(685, 23, 99, '2024-05-08 17:13:40', '2024-05-08 17:13:40'),
(686, 23, 103, '2024-05-08 17:13:40', '2024-05-08 17:13:40'),
(687, 23, 105, '2024-05-08 17:13:40', '2024-05-08 17:13:40'),
(688, 23, 111, '2024-05-08 17:13:40', '2024-05-08 17:13:40'),
(689, 23, 116, '2024-05-08 17:13:40', '2024-05-08 17:13:40'),
(690, 23, 120, '2024-05-08 17:13:40', '2024-05-08 17:13:40'),
(691, 24, 2, '2024-05-08 17:13:40', '2024-05-08 17:13:40'),
(692, 24, 7, '2024-05-08 17:13:40', '2024-05-08 17:13:40'),
(693, 24, 11, '2024-05-08 17:13:40', '2024-05-08 17:13:40'),
(694, 24, 16, '2024-05-08 17:13:40', '2024-05-08 17:13:40'),
(695, 24, 19, '2024-05-08 17:13:40', '2024-05-08 17:13:40'),
(696, 24, 24, '2024-05-08 17:13:40', '2024-05-08 17:13:40'),
(697, 24, 25, '2024-05-08 17:13:40', '2024-05-08 17:13:40'),
(698, 24, 31, '2024-05-08 17:13:40', '2024-05-08 17:13:40'),
(699, 24, 36, '2024-05-08 17:13:40', '2024-05-08 17:13:40'),
(700, 24, 38, '2024-05-08 17:13:40', '2024-05-08 17:13:40'),
(701, 24, 41, '2024-05-08 17:13:40', '2024-05-08 17:13:40'),
(702, 24, 48, '2024-05-08 17:13:40', '2024-05-08 17:13:40'),
(703, 24, 49, '2024-05-08 17:13:40', '2024-05-08 17:13:40'),
(704, 24, 54, '2024-05-08 17:13:40', '2024-05-08 17:13:40'),
(705, 24, 60, '2024-05-08 17:13:40', '2024-05-08 17:13:40'),
(706, 24, 63, '2024-05-08 17:13:40', '2024-05-08 17:13:40'),
(707, 24, 68, '2024-05-08 17:13:40', '2024-05-08 17:13:40'),
(708, 24, 72, '2024-05-08 17:13:40', '2024-05-08 17:13:40'),
(709, 24, 74, '2024-05-08 17:13:40', '2024-05-08 17:13:40'),
(710, 24, 80, '2024-05-08 17:13:40', '2024-05-08 17:13:40'),
(711, 24, 82, '2024-05-08 17:13:40', '2024-05-08 17:13:40'),
(712, 24, 87, '2024-05-08 17:13:40', '2024-05-08 17:13:40'),
(713, 24, 92, '2024-05-08 17:13:40', '2024-05-08 17:13:40'),
(714, 24, 95, '2024-05-08 17:13:40', '2024-05-08 17:13:40'),
(715, 24, 100, '2024-05-08 17:13:40', '2024-05-08 17:13:40'),
(716, 24, 102, '2024-05-08 17:13:40', '2024-05-08 17:13:40'),
(717, 24, 106, '2024-05-08 17:13:40', '2024-05-08 17:13:40'),
(718, 24, 110, '2024-05-08 17:13:40', '2024-05-08 17:13:40'),
(719, 24, 115, '2024-05-08 17:13:40', '2024-05-08 17:13:40'),
(720, 24, 118, '2024-05-08 17:13:40', '2024-05-08 17:13:40'),
(721, 25, 3, '2024-05-08 17:13:40', '2024-05-08 17:13:40'),
(722, 25, 8, '2024-05-08 17:13:40', '2024-05-08 17:13:40'),
(723, 25, 12, '2024-05-08 17:13:40', '2024-05-08 17:13:40'),
(724, 25, 13, '2024-05-08 17:13:40', '2024-05-08 17:13:40'),
(725, 25, 20, '2024-05-08 17:13:40', '2024-05-08 17:13:40'),
(726, 25, 24, '2024-05-08 17:13:40', '2024-05-08 17:13:40'),
(727, 25, 25, '2024-05-08 17:13:40', '2024-05-08 17:13:40'),
(728, 25, 29, '2024-05-08 17:13:40', '2024-05-08 17:13:40'),
(729, 25, 36, '2024-05-08 17:13:40', '2024-05-08 17:13:40'),
(730, 25, 40, '2024-05-08 17:13:40', '2024-05-08 17:13:40'),
(731, 25, 43, '2024-05-08 17:13:40', '2024-05-08 17:13:40'),
(732, 25, 48, '2024-05-08 17:13:40', '2024-05-08 17:13:40'),
(733, 25, 51, '2024-05-08 17:13:40', '2024-05-08 17:13:40'),
(734, 25, 53, '2024-05-08 17:13:40', '2024-05-08 17:13:40'),
(735, 25, 59, '2024-05-08 17:13:40', '2024-05-08 17:13:40'),
(736, 25, 61, '2024-05-08 17:13:40', '2024-05-08 17:13:40'),
(737, 25, 68, '2024-05-08 17:13:40', '2024-05-08 17:13:40'),
(738, 25, 72, '2024-05-08 17:13:40', '2024-05-08 17:13:40'),
(739, 25, 74, '2024-05-08 17:13:40', '2024-05-08 17:13:40'),
(740, 25, 77, '2024-05-08 17:13:40', '2024-05-08 17:13:40'),
(741, 25, 82, '2024-05-08 17:13:40', '2024-05-08 17:13:40'),
(742, 25, 87, '2024-05-08 17:13:40', '2024-05-08 17:13:40'),
(743, 25, 90, '2024-05-08 17:13:40', '2024-05-08 17:13:40'),
(744, 25, 94, '2024-05-08 17:13:40', '2024-05-08 17:13:40'),
(745, 25, 99, '2024-05-08 17:13:40', '2024-05-08 17:13:40'),
(746, 25, 104, '2024-05-08 17:13:40', '2024-05-08 17:13:40'),
(747, 25, 105, '2024-05-08 17:13:40', '2024-05-08 17:13:40'),
(748, 25, 112, '2024-05-08 17:13:40', '2024-05-08 17:13:40'),
(749, 25, 115, '2024-05-08 17:13:40', '2024-05-08 17:13:40'),
(750, 25, 117, '2024-05-08 17:13:40', '2024-05-08 17:13:40'),
(751, 26, 2, '2024-05-08 17:14:32', '2024-05-08 17:14:32'),
(752, 26, 7, '2024-05-08 17:14:32', '2024-05-08 17:14:32'),
(753, 26, 10, '2024-05-08 17:14:32', '2024-05-08 17:14:32'),
(754, 26, 13, '2024-05-08 17:14:32', '2024-05-08 17:14:32'),
(755, 26, 19, '2024-05-08 17:14:32', '2024-05-08 17:14:32'),
(756, 26, 23, '2024-05-08 17:14:32', '2024-05-08 17:14:32'),
(757, 26, 28, '2024-05-08 17:14:32', '2024-05-08 17:14:32'),
(758, 26, 31, '2024-05-08 17:14:32', '2024-05-08 17:14:32'),
(759, 26, 36, '2024-05-08 17:14:32', '2024-05-08 17:14:32'),
(760, 26, 39, '2024-05-08 17:14:32', '2024-05-08 17:14:32'),
(761, 26, 44, '2024-05-08 17:14:32', '2024-05-08 17:14:32'),
(762, 26, 47, '2024-05-08 17:14:32', '2024-05-08 17:14:32'),
(763, 26, 51, '2024-05-08 17:14:32', '2024-05-08 17:14:32'),
(764, 26, 55, '2024-05-08 17:14:32', '2024-05-08 17:14:32'),
(765, 26, 60, '2024-05-08 17:14:32', '2024-05-08 17:14:32'),
(766, 26, 63, '2024-05-08 17:14:32', '2024-05-08 17:14:32'),
(767, 26, 68, '2024-05-08 17:14:32', '2024-05-08 17:14:32'),
(768, 26, 71, '2024-05-08 17:14:32', '2024-05-08 17:14:32'),
(769, 26, 74, '2024-05-08 17:14:32', '2024-05-08 17:14:32'),
(770, 26, 80, '2024-05-08 17:14:32', '2024-05-08 17:14:32'),
(771, 26, 81, '2024-05-08 17:14:32', '2024-05-08 17:14:32'),
(772, 26, 86, '2024-05-08 17:14:32', '2024-05-08 17:14:32'),
(773, 26, 91, '2024-05-08 17:14:32', '2024-05-08 17:14:32'),
(774, 26, 94, '2024-05-08 17:14:32', '2024-05-08 17:14:32'),
(775, 26, 99, '2024-05-08 17:14:32', '2024-05-08 17:14:32'),
(776, 26, 103, '2024-05-08 17:14:32', '2024-05-08 17:14:32'),
(777, 26, 105, '2024-05-08 17:14:32', '2024-05-08 17:14:32'),
(778, 26, 109, '2024-05-08 17:14:32', '2024-05-08 17:14:32'),
(779, 26, 115, '2024-05-08 17:14:32', '2024-05-08 17:14:32'),
(780, 26, 120, '2024-05-08 17:14:32', '2024-05-08 17:14:32'),
(781, 27, 4, '2024-05-08 17:14:32', '2024-05-08 17:14:32'),
(782, 27, 6, '2024-05-08 17:14:32', '2024-05-08 17:14:32'),
(783, 27, 12, '2024-05-08 17:14:32', '2024-05-08 17:14:32'),
(784, 27, 16, '2024-05-08 17:14:32', '2024-05-08 17:14:32'),
(785, 27, 19, '2024-05-08 17:14:32', '2024-05-08 17:14:32'),
(786, 27, 21, '2024-05-08 17:14:32', '2024-05-08 17:14:32'),
(787, 27, 27, '2024-05-08 17:14:32', '2024-05-08 17:14:32'),
(788, 27, 31, '2024-05-08 17:14:32', '2024-05-08 17:14:32'),
(789, 27, 35, '2024-05-08 17:14:32', '2024-05-08 17:14:32'),
(790, 27, 39, '2024-05-08 17:14:32', '2024-05-08 17:14:32'),
(791, 27, 44, '2024-05-08 17:14:32', '2024-05-08 17:14:32'),
(792, 27, 48, '2024-05-08 17:14:32', '2024-05-08 17:14:32'),
(793, 27, 51, '2024-05-08 17:14:32', '2024-05-08 17:14:32'),
(794, 27, 56, '2024-05-08 17:14:32', '2024-05-08 17:14:32'),
(795, 27, 59, '2024-05-08 17:14:32', '2024-05-08 17:14:32'),
(796, 27, 61, '2024-05-08 17:14:32', '2024-05-08 17:14:32'),
(797, 27, 68, '2024-05-08 17:14:32', '2024-05-08 17:14:32'),
(798, 27, 71, '2024-05-08 17:14:32', '2024-05-08 17:14:32'),
(799, 27, 75, '2024-05-08 17:14:32', '2024-05-08 17:14:32'),
(800, 27, 80, '2024-05-08 17:14:32', '2024-05-08 17:14:32'),
(801, 27, 82, '2024-05-08 17:14:32', '2024-05-08 17:14:32'),
(802, 27, 85, '2024-05-08 17:14:32', '2024-05-08 17:14:32'),
(803, 27, 91, '2024-05-08 17:14:32', '2024-05-08 17:14:32'),
(804, 27, 94, '2024-05-08 17:14:32', '2024-05-08 17:14:32'),
(805, 27, 99, '2024-05-08 17:14:32', '2024-05-08 17:14:32'),
(806, 27, 101, '2024-05-08 17:14:32', '2024-05-08 17:14:32'),
(807, 27, 105, '2024-05-08 17:14:32', '2024-05-08 17:14:32'),
(808, 27, 112, '2024-05-08 17:14:32', '2024-05-08 17:14:32'),
(809, 27, 113, '2024-05-08 17:14:32', '2024-05-08 17:14:32'),
(810, 27, 118, '2024-05-08 17:14:32', '2024-05-08 17:14:32'),
(811, 28, 3, '2024-05-08 17:14:32', '2024-05-08 17:14:32'),
(812, 28, 8, '2024-05-08 17:14:32', '2024-05-08 17:14:32'),
(813, 28, 11, '2024-05-08 17:14:32', '2024-05-08 17:14:32'),
(814, 28, 14, '2024-05-08 17:14:32', '2024-05-08 17:14:32'),
(815, 28, 18, '2024-05-08 17:14:32', '2024-05-08 17:14:32'),
(816, 28, 21, '2024-05-08 17:14:32', '2024-05-08 17:14:32'),
(817, 28, 26, '2024-05-08 17:14:32', '2024-05-08 17:14:32'),
(818, 28, 31, '2024-05-08 17:14:32', '2024-05-08 17:14:32'),
(819, 28, 36, '2024-05-08 17:14:32', '2024-05-08 17:14:32'),
(820, 28, 37, '2024-05-08 17:14:32', '2024-05-08 17:14:32'),
(821, 28, 42, '2024-05-08 17:14:32', '2024-05-08 17:14:32'),
(822, 28, 48, '2024-05-08 17:14:32', '2024-05-08 17:14:32'),
(823, 28, 49, '2024-05-08 17:14:32', '2024-05-08 17:14:32'),
(824, 28, 56, '2024-05-08 17:14:32', '2024-05-08 17:14:32'),
(825, 28, 58, '2024-05-08 17:14:32', '2024-05-08 17:14:32'),
(826, 28, 63, '2024-05-08 17:14:32', '2024-05-08 17:14:32'),
(827, 28, 68, '2024-05-08 17:14:32', '2024-05-08 17:14:32'),
(828, 28, 70, '2024-05-08 17:14:32', '2024-05-08 17:14:32'),
(829, 28, 73, '2024-05-08 17:14:32', '2024-05-08 17:14:32'),
(830, 28, 79, '2024-05-08 17:14:32', '2024-05-08 17:14:32'),
(831, 28, 81, '2024-05-08 17:14:32', '2024-05-08 17:14:32'),
(832, 28, 88, '2024-05-08 17:14:32', '2024-05-08 17:14:32'),
(833, 28, 92, '2024-05-08 17:14:32', '2024-05-08 17:14:32'),
(834, 28, 94, '2024-05-08 17:14:32', '2024-05-08 17:14:32'),
(835, 28, 97, '2024-05-08 17:14:32', '2024-05-08 17:14:32'),
(836, 28, 102, '2024-05-08 17:14:32', '2024-05-08 17:14:32'),
(837, 28, 108, '2024-05-08 17:14:32', '2024-05-08 17:14:32'),
(838, 28, 112, '2024-05-08 17:14:32', '2024-05-08 17:14:32'),
(839, 28, 115, '2024-05-08 17:14:32', '2024-05-08 17:14:32'),
(840, 28, 118, '2024-05-08 17:14:32', '2024-05-08 17:14:32'),
(841, 29, 4, '2024-05-08 17:14:32', '2024-05-08 17:14:32'),
(842, 29, 5, '2024-05-08 17:14:32', '2024-05-08 17:14:32'),
(843, 29, 12, '2024-05-08 17:14:32', '2024-05-08 17:14:32'),
(844, 29, 14, '2024-05-08 17:14:32', '2024-05-08 17:14:32'),
(845, 29, 18, '2024-05-08 17:14:32', '2024-05-08 17:14:32'),
(846, 29, 23, '2024-05-08 17:14:32', '2024-05-08 17:14:32'),
(847, 29, 25, '2024-05-08 17:14:32', '2024-05-08 17:14:32'),
(848, 29, 31, '2024-05-08 17:14:32', '2024-05-08 17:14:32'),
(849, 29, 34, '2024-05-08 17:14:32', '2024-05-08 17:14:32'),
(850, 29, 39, '2024-05-08 17:14:32', '2024-05-08 17:14:32');
INSERT INTO `penilaian_indikator` (`id_penilaian_indikator`, `id_penilaian`, `id_skala_indikator_detail`, `created_at`, `updated_at`) VALUES
(851, 29, 43, '2024-05-08 17:14:32', '2024-05-08 17:14:32'),
(852, 29, 47, '2024-05-08 17:14:32', '2024-05-08 17:14:32'),
(853, 29, 52, '2024-05-08 17:14:32', '2024-05-08 17:14:32'),
(854, 29, 56, '2024-05-08 17:14:32', '2024-05-08 17:14:32'),
(855, 29, 58, '2024-05-08 17:14:32', '2024-05-08 17:14:32'),
(856, 29, 63, '2024-05-08 17:14:32', '2024-05-08 17:14:32'),
(857, 29, 67, '2024-05-08 17:14:32', '2024-05-08 17:14:32'),
(858, 29, 71, '2024-05-08 17:14:32', '2024-05-08 17:14:32'),
(859, 29, 75, '2024-05-08 17:14:32', '2024-05-08 17:14:32'),
(860, 29, 78, '2024-05-08 17:14:32', '2024-05-08 17:14:32'),
(861, 29, 81, '2024-05-08 17:14:32', '2024-05-08 17:14:32'),
(862, 29, 88, '2024-05-08 17:14:32', '2024-05-08 17:14:32'),
(863, 29, 92, '2024-05-08 17:14:32', '2024-05-08 17:14:32'),
(864, 29, 96, '2024-05-08 17:14:32', '2024-05-08 17:14:32'),
(865, 29, 97, '2024-05-08 17:14:32', '2024-05-08 17:14:32'),
(866, 29, 101, '2024-05-08 17:14:32', '2024-05-08 17:14:32'),
(867, 29, 108, '2024-05-08 17:14:32', '2024-05-08 17:14:32'),
(868, 29, 109, '2024-05-08 17:14:32', '2024-05-08 17:14:32'),
(869, 29, 113, '2024-05-08 17:14:32', '2024-05-08 17:14:32'),
(870, 29, 117, '2024-05-08 17:14:32', '2024-05-08 17:14:32'),
(871, 30, 1, '2024-05-08 17:14:32', '2024-05-08 17:14:32'),
(872, 30, 5, '2024-05-08 17:14:32', '2024-05-08 17:14:32'),
(873, 30, 12, '2024-05-08 17:14:32', '2024-05-08 17:14:32'),
(874, 30, 15, '2024-05-08 17:14:32', '2024-05-08 17:14:32'),
(875, 30, 17, '2024-05-08 17:14:32', '2024-05-08 17:14:32'),
(876, 30, 23, '2024-05-08 17:14:32', '2024-05-08 17:14:32'),
(877, 30, 26, '2024-05-08 17:14:32', '2024-05-08 17:14:32'),
(878, 30, 32, '2024-05-08 17:14:32', '2024-05-08 17:14:32'),
(879, 30, 36, '2024-05-08 17:14:32', '2024-05-08 17:14:32'),
(880, 30, 40, '2024-05-08 17:14:32', '2024-05-08 17:14:32'),
(881, 30, 41, '2024-05-08 17:14:32', '2024-05-08 17:14:32'),
(882, 30, 48, '2024-05-08 17:14:32', '2024-05-08 17:14:32'),
(883, 30, 52, '2024-05-08 17:14:32', '2024-05-08 17:14:32'),
(884, 30, 55, '2024-05-08 17:14:32', '2024-05-08 17:14:32'),
(885, 30, 57, '2024-05-08 17:14:32', '2024-05-08 17:14:32'),
(886, 30, 62, '2024-05-08 17:14:32', '2024-05-08 17:14:32'),
(887, 30, 67, '2024-05-08 17:14:32', '2024-05-08 17:14:32'),
(888, 30, 69, '2024-05-08 17:14:32', '2024-05-08 17:14:32'),
(889, 30, 74, '2024-05-08 17:14:32', '2024-05-08 17:14:32'),
(890, 30, 80, '2024-05-08 17:14:32', '2024-05-08 17:14:32'),
(891, 30, 84, '2024-05-08 17:14:32', '2024-05-08 17:14:32'),
(892, 30, 87, '2024-05-08 17:14:32', '2024-05-08 17:14:32'),
(893, 30, 92, '2024-05-08 17:14:32', '2024-05-08 17:14:32'),
(894, 30, 95, '2024-05-08 17:14:32', '2024-05-08 17:14:32'),
(895, 30, 100, '2024-05-08 17:14:32', '2024-05-08 17:14:32'),
(896, 30, 104, '2024-05-08 17:14:32', '2024-05-08 17:14:32'),
(897, 30, 107, '2024-05-08 17:14:32', '2024-05-08 17:14:32'),
(898, 30, 111, '2024-05-08 17:14:32', '2024-05-08 17:14:32'),
(899, 30, 114, '2024-05-08 17:14:32', '2024-05-08 17:14:32'),
(900, 30, 119, '2024-05-08 17:14:32', '2024-05-08 17:14:32'),
(901, 31, 1, '2024-05-08 17:14:45', '2024-05-08 17:14:45'),
(902, 31, 5, '2024-05-08 17:14:45', '2024-05-08 17:14:45'),
(903, 31, 11, '2024-05-08 17:14:45', '2024-05-08 17:14:45'),
(904, 31, 13, '2024-05-08 17:14:45', '2024-05-08 17:14:45'),
(905, 31, 19, '2024-05-08 17:14:45', '2024-05-08 17:14:45'),
(906, 31, 23, '2024-05-08 17:14:45', '2024-05-08 17:14:45'),
(907, 31, 26, '2024-05-08 17:14:45', '2024-05-08 17:14:45'),
(908, 31, 29, '2024-05-08 17:14:45', '2024-05-08 17:14:45'),
(909, 31, 36, '2024-05-08 17:14:45', '2024-05-08 17:14:45'),
(910, 31, 40, '2024-05-08 17:14:45', '2024-05-08 17:14:45'),
(911, 31, 44, '2024-05-08 17:14:45', '2024-05-08 17:14:45'),
(912, 31, 46, '2024-05-08 17:14:45', '2024-05-08 17:14:45'),
(913, 31, 50, '2024-05-08 17:14:45', '2024-05-08 17:14:45'),
(914, 31, 56, '2024-05-08 17:14:45', '2024-05-08 17:14:45'),
(915, 31, 58, '2024-05-08 17:14:45', '2024-05-08 17:14:45'),
(916, 31, 64, '2024-05-08 17:14:45', '2024-05-08 17:14:45'),
(917, 31, 67, '2024-05-08 17:14:45', '2024-05-08 17:14:45'),
(918, 31, 69, '2024-05-08 17:14:45', '2024-05-08 17:14:45'),
(919, 31, 73, '2024-05-08 17:14:45', '2024-05-08 17:14:45'),
(920, 31, 80, '2024-05-08 17:14:45', '2024-05-08 17:14:45'),
(921, 31, 83, '2024-05-08 17:14:45', '2024-05-08 17:14:45'),
(922, 31, 86, '2024-05-08 17:14:45', '2024-05-08 17:14:45'),
(923, 31, 92, '2024-05-08 17:14:45', '2024-05-08 17:14:45'),
(924, 31, 95, '2024-05-08 17:14:45', '2024-05-08 17:14:45'),
(925, 31, 97, '2024-05-08 17:14:45', '2024-05-08 17:14:45'),
(926, 31, 104, '2024-05-08 17:14:45', '2024-05-08 17:14:45'),
(927, 31, 108, '2024-05-08 17:14:45', '2024-05-08 17:14:45'),
(928, 31, 110, '2024-05-08 17:14:45', '2024-05-08 17:14:45'),
(929, 31, 115, '2024-05-08 17:14:45', '2024-05-08 17:14:45'),
(930, 31, 119, '2024-05-08 17:14:45', '2024-05-08 17:14:45'),
(931, 32, 1, '2024-05-08 17:14:45', '2024-05-08 17:14:45'),
(932, 32, 8, '2024-05-08 17:14:45', '2024-05-08 17:14:45'),
(933, 32, 9, '2024-05-08 17:14:45', '2024-05-08 17:14:45'),
(934, 32, 15, '2024-05-08 17:14:45', '2024-05-08 17:14:45'),
(935, 32, 20, '2024-05-08 17:14:45', '2024-05-08 17:14:45'),
(936, 32, 24, '2024-05-08 17:14:45', '2024-05-08 17:14:45'),
(937, 32, 26, '2024-05-08 17:14:45', '2024-05-08 17:14:45'),
(938, 32, 31, '2024-05-08 17:14:45', '2024-05-08 17:14:45'),
(939, 32, 35, '2024-05-08 17:14:45', '2024-05-08 17:14:45'),
(940, 32, 39, '2024-05-08 17:14:45', '2024-05-08 17:14:45'),
(941, 32, 42, '2024-05-08 17:14:45', '2024-05-08 17:14:45'),
(942, 32, 47, '2024-05-08 17:14:45', '2024-05-08 17:14:45'),
(943, 32, 49, '2024-05-08 17:14:45', '2024-05-08 17:14:45'),
(944, 32, 55, '2024-05-08 17:14:45', '2024-05-08 17:14:45'),
(945, 32, 59, '2024-05-08 17:14:45', '2024-05-08 17:14:45'),
(946, 32, 61, '2024-05-08 17:14:45', '2024-05-08 17:14:45'),
(947, 32, 68, '2024-05-08 17:14:45', '2024-05-08 17:14:45'),
(948, 32, 72, '2024-05-08 17:14:45', '2024-05-08 17:14:45'),
(949, 32, 75, '2024-05-08 17:14:45', '2024-05-08 17:14:45'),
(950, 32, 77, '2024-05-08 17:14:45', '2024-05-08 17:14:45'),
(951, 32, 82, '2024-05-08 17:14:45', '2024-05-08 17:14:45'),
(952, 32, 88, '2024-05-08 17:14:45', '2024-05-08 17:14:45'),
(953, 32, 91, '2024-05-08 17:14:45', '2024-05-08 17:14:45'),
(954, 32, 93, '2024-05-08 17:14:45', '2024-05-08 17:14:45'),
(955, 32, 98, '2024-05-08 17:14:45', '2024-05-08 17:14:45'),
(956, 32, 104, '2024-05-08 17:14:45', '2024-05-08 17:14:45'),
(957, 32, 108, '2024-05-08 17:14:45', '2024-05-08 17:14:45'),
(958, 32, 112, '2024-05-08 17:14:45', '2024-05-08 17:14:45'),
(959, 32, 113, '2024-05-08 17:14:45', '2024-05-08 17:14:45'),
(960, 32, 119, '2024-05-08 17:14:45', '2024-05-08 17:14:45'),
(961, 33, 4, '2024-05-08 17:14:45', '2024-05-08 17:14:45'),
(962, 33, 5, '2024-05-08 17:14:45', '2024-05-08 17:14:45'),
(963, 33, 9, '2024-05-08 17:14:45', '2024-05-08 17:14:45'),
(964, 33, 16, '2024-05-08 17:14:45', '2024-05-08 17:14:45'),
(965, 33, 17, '2024-05-08 17:14:45', '2024-05-08 17:14:45'),
(966, 33, 21, '2024-05-08 17:14:45', '2024-05-08 17:14:45'),
(967, 33, 25, '2024-05-08 17:14:45', '2024-05-08 17:14:45'),
(968, 33, 30, '2024-05-08 17:14:45', '2024-05-08 17:14:45'),
(969, 33, 33, '2024-05-08 17:14:45', '2024-05-08 17:14:45'),
(970, 33, 40, '2024-05-08 17:14:45', '2024-05-08 17:14:45'),
(971, 33, 43, '2024-05-08 17:14:45', '2024-05-08 17:14:45'),
(972, 33, 47, '2024-05-08 17:14:45', '2024-05-08 17:14:45'),
(973, 33, 52, '2024-05-08 17:14:45', '2024-05-08 17:14:45'),
(974, 33, 56, '2024-05-08 17:14:45', '2024-05-08 17:14:45'),
(975, 33, 60, '2024-05-08 17:14:45', '2024-05-08 17:14:45'),
(976, 33, 62, '2024-05-08 17:14:45', '2024-05-08 17:14:45'),
(977, 33, 67, '2024-05-08 17:14:45', '2024-05-08 17:14:45'),
(978, 33, 70, '2024-05-08 17:14:45', '2024-05-08 17:14:45'),
(979, 33, 76, '2024-05-08 17:14:45', '2024-05-08 17:14:45'),
(980, 33, 79, '2024-05-08 17:14:45', '2024-05-08 17:14:45'),
(981, 33, 84, '2024-05-08 17:14:45', '2024-05-08 17:14:45'),
(982, 33, 87, '2024-05-08 17:14:45', '2024-05-08 17:14:45'),
(983, 33, 92, '2024-05-08 17:14:45', '2024-05-08 17:14:45'),
(984, 33, 93, '2024-05-08 17:14:45', '2024-05-08 17:14:45'),
(985, 33, 97, '2024-05-08 17:14:45', '2024-05-08 17:14:45'),
(986, 33, 103, '2024-05-08 17:14:45', '2024-05-08 17:14:45'),
(987, 33, 108, '2024-05-08 17:14:45', '2024-05-08 17:14:45'),
(988, 33, 112, '2024-05-08 17:14:45', '2024-05-08 17:14:45'),
(989, 33, 116, '2024-05-08 17:14:45', '2024-05-08 17:14:45'),
(990, 33, 119, '2024-05-08 17:14:45', '2024-05-08 17:14:45'),
(991, 34, 4, '2024-05-08 17:14:45', '2024-05-08 17:14:45'),
(992, 34, 8, '2024-05-08 17:14:45', '2024-05-08 17:14:45'),
(993, 34, 11, '2024-05-08 17:14:45', '2024-05-08 17:14:45'),
(994, 34, 15, '2024-05-08 17:14:45', '2024-05-08 17:14:45'),
(995, 34, 19, '2024-05-08 17:14:45', '2024-05-08 17:14:45'),
(996, 34, 22, '2024-05-08 17:14:45', '2024-05-08 17:14:45'),
(997, 34, 28, '2024-05-08 17:14:45', '2024-05-08 17:14:45'),
(998, 34, 30, '2024-05-08 17:14:45', '2024-05-08 17:14:45'),
(999, 34, 35, '2024-05-08 17:14:45', '2024-05-08 17:14:45'),
(1000, 34, 38, '2024-05-08 17:14:45', '2024-05-08 17:14:45'),
(1001, 34, 44, '2024-05-08 17:14:45', '2024-05-08 17:14:45'),
(1002, 34, 46, '2024-05-08 17:14:45', '2024-05-08 17:14:45'),
(1003, 34, 50, '2024-05-08 17:14:45', '2024-05-08 17:14:45'),
(1004, 34, 56, '2024-05-08 17:14:45', '2024-05-08 17:14:45'),
(1005, 34, 60, '2024-05-08 17:14:45', '2024-05-08 17:14:45'),
(1006, 34, 64, '2024-05-08 17:14:45', '2024-05-08 17:14:45'),
(1007, 34, 65, '2024-05-08 17:14:45', '2024-05-08 17:14:45'),
(1008, 34, 72, '2024-05-08 17:14:45', '2024-05-08 17:14:45'),
(1009, 34, 75, '2024-05-08 17:14:45', '2024-05-08 17:14:45'),
(1010, 34, 78, '2024-05-08 17:14:45', '2024-05-08 17:14:45'),
(1011, 34, 81, '2024-05-08 17:14:45', '2024-05-08 17:14:45'),
(1012, 34, 86, '2024-05-08 17:14:45', '2024-05-08 17:14:45'),
(1013, 34, 89, '2024-05-08 17:14:45', '2024-05-08 17:14:45'),
(1014, 34, 94, '2024-05-08 17:14:45', '2024-05-08 17:14:45'),
(1015, 34, 97, '2024-05-08 17:14:45', '2024-05-08 17:14:45'),
(1016, 34, 101, '2024-05-08 17:14:45', '2024-05-08 17:14:45'),
(1017, 34, 108, '2024-05-08 17:14:45', '2024-05-08 17:14:45'),
(1018, 34, 110, '2024-05-08 17:14:45', '2024-05-08 17:14:45'),
(1019, 34, 113, '2024-05-08 17:14:45', '2024-05-08 17:14:45'),
(1020, 34, 118, '2024-05-08 17:14:45', '2024-05-08 17:14:45'),
(1021, 35, 1, '2024-05-08 17:14:45', '2024-05-08 17:14:45'),
(1022, 35, 6, '2024-05-08 17:14:45', '2024-05-08 17:14:45'),
(1023, 35, 10, '2024-05-08 17:14:45', '2024-05-08 17:14:45'),
(1024, 35, 16, '2024-05-08 17:14:45', '2024-05-08 17:14:45'),
(1025, 35, 20, '2024-05-08 17:14:45', '2024-05-08 17:14:45'),
(1026, 35, 22, '2024-05-08 17:14:45', '2024-05-08 17:14:45'),
(1027, 35, 28, '2024-05-08 17:14:45', '2024-05-08 17:14:45'),
(1028, 35, 31, '2024-05-08 17:14:45', '2024-05-08 17:14:45'),
(1029, 35, 35, '2024-05-08 17:14:45', '2024-05-08 17:14:45'),
(1030, 35, 38, '2024-05-08 17:14:45', '2024-05-08 17:14:45'),
(1031, 35, 42, '2024-05-08 17:14:45', '2024-05-08 17:14:45'),
(1032, 35, 46, '2024-05-08 17:14:45', '2024-05-08 17:14:45'),
(1033, 35, 49, '2024-05-08 17:14:45', '2024-05-08 17:14:45'),
(1034, 35, 55, '2024-05-08 17:14:45', '2024-05-08 17:14:45'),
(1035, 35, 58, '2024-05-08 17:14:45', '2024-05-08 17:14:45'),
(1036, 35, 61, '2024-05-08 17:14:45', '2024-05-08 17:14:45'),
(1037, 35, 68, '2024-05-08 17:14:45', '2024-05-08 17:14:45'),
(1038, 35, 72, '2024-05-08 17:14:45', '2024-05-08 17:14:45'),
(1039, 35, 74, '2024-05-08 17:14:45', '2024-05-08 17:14:45'),
(1040, 35, 77, '2024-05-08 17:14:45', '2024-05-08 17:14:45'),
(1041, 35, 82, '2024-05-08 17:14:45', '2024-05-08 17:14:45'),
(1042, 35, 88, '2024-05-08 17:14:45', '2024-05-08 17:14:45'),
(1043, 35, 91, '2024-05-08 17:14:45', '2024-05-08 17:14:45'),
(1044, 35, 93, '2024-05-08 17:14:45', '2024-05-08 17:14:45'),
(1045, 35, 99, '2024-05-08 17:14:45', '2024-05-08 17:14:45'),
(1046, 35, 104, '2024-05-08 17:14:45', '2024-05-08 17:14:45'),
(1047, 35, 105, '2024-05-08 17:14:45', '2024-05-08 17:14:45'),
(1048, 35, 112, '2024-05-08 17:14:45', '2024-05-08 17:14:45'),
(1049, 35, 116, '2024-05-08 17:14:45', '2024-05-08 17:14:45'),
(1050, 35, 117, '2024-05-08 17:14:45', '2024-05-08 17:14:45'),
(1051, 36, 2, '2024-05-08 17:14:56', '2024-05-08 17:14:56'),
(1052, 36, 7, '2024-05-08 17:14:56', '2024-05-08 17:14:56'),
(1053, 36, 10, '2024-05-08 17:14:56', '2024-05-08 17:14:56'),
(1054, 36, 13, '2024-05-08 17:14:56', '2024-05-08 17:14:56'),
(1055, 36, 19, '2024-05-08 17:14:56', '2024-05-08 17:14:56'),
(1056, 36, 23, '2024-05-08 17:14:56', '2024-05-08 17:14:56'),
(1057, 36, 25, '2024-05-08 17:14:56', '2024-05-08 17:14:56'),
(1058, 36, 31, '2024-05-08 17:14:56', '2024-05-08 17:14:56'),
(1059, 36, 36, '2024-05-08 17:14:56', '2024-05-08 17:14:56'),
(1060, 36, 40, '2024-05-08 17:14:56', '2024-05-08 17:14:56'),
(1061, 36, 42, '2024-05-08 17:14:56', '2024-05-08 17:14:56'),
(1062, 36, 45, '2024-05-08 17:14:56', '2024-05-08 17:14:56'),
(1063, 36, 50, '2024-05-08 17:14:56', '2024-05-08 17:14:56'),
(1064, 36, 55, '2024-05-08 17:14:56', '2024-05-08 17:14:56'),
(1065, 36, 60, '2024-05-08 17:14:56', '2024-05-08 17:14:56'),
(1066, 36, 61, '2024-05-08 17:14:56', '2024-05-08 17:14:56'),
(1067, 36, 68, '2024-05-08 17:14:56', '2024-05-08 17:14:56'),
(1068, 36, 69, '2024-05-08 17:14:56', '2024-05-08 17:14:56'),
(1069, 36, 76, '2024-05-08 17:14:56', '2024-05-08 17:14:56'),
(1070, 36, 78, '2024-05-08 17:14:56', '2024-05-08 17:14:56'),
(1071, 36, 82, '2024-05-08 17:14:56', '2024-05-08 17:14:56'),
(1072, 36, 86, '2024-05-08 17:14:56', '2024-05-08 17:14:56'),
(1073, 36, 91, '2024-05-08 17:14:56', '2024-05-08 17:14:56'),
(1074, 36, 94, '2024-05-08 17:14:56', '2024-05-08 17:14:56'),
(1075, 36, 97, '2024-05-08 17:14:56', '2024-05-08 17:14:56'),
(1076, 36, 102, '2024-05-08 17:14:56', '2024-05-08 17:14:56'),
(1077, 36, 107, '2024-05-08 17:14:56', '2024-05-08 17:14:56'),
(1078, 36, 112, '2024-05-08 17:14:56', '2024-05-08 17:14:56'),
(1079, 36, 115, '2024-05-08 17:14:56', '2024-05-08 17:14:56'),
(1080, 36, 119, '2024-05-08 17:14:56', '2024-05-08 17:14:56'),
(1081, 37, 1, '2024-05-08 17:14:56', '2024-05-08 17:14:56'),
(1082, 37, 7, '2024-05-08 17:14:56', '2024-05-08 17:14:56'),
(1083, 37, 9, '2024-05-08 17:14:56', '2024-05-08 17:14:56'),
(1084, 37, 13, '2024-05-08 17:14:56', '2024-05-08 17:14:56'),
(1085, 37, 17, '2024-05-08 17:14:56', '2024-05-08 17:14:56'),
(1086, 37, 21, '2024-05-08 17:14:56', '2024-05-08 17:14:56'),
(1087, 37, 25, '2024-05-08 17:14:56', '2024-05-08 17:14:56'),
(1088, 37, 30, '2024-05-08 17:14:56', '2024-05-08 17:14:56'),
(1089, 37, 36, '2024-05-08 17:14:56', '2024-05-08 17:14:56'),
(1090, 37, 39, '2024-05-08 17:14:56', '2024-05-08 17:14:56'),
(1091, 37, 43, '2024-05-08 17:14:56', '2024-05-08 17:14:56'),
(1092, 37, 45, '2024-05-08 17:14:56', '2024-05-08 17:14:56'),
(1093, 37, 52, '2024-05-08 17:14:56', '2024-05-08 17:14:56'),
(1094, 37, 55, '2024-05-08 17:14:56', '2024-05-08 17:14:56'),
(1095, 37, 57, '2024-05-08 17:14:56', '2024-05-08 17:14:56'),
(1096, 37, 63, '2024-05-08 17:14:56', '2024-05-08 17:14:56'),
(1097, 37, 67, '2024-05-08 17:14:56', '2024-05-08 17:14:56'),
(1098, 37, 72, '2024-05-08 17:14:56', '2024-05-08 17:14:56'),
(1099, 37, 76, '2024-05-08 17:14:56', '2024-05-08 17:14:56'),
(1100, 37, 80, '2024-05-08 17:14:56', '2024-05-08 17:14:56'),
(1101, 37, 83, '2024-05-08 17:14:56', '2024-05-08 17:14:56'),
(1102, 37, 86, '2024-05-08 17:14:56', '2024-05-08 17:14:56'),
(1103, 37, 89, '2024-05-08 17:14:56', '2024-05-08 17:14:56'),
(1104, 37, 96, '2024-05-08 17:14:56', '2024-05-08 17:14:56'),
(1105, 37, 98, '2024-05-08 17:14:56', '2024-05-08 17:14:56'),
(1106, 37, 103, '2024-05-08 17:14:56', '2024-05-08 17:14:56'),
(1107, 37, 108, '2024-05-08 17:14:56', '2024-05-08 17:14:56'),
(1108, 37, 112, '2024-05-08 17:14:56', '2024-05-08 17:14:56'),
(1109, 37, 116, '2024-05-08 17:14:56', '2024-05-08 17:14:56'),
(1110, 37, 120, '2024-05-08 17:14:56', '2024-05-08 17:14:56'),
(1111, 38, 4, '2024-05-08 17:14:56', '2024-05-08 17:14:56'),
(1112, 38, 8, '2024-05-08 17:14:56', '2024-05-08 17:14:56'),
(1113, 38, 9, '2024-05-08 17:14:56', '2024-05-08 17:14:56'),
(1114, 38, 14, '2024-05-08 17:14:56', '2024-05-08 17:14:56'),
(1115, 38, 17, '2024-05-08 17:14:56', '2024-05-08 17:14:56'),
(1116, 38, 22, '2024-05-08 17:14:56', '2024-05-08 17:14:56'),
(1117, 38, 26, '2024-05-08 17:14:56', '2024-05-08 17:14:56'),
(1118, 38, 31, '2024-05-08 17:14:56', '2024-05-08 17:14:56'),
(1119, 38, 33, '2024-05-08 17:14:56', '2024-05-08 17:14:56'),
(1120, 38, 38, '2024-05-08 17:14:56', '2024-05-08 17:14:56'),
(1121, 38, 41, '2024-05-08 17:14:56', '2024-05-08 17:14:56'),
(1122, 38, 48, '2024-05-08 17:14:56', '2024-05-08 17:14:56'),
(1123, 38, 50, '2024-05-08 17:14:56', '2024-05-08 17:14:56'),
(1124, 38, 55, '2024-05-08 17:14:56', '2024-05-08 17:14:56'),
(1125, 38, 60, '2024-05-08 17:14:56', '2024-05-08 17:14:56'),
(1126, 38, 61, '2024-05-08 17:14:56', '2024-05-08 17:14:56'),
(1127, 38, 66, '2024-05-08 17:14:56', '2024-05-08 17:14:56'),
(1128, 38, 72, '2024-05-08 17:14:56', '2024-05-08 17:14:56'),
(1129, 38, 74, '2024-05-08 17:14:56', '2024-05-08 17:14:56'),
(1130, 38, 79, '2024-05-08 17:14:56', '2024-05-08 17:14:56'),
(1131, 38, 82, '2024-05-08 17:14:56', '2024-05-08 17:14:56'),
(1132, 38, 85, '2024-05-08 17:14:56', '2024-05-08 17:14:56'),
(1133, 38, 90, '2024-05-08 17:14:56', '2024-05-08 17:14:56'),
(1134, 38, 93, '2024-05-08 17:14:56', '2024-05-08 17:14:56'),
(1135, 38, 99, '2024-05-08 17:14:56', '2024-05-08 17:14:56'),
(1136, 38, 104, '2024-05-08 17:14:56', '2024-05-08 17:14:56'),
(1137, 38, 105, '2024-05-08 17:14:56', '2024-05-08 17:14:56'),
(1138, 38, 109, '2024-05-08 17:14:56', '2024-05-08 17:14:56'),
(1139, 38, 115, '2024-05-08 17:14:56', '2024-05-08 17:14:56'),
(1140, 38, 119, '2024-05-08 17:14:56', '2024-05-08 17:14:56'),
(1141, 39, 1, '2024-05-08 17:14:56', '2024-05-08 17:14:56'),
(1142, 39, 7, '2024-05-08 17:14:56', '2024-05-08 17:14:56'),
(1143, 39, 10, '2024-05-08 17:14:56', '2024-05-08 17:14:56'),
(1144, 39, 14, '2024-05-08 17:14:56', '2024-05-08 17:14:56'),
(1145, 39, 19, '2024-05-08 17:14:56', '2024-05-08 17:14:56'),
(1146, 39, 22, '2024-05-08 17:14:56', '2024-05-08 17:14:56'),
(1147, 39, 26, '2024-05-08 17:14:56', '2024-05-08 17:14:56'),
(1148, 39, 30, '2024-05-08 17:14:56', '2024-05-08 17:14:56'),
(1149, 39, 35, '2024-05-08 17:14:56', '2024-05-08 17:14:56'),
(1150, 39, 39, '2024-05-08 17:14:56', '2024-05-08 17:14:56'),
(1151, 39, 41, '2024-05-08 17:14:56', '2024-05-08 17:14:56'),
(1152, 39, 46, '2024-05-08 17:14:56', '2024-05-08 17:14:56'),
(1153, 39, 50, '2024-05-08 17:14:56', '2024-05-08 17:14:56'),
(1154, 39, 56, '2024-05-08 17:14:56', '2024-05-08 17:14:56'),
(1155, 39, 60, '2024-05-08 17:14:56', '2024-05-08 17:14:56'),
(1156, 39, 61, '2024-05-08 17:14:56', '2024-05-08 17:14:56'),
(1157, 39, 67, '2024-05-08 17:14:56', '2024-05-08 17:14:56'),
(1158, 39, 71, '2024-05-08 17:14:56', '2024-05-08 17:14:56'),
(1159, 39, 74, '2024-05-08 17:14:56', '2024-05-08 17:14:56'),
(1160, 39, 77, '2024-05-08 17:14:56', '2024-05-08 17:14:56'),
(1161, 39, 82, '2024-05-08 17:14:56', '2024-05-08 17:14:56'),
(1162, 39, 86, '2024-05-08 17:14:56', '2024-05-08 17:14:56'),
(1163, 39, 92, '2024-05-08 17:14:56', '2024-05-08 17:14:56'),
(1164, 39, 93, '2024-05-08 17:14:56', '2024-05-08 17:14:56'),
(1165, 39, 97, '2024-05-08 17:14:56', '2024-05-08 17:14:56'),
(1166, 39, 102, '2024-05-08 17:14:56', '2024-05-08 17:14:56'),
(1167, 39, 105, '2024-05-08 17:14:56', '2024-05-08 17:14:56'),
(1168, 39, 109, '2024-05-08 17:14:56', '2024-05-08 17:14:56'),
(1169, 39, 116, '2024-05-08 17:14:56', '2024-05-08 17:14:56'),
(1170, 39, 120, '2024-05-08 17:14:56', '2024-05-08 17:14:56'),
(1171, 40, 4, '2024-05-08 17:14:56', '2024-05-08 17:14:56'),
(1172, 40, 6, '2024-05-08 17:14:56', '2024-05-08 17:14:56'),
(1173, 40, 10, '2024-05-08 17:14:56', '2024-05-08 17:14:56'),
(1174, 40, 16, '2024-05-08 17:14:56', '2024-05-08 17:14:56'),
(1175, 40, 20, '2024-05-08 17:14:56', '2024-05-08 17:14:56'),
(1176, 40, 22, '2024-05-08 17:14:56', '2024-05-08 17:14:56'),
(1177, 40, 28, '2024-05-08 17:14:56', '2024-05-08 17:14:56'),
(1178, 40, 29, '2024-05-08 17:14:56', '2024-05-08 17:14:56'),
(1179, 40, 34, '2024-05-08 17:14:56', '2024-05-08 17:14:56'),
(1180, 40, 40, '2024-05-08 17:14:56', '2024-05-08 17:14:56'),
(1181, 40, 41, '2024-05-08 17:14:56', '2024-05-08 17:14:56'),
(1182, 40, 46, '2024-05-08 17:14:56', '2024-05-08 17:14:56'),
(1183, 40, 50, '2024-05-08 17:14:56', '2024-05-08 17:14:56'),
(1184, 40, 53, '2024-05-08 17:14:56', '2024-05-08 17:14:56'),
(1185, 40, 60, '2024-05-08 17:14:56', '2024-05-08 17:14:56'),
(1186, 40, 61, '2024-05-08 17:14:56', '2024-05-08 17:14:56'),
(1187, 40, 67, '2024-05-08 17:14:56', '2024-05-08 17:14:56'),
(1188, 40, 70, '2024-05-08 17:14:56', '2024-05-08 17:14:56'),
(1189, 40, 74, '2024-05-08 17:14:56', '2024-05-08 17:14:56'),
(1190, 40, 77, '2024-05-08 17:14:56', '2024-05-08 17:14:56'),
(1191, 40, 82, '2024-05-08 17:14:56', '2024-05-08 17:14:56'),
(1192, 40, 85, '2024-05-08 17:14:56', '2024-05-08 17:14:56'),
(1193, 40, 89, '2024-05-08 17:14:56', '2024-05-08 17:14:56'),
(1194, 40, 95, '2024-05-08 17:14:56', '2024-05-08 17:14:56'),
(1195, 40, 100, '2024-05-08 17:14:56', '2024-05-08 17:14:56'),
(1196, 40, 104, '2024-05-08 17:14:56', '2024-05-08 17:14:56'),
(1197, 40, 108, '2024-05-08 17:14:56', '2024-05-08 17:14:56'),
(1198, 40, 111, '2024-05-08 17:14:56', '2024-05-08 17:14:56'),
(1199, 40, 113, '2024-05-08 17:14:56', '2024-05-08 17:14:56'),
(1200, 40, 119, '2024-05-08 17:14:56', '2024-05-08 17:14:56'),
(1201, 41, 2, '2024-05-08 17:15:06', '2024-05-08 17:15:06'),
(1202, 41, 6, '2024-05-08 17:15:06', '2024-05-08 17:15:06'),
(1203, 41, 12, '2024-05-08 17:15:06', '2024-05-08 17:15:06'),
(1204, 41, 16, '2024-05-08 17:15:06', '2024-05-08 17:15:06'),
(1205, 41, 18, '2024-05-08 17:15:06', '2024-05-08 17:15:06'),
(1206, 41, 22, '2024-05-08 17:15:06', '2024-05-08 17:15:06'),
(1207, 41, 26, '2024-05-08 17:15:06', '2024-05-08 17:15:06'),
(1208, 41, 32, '2024-05-08 17:15:06', '2024-05-08 17:15:06'),
(1209, 41, 35, '2024-05-08 17:15:06', '2024-05-08 17:15:06'),
(1210, 41, 39, '2024-05-08 17:15:06', '2024-05-08 17:15:06'),
(1211, 41, 44, '2024-05-08 17:15:06', '2024-05-08 17:15:06'),
(1212, 41, 48, '2024-05-08 17:15:06', '2024-05-08 17:15:06'),
(1213, 41, 49, '2024-05-08 17:15:06', '2024-05-08 17:15:06'),
(1214, 41, 55, '2024-05-08 17:15:06', '2024-05-08 17:15:06'),
(1215, 41, 60, '2024-05-08 17:15:06', '2024-05-08 17:15:06'),
(1216, 41, 63, '2024-05-08 17:15:06', '2024-05-08 17:15:06'),
(1217, 41, 67, '2024-05-08 17:15:06', '2024-05-08 17:15:06'),
(1218, 41, 71, '2024-05-08 17:15:06', '2024-05-08 17:15:06'),
(1219, 41, 74, '2024-05-08 17:15:06', '2024-05-08 17:15:06'),
(1220, 41, 77, '2024-05-08 17:15:06', '2024-05-08 17:15:06'),
(1221, 41, 83, '2024-05-08 17:15:06', '2024-05-08 17:15:06'),
(1222, 41, 87, '2024-05-08 17:15:06', '2024-05-08 17:15:06'),
(1223, 41, 91, '2024-05-08 17:15:06', '2024-05-08 17:15:06'),
(1224, 41, 95, '2024-05-08 17:15:06', '2024-05-08 17:15:06'),
(1225, 41, 97, '2024-05-08 17:15:06', '2024-05-08 17:15:06'),
(1226, 41, 101, '2024-05-08 17:15:06', '2024-05-08 17:15:06'),
(1227, 41, 105, '2024-05-08 17:15:06', '2024-05-08 17:15:06'),
(1228, 41, 111, '2024-05-08 17:15:06', '2024-05-08 17:15:06'),
(1229, 41, 114, '2024-05-08 17:15:06', '2024-05-08 17:15:06'),
(1230, 41, 120, '2024-05-08 17:15:06', '2024-05-08 17:15:06'),
(1231, 42, 2, '2024-05-08 17:15:06', '2024-05-08 17:15:06'),
(1232, 42, 6, '2024-05-08 17:15:06', '2024-05-08 17:15:06'),
(1233, 42, 12, '2024-05-08 17:15:06', '2024-05-08 17:15:06'),
(1234, 42, 16, '2024-05-08 17:15:06', '2024-05-08 17:15:06'),
(1235, 42, 17, '2024-05-08 17:15:06', '2024-05-08 17:15:06'),
(1236, 42, 21, '2024-05-08 17:15:06', '2024-05-08 17:15:06'),
(1237, 42, 28, '2024-05-08 17:15:06', '2024-05-08 17:15:06'),
(1238, 42, 30, '2024-05-08 17:15:06', '2024-05-08 17:15:06'),
(1239, 42, 33, '2024-05-08 17:15:06', '2024-05-08 17:15:06'),
(1240, 42, 37, '2024-05-08 17:15:06', '2024-05-08 17:15:06'),
(1241, 42, 43, '2024-05-08 17:15:06', '2024-05-08 17:15:06'),
(1242, 42, 45, '2024-05-08 17:15:06', '2024-05-08 17:15:06'),
(1243, 42, 52, '2024-05-08 17:15:06', '2024-05-08 17:15:06'),
(1244, 42, 56, '2024-05-08 17:15:06', '2024-05-08 17:15:06'),
(1245, 42, 57, '2024-05-08 17:15:06', '2024-05-08 17:15:06'),
(1246, 42, 64, '2024-05-08 17:15:06', '2024-05-08 17:15:06'),
(1247, 42, 68, '2024-05-08 17:15:06', '2024-05-08 17:15:06'),
(1248, 42, 69, '2024-05-08 17:15:06', '2024-05-08 17:15:06'),
(1249, 42, 73, '2024-05-08 17:15:06', '2024-05-08 17:15:06'),
(1250, 42, 77, '2024-05-08 17:15:06', '2024-05-08 17:15:06'),
(1251, 42, 81, '2024-05-08 17:15:06', '2024-05-08 17:15:06'),
(1252, 42, 86, '2024-05-08 17:15:06', '2024-05-08 17:15:06'),
(1253, 42, 91, '2024-05-08 17:15:06', '2024-05-08 17:15:06'),
(1254, 42, 95, '2024-05-08 17:15:06', '2024-05-08 17:15:06'),
(1255, 42, 97, '2024-05-08 17:15:06', '2024-05-08 17:15:06'),
(1256, 42, 101, '2024-05-08 17:15:06', '2024-05-08 17:15:06'),
(1257, 42, 105, '2024-05-08 17:15:06', '2024-05-08 17:15:06'),
(1258, 42, 112, '2024-05-08 17:15:06', '2024-05-08 17:15:06'),
(1259, 42, 116, '2024-05-08 17:15:06', '2024-05-08 17:15:06'),
(1260, 42, 117, '2024-05-08 17:15:06', '2024-05-08 17:15:06'),
(1261, 43, 1, '2024-05-08 17:15:06', '2024-05-08 17:15:06'),
(1262, 43, 5, '2024-05-08 17:15:06', '2024-05-08 17:15:06'),
(1263, 43, 12, '2024-05-08 17:15:06', '2024-05-08 17:15:06'),
(1264, 43, 13, '2024-05-08 17:15:06', '2024-05-08 17:15:06'),
(1265, 43, 19, '2024-05-08 17:15:06', '2024-05-08 17:15:06'),
(1266, 43, 23, '2024-05-08 17:15:06', '2024-05-08 17:15:06'),
(1267, 43, 27, '2024-05-08 17:15:06', '2024-05-08 17:15:06'),
(1268, 43, 31, '2024-05-08 17:15:06', '2024-05-08 17:15:06'),
(1269, 43, 36, '2024-05-08 17:15:06', '2024-05-08 17:15:06'),
(1270, 43, 40, '2024-05-08 17:15:06', '2024-05-08 17:15:06'),
(1271, 43, 44, '2024-05-08 17:15:06', '2024-05-08 17:15:06'),
(1272, 43, 45, '2024-05-08 17:15:06', '2024-05-08 17:15:06'),
(1273, 43, 49, '2024-05-08 17:15:06', '2024-05-08 17:15:06'),
(1274, 43, 56, '2024-05-08 17:15:06', '2024-05-08 17:15:06'),
(1275, 43, 57, '2024-05-08 17:15:06', '2024-05-08 17:15:06'),
(1276, 43, 64, '2024-05-08 17:15:06', '2024-05-08 17:15:06'),
(1277, 43, 65, '2024-05-08 17:15:06', '2024-05-08 17:15:06'),
(1278, 43, 72, '2024-05-08 17:15:06', '2024-05-08 17:15:06'),
(1279, 43, 73, '2024-05-08 17:15:06', '2024-05-08 17:15:06'),
(1280, 43, 79, '2024-05-08 17:15:06', '2024-05-08 17:15:06'),
(1281, 43, 81, '2024-05-08 17:15:06', '2024-05-08 17:15:06'),
(1282, 43, 87, '2024-05-08 17:15:06', '2024-05-08 17:15:06'),
(1283, 43, 90, '2024-05-08 17:15:06', '2024-05-08 17:15:06'),
(1284, 43, 95, '2024-05-08 17:15:06', '2024-05-08 17:15:06'),
(1285, 43, 97, '2024-05-08 17:15:06', '2024-05-08 17:15:06'),
(1286, 43, 102, '2024-05-08 17:15:06', '2024-05-08 17:15:06'),
(1287, 43, 106, '2024-05-08 17:15:06', '2024-05-08 17:15:06'),
(1288, 43, 111, '2024-05-08 17:15:06', '2024-05-08 17:15:06'),
(1289, 43, 114, '2024-05-08 17:15:06', '2024-05-08 17:15:06'),
(1290, 43, 117, '2024-05-08 17:15:06', '2024-05-08 17:15:06'),
(1291, 44, 1, '2024-05-08 17:15:06', '2024-05-08 17:15:06'),
(1292, 44, 6, '2024-05-08 17:15:06', '2024-05-08 17:15:06'),
(1293, 44, 10, '2024-05-08 17:15:06', '2024-05-08 17:15:06'),
(1294, 44, 13, '2024-05-08 17:15:06', '2024-05-08 17:15:06'),
(1295, 44, 20, '2024-05-08 17:15:06', '2024-05-08 17:15:06'),
(1296, 44, 23, '2024-05-08 17:15:06', '2024-05-08 17:15:06'),
(1297, 44, 28, '2024-05-08 17:15:06', '2024-05-08 17:15:06'),
(1298, 44, 29, '2024-05-08 17:15:06', '2024-05-08 17:15:06'),
(1299, 44, 36, '2024-05-08 17:15:06', '2024-05-08 17:15:06'),
(1300, 44, 39, '2024-05-08 17:15:06', '2024-05-08 17:15:06'),
(1301, 44, 41, '2024-05-08 17:15:06', '2024-05-08 17:15:06'),
(1302, 44, 48, '2024-05-08 17:15:06', '2024-05-08 17:15:06'),
(1303, 44, 50, '2024-05-08 17:15:06', '2024-05-08 17:15:06'),
(1304, 44, 55, '2024-05-08 17:15:06', '2024-05-08 17:15:06'),
(1305, 44, 60, '2024-05-08 17:15:06', '2024-05-08 17:15:06'),
(1306, 44, 64, '2024-05-08 17:15:06', '2024-05-08 17:15:06'),
(1307, 44, 65, '2024-05-08 17:15:06', '2024-05-08 17:15:06'),
(1308, 44, 70, '2024-05-08 17:15:06', '2024-05-08 17:15:06'),
(1309, 44, 76, '2024-05-08 17:15:06', '2024-05-08 17:15:06'),
(1310, 44, 79, '2024-05-08 17:15:06', '2024-05-08 17:15:06'),
(1311, 44, 83, '2024-05-08 17:15:06', '2024-05-08 17:15:06'),
(1312, 44, 86, '2024-05-08 17:15:06', '2024-05-08 17:15:06'),
(1313, 44, 89, '2024-05-08 17:15:06', '2024-05-08 17:15:06'),
(1314, 44, 96, '2024-05-08 17:15:06', '2024-05-08 17:15:06'),
(1315, 44, 100, '2024-05-08 17:15:06', '2024-05-08 17:15:06'),
(1316, 44, 102, '2024-05-08 17:15:06', '2024-05-08 17:15:06'),
(1317, 44, 107, '2024-05-08 17:15:06', '2024-05-08 17:15:06'),
(1318, 44, 111, '2024-05-08 17:15:06', '2024-05-08 17:15:06'),
(1319, 44, 116, '2024-05-08 17:15:06', '2024-05-08 17:15:06'),
(1320, 44, 119, '2024-05-08 17:15:06', '2024-05-08 17:15:06'),
(1321, 45, 4, '2024-05-08 17:15:06', '2024-05-08 17:15:06'),
(1322, 45, 6, '2024-05-08 17:15:06', '2024-05-08 17:15:06'),
(1323, 45, 9, '2024-05-08 17:15:06', '2024-05-08 17:15:06'),
(1324, 45, 14, '2024-05-08 17:15:06', '2024-05-08 17:15:06'),
(1325, 45, 18, '2024-05-08 17:15:06', '2024-05-08 17:15:06'),
(1326, 45, 21, '2024-05-08 17:15:06', '2024-05-08 17:15:06'),
(1327, 45, 28, '2024-05-08 17:15:06', '2024-05-08 17:15:06'),
(1328, 45, 31, '2024-05-08 17:15:06', '2024-05-08 17:15:06'),
(1329, 45, 33, '2024-05-08 17:15:06', '2024-05-08 17:15:06'),
(1330, 45, 40, '2024-05-08 17:15:06', '2024-05-08 17:15:06'),
(1331, 45, 43, '2024-05-08 17:15:06', '2024-05-08 17:15:06'),
(1332, 45, 48, '2024-05-08 17:15:06', '2024-05-08 17:15:06'),
(1333, 45, 51, '2024-05-08 17:15:06', '2024-05-08 17:15:06'),
(1334, 45, 54, '2024-05-08 17:15:06', '2024-05-08 17:15:06'),
(1335, 45, 57, '2024-05-08 17:15:06', '2024-05-08 17:15:06'),
(1336, 45, 64, '2024-05-08 17:15:06', '2024-05-08 17:15:06'),
(1337, 45, 67, '2024-05-08 17:15:06', '2024-05-08 17:15:06'),
(1338, 45, 70, '2024-05-08 17:15:06', '2024-05-08 17:15:06'),
(1339, 45, 73, '2024-05-08 17:15:06', '2024-05-08 17:15:06'),
(1340, 45, 78, '2024-05-08 17:15:06', '2024-05-08 17:15:06'),
(1341, 45, 82, '2024-05-08 17:15:06', '2024-05-08 17:15:06'),
(1342, 45, 85, '2024-05-08 17:15:06', '2024-05-08 17:15:06'),
(1343, 45, 92, '2024-05-08 17:15:06', '2024-05-08 17:15:06'),
(1344, 45, 95, '2024-05-08 17:15:06', '2024-05-08 17:15:06'),
(1345, 45, 97, '2024-05-08 17:15:06', '2024-05-08 17:15:06'),
(1346, 45, 102, '2024-05-08 17:15:06', '2024-05-08 17:15:06'),
(1347, 45, 108, '2024-05-08 17:15:06', '2024-05-08 17:15:06'),
(1348, 45, 111, '2024-05-08 17:15:06', '2024-05-08 17:15:06'),
(1349, 45, 115, '2024-05-08 17:15:06', '2024-05-08 17:15:06'),
(1350, 45, 117, '2024-05-08 17:15:06', '2024-05-08 17:15:06'),
(1351, 46, 3, '2024-05-08 17:17:46', '2024-05-08 17:17:46'),
(1352, 46, 6, '2024-05-08 17:17:46', '2024-05-08 17:17:46'),
(1353, 46, 10, '2024-05-08 17:17:46', '2024-05-08 17:17:46'),
(1354, 46, 15, '2024-05-08 17:17:46', '2024-05-08 17:17:46'),
(1355, 46, 18, '2024-05-08 17:17:46', '2024-05-08 17:17:46'),
(1356, 46, 24, '2024-05-08 17:17:46', '2024-05-08 17:17:46'),
(1357, 46, 27, '2024-05-08 17:17:46', '2024-05-08 17:17:46'),
(1358, 46, 29, '2024-05-08 17:17:46', '2024-05-08 17:17:46'),
(1359, 46, 35, '2024-05-08 17:17:46', '2024-05-08 17:17:46'),
(1360, 46, 39, '2024-05-08 17:17:46', '2024-05-08 17:17:46'),
(1361, 46, 43, '2024-05-08 17:17:46', '2024-05-08 17:17:46'),
(1362, 46, 48, '2024-05-08 17:17:46', '2024-05-08 17:17:46'),
(1363, 46, 50, '2024-05-08 17:17:46', '2024-05-08 17:17:46'),
(1364, 46, 54, '2024-05-08 17:17:46', '2024-05-08 17:17:46'),
(1365, 46, 57, '2024-05-08 17:17:46', '2024-05-08 17:17:46'),
(1366, 46, 64, '2024-05-08 17:17:46', '2024-05-08 17:17:46'),
(1367, 46, 65, '2024-05-08 17:17:46', '2024-05-08 17:17:46'),
(1368, 46, 72, '2024-05-08 17:17:46', '2024-05-08 17:17:46'),
(1369, 46, 73, '2024-05-08 17:17:46', '2024-05-08 17:17:46'),
(1370, 46, 80, '2024-05-08 17:17:46', '2024-05-08 17:17:46'),
(1371, 46, 81, '2024-05-08 17:17:46', '2024-05-08 17:17:46'),
(1372, 46, 85, '2024-05-08 17:17:46', '2024-05-08 17:17:46'),
(1373, 46, 89, '2024-05-08 17:17:46', '2024-05-08 17:17:46'),
(1374, 46, 94, '2024-05-08 17:17:46', '2024-05-08 17:17:46'),
(1375, 46, 98, '2024-05-08 17:17:46', '2024-05-08 17:17:46'),
(1376, 46, 102, '2024-05-08 17:17:46', '2024-05-08 17:17:46'),
(1377, 46, 107, '2024-05-08 17:17:46', '2024-05-08 17:17:46'),
(1378, 46, 110, '2024-05-08 17:17:46', '2024-05-08 17:17:46'),
(1379, 46, 113, '2024-05-08 17:17:46', '2024-05-08 17:17:46'),
(1380, 46, 117, '2024-05-08 17:17:46', '2024-05-08 17:17:46'),
(1381, 47, 1, '2024-05-08 17:17:47', '2024-05-08 17:17:47'),
(1382, 47, 8, '2024-05-08 17:17:47', '2024-05-08 17:17:47'),
(1383, 47, 11, '2024-05-08 17:17:47', '2024-05-08 17:17:47'),
(1384, 47, 16, '2024-05-08 17:17:47', '2024-05-08 17:17:47'),
(1385, 47, 17, '2024-05-08 17:17:47', '2024-05-08 17:17:47'),
(1386, 47, 24, '2024-05-08 17:17:47', '2024-05-08 17:17:47'),
(1387, 47, 25, '2024-05-08 17:17:47', '2024-05-08 17:17:47'),
(1388, 47, 29, '2024-05-08 17:17:47', '2024-05-08 17:17:47'),
(1389, 47, 33, '2024-05-08 17:17:47', '2024-05-08 17:17:47'),
(1390, 47, 40, '2024-05-08 17:17:47', '2024-05-08 17:17:47'),
(1391, 47, 41, '2024-05-08 17:17:47', '2024-05-08 17:17:47'),
(1392, 47, 45, '2024-05-08 17:17:47', '2024-05-08 17:17:47'),
(1393, 47, 51, '2024-05-08 17:17:47', '2024-05-08 17:17:47'),
(1394, 47, 54, '2024-05-08 17:17:47', '2024-05-08 17:17:47'),
(1395, 47, 60, '2024-05-08 17:17:47', '2024-05-08 17:17:47'),
(1396, 47, 63, '2024-05-08 17:17:47', '2024-05-08 17:17:47'),
(1397, 47, 67, '2024-05-08 17:17:47', '2024-05-08 17:17:47'),
(1398, 47, 72, '2024-05-08 17:17:47', '2024-05-08 17:17:47'),
(1399, 47, 76, '2024-05-08 17:17:47', '2024-05-08 17:17:47'),
(1400, 47, 79, '2024-05-08 17:17:47', '2024-05-08 17:17:47'),
(1401, 47, 83, '2024-05-08 17:17:47', '2024-05-08 17:17:47'),
(1402, 47, 86, '2024-05-08 17:17:47', '2024-05-08 17:17:47'),
(1403, 47, 89, '2024-05-08 17:17:47', '2024-05-08 17:17:47'),
(1404, 47, 95, '2024-05-08 17:17:47', '2024-05-08 17:17:47'),
(1405, 47, 99, '2024-05-08 17:17:47', '2024-05-08 17:17:47'),
(1406, 47, 104, '2024-05-08 17:17:47', '2024-05-08 17:17:47'),
(1407, 47, 107, '2024-05-08 17:17:47', '2024-05-08 17:17:47'),
(1408, 47, 109, '2024-05-08 17:17:47', '2024-05-08 17:17:47'),
(1409, 47, 114, '2024-05-08 17:17:47', '2024-05-08 17:17:47'),
(1410, 47, 120, '2024-05-08 17:17:47', '2024-05-08 17:17:47'),
(1411, 48, 4, '2024-05-08 17:17:47', '2024-05-08 17:17:47'),
(1412, 48, 6, '2024-05-08 17:17:47', '2024-05-08 17:17:47'),
(1413, 48, 12, '2024-05-08 17:17:47', '2024-05-08 17:17:47'),
(1414, 48, 15, '2024-05-08 17:17:47', '2024-05-08 17:17:47'),
(1415, 48, 19, '2024-05-08 17:17:47', '2024-05-08 17:17:47'),
(1416, 48, 22, '2024-05-08 17:17:47', '2024-05-08 17:17:47'),
(1417, 48, 28, '2024-05-08 17:17:47', '2024-05-08 17:17:47'),
(1418, 48, 32, '2024-05-08 17:17:47', '2024-05-08 17:17:47'),
(1419, 48, 35, '2024-05-08 17:17:47', '2024-05-08 17:17:47'),
(1420, 48, 38, '2024-05-08 17:17:47', '2024-05-08 17:17:47'),
(1421, 48, 43, '2024-05-08 17:17:47', '2024-05-08 17:17:47'),
(1422, 48, 46, '2024-05-08 17:17:47', '2024-05-08 17:17:47'),
(1423, 48, 49, '2024-05-08 17:17:47', '2024-05-08 17:17:47'),
(1424, 48, 55, '2024-05-08 17:17:47', '2024-05-08 17:17:47'),
(1425, 48, 59, '2024-05-08 17:17:47', '2024-05-08 17:17:47'),
(1426, 48, 63, '2024-05-08 17:17:47', '2024-05-08 17:17:47'),
(1427, 48, 65, '2024-05-08 17:17:47', '2024-05-08 17:17:47'),
(1428, 48, 69, '2024-05-08 17:17:47', '2024-05-08 17:17:47'),
(1429, 48, 73, '2024-05-08 17:17:47', '2024-05-08 17:17:47'),
(1430, 48, 78, '2024-05-08 17:17:47', '2024-05-08 17:17:47'),
(1431, 48, 83, '2024-05-08 17:17:47', '2024-05-08 17:17:47'),
(1432, 48, 87, '2024-05-08 17:17:47', '2024-05-08 17:17:47'),
(1433, 48, 90, '2024-05-08 17:17:47', '2024-05-08 17:17:47'),
(1434, 48, 96, '2024-05-08 17:17:47', '2024-05-08 17:17:47'),
(1435, 48, 99, '2024-05-08 17:17:47', '2024-05-08 17:17:47'),
(1436, 48, 104, '2024-05-08 17:17:47', '2024-05-08 17:17:47'),
(1437, 48, 108, '2024-05-08 17:17:47', '2024-05-08 17:17:47'),
(1438, 48, 112, '2024-05-08 17:17:47', '2024-05-08 17:17:47'),
(1439, 48, 114, '2024-05-08 17:17:47', '2024-05-08 17:17:47'),
(1440, 48, 118, '2024-05-08 17:17:47', '2024-05-08 17:17:47'),
(1441, 49, 4, '2024-05-08 17:17:47', '2024-05-08 17:17:47'),
(1442, 49, 7, '2024-05-08 17:17:47', '2024-05-08 17:17:47'),
(1443, 49, 10, '2024-05-08 17:17:47', '2024-05-08 17:17:47'),
(1444, 49, 15, '2024-05-08 17:17:47', '2024-05-08 17:17:47'),
(1445, 49, 19, '2024-05-08 17:17:47', '2024-05-08 17:17:47'),
(1446, 49, 21, '2024-05-08 17:17:47', '2024-05-08 17:17:47'),
(1447, 49, 27, '2024-05-08 17:17:47', '2024-05-08 17:17:47'),
(1448, 49, 31, '2024-05-08 17:17:47', '2024-05-08 17:17:47'),
(1449, 49, 35, '2024-05-08 17:17:47', '2024-05-08 17:17:47'),
(1450, 49, 40, '2024-05-08 17:17:47', '2024-05-08 17:17:47'),
(1451, 49, 42, '2024-05-08 17:17:47', '2024-05-08 17:17:47'),
(1452, 49, 48, '2024-05-08 17:17:47', '2024-05-08 17:17:47'),
(1453, 49, 51, '2024-05-08 17:17:47', '2024-05-08 17:17:47'),
(1454, 49, 56, '2024-05-08 17:17:47', '2024-05-08 17:17:47'),
(1455, 49, 59, '2024-05-08 17:17:47', '2024-05-08 17:17:47'),
(1456, 49, 64, '2024-05-08 17:17:47', '2024-05-08 17:17:47'),
(1457, 49, 68, '2024-05-08 17:17:47', '2024-05-08 17:17:47'),
(1458, 49, 72, '2024-05-08 17:17:47', '2024-05-08 17:17:47'),
(1459, 49, 76, '2024-05-08 17:17:47', '2024-05-08 17:17:47'),
(1460, 49, 79, '2024-05-08 17:17:47', '2024-05-08 17:17:47'),
(1461, 49, 84, '2024-05-08 17:17:47', '2024-05-08 17:17:47'),
(1462, 49, 86, '2024-05-08 17:17:47', '2024-05-08 17:17:47'),
(1463, 49, 91, '2024-05-08 17:17:47', '2024-05-08 17:17:47'),
(1464, 49, 94, '2024-05-08 17:17:47', '2024-05-08 17:17:47'),
(1465, 49, 97, '2024-05-08 17:17:47', '2024-05-08 17:17:47'),
(1466, 49, 103, '2024-05-08 17:17:47', '2024-05-08 17:17:47'),
(1467, 49, 108, '2024-05-08 17:17:47', '2024-05-08 17:17:47'),
(1468, 49, 112, '2024-05-08 17:17:47', '2024-05-08 17:17:47'),
(1469, 49, 115, '2024-05-08 17:17:47', '2024-05-08 17:17:47'),
(1470, 49, 117, '2024-05-08 17:17:47', '2024-05-08 17:17:47'),
(1471, 50, 1, '2024-05-08 17:17:47', '2024-05-08 17:17:47'),
(1472, 50, 6, '2024-05-08 17:17:47', '2024-05-08 17:17:47'),
(1473, 50, 9, '2024-05-08 17:17:47', '2024-05-08 17:17:47'),
(1474, 50, 16, '2024-05-08 17:17:47', '2024-05-08 17:17:47'),
(1475, 50, 19, '2024-05-08 17:17:47', '2024-05-08 17:17:47'),
(1476, 50, 24, '2024-05-08 17:17:47', '2024-05-08 17:17:47'),
(1477, 50, 27, '2024-05-08 17:17:47', '2024-05-08 17:17:47'),
(1478, 50, 32, '2024-05-08 17:17:47', '2024-05-08 17:17:47'),
(1479, 50, 34, '2024-05-08 17:17:47', '2024-05-08 17:17:47'),
(1480, 50, 40, '2024-05-08 17:17:47', '2024-05-08 17:17:47'),
(1481, 50, 43, '2024-05-08 17:17:47', '2024-05-08 17:17:47'),
(1482, 50, 47, '2024-05-08 17:17:47', '2024-05-08 17:17:47'),
(1483, 50, 51, '2024-05-08 17:17:47', '2024-05-08 17:17:47'),
(1484, 50, 54, '2024-05-08 17:17:47', '2024-05-08 17:17:47'),
(1485, 50, 58, '2024-05-08 17:17:47', '2024-05-08 17:17:47'),
(1486, 50, 62, '2024-05-08 17:17:47', '2024-05-08 17:17:47'),
(1487, 50, 68, '2024-05-08 17:17:47', '2024-05-08 17:17:47'),
(1488, 50, 69, '2024-05-08 17:17:47', '2024-05-08 17:17:47'),
(1489, 50, 76, '2024-05-08 17:17:47', '2024-05-08 17:17:47'),
(1490, 50, 79, '2024-05-08 17:17:47', '2024-05-08 17:17:47'),
(1491, 50, 83, '2024-05-08 17:17:47', '2024-05-08 17:17:47'),
(1492, 50, 86, '2024-05-08 17:17:47', '2024-05-08 17:17:47'),
(1493, 50, 92, '2024-05-08 17:17:47', '2024-05-08 17:17:47'),
(1494, 50, 96, '2024-05-08 17:17:47', '2024-05-08 17:17:47'),
(1495, 50, 98, '2024-05-08 17:17:47', '2024-05-08 17:17:47'),
(1496, 50, 101, '2024-05-08 17:17:47', '2024-05-08 17:17:47'),
(1497, 50, 108, '2024-05-08 17:17:47', '2024-05-08 17:17:47'),
(1498, 50, 110, '2024-05-08 17:17:47', '2024-05-08 17:17:47'),
(1499, 50, 116, '2024-05-08 17:17:47', '2024-05-08 17:17:47'),
(1500, 50, 117, '2024-05-08 17:17:47', '2024-05-08 17:17:47'),
(1501, 51, 4, '2024-05-08 17:18:52', '2024-05-08 17:18:52'),
(1502, 51, 7, '2024-05-08 17:18:52', '2024-05-08 17:18:52'),
(1503, 51, 9, '2024-05-08 17:18:52', '2024-05-08 17:18:52'),
(1504, 51, 13, '2024-05-08 17:18:52', '2024-05-08 17:18:52'),
(1505, 51, 17, '2024-05-08 17:18:52', '2024-05-08 17:18:52'),
(1506, 51, 24, '2024-05-08 17:18:52', '2024-05-08 17:18:52'),
(1507, 51, 27, '2024-05-08 17:18:52', '2024-05-08 17:18:52'),
(1508, 51, 30, '2024-05-08 17:18:52', '2024-05-08 17:18:52'),
(1509, 51, 34, '2024-05-08 17:18:52', '2024-05-08 17:18:52'),
(1510, 51, 40, '2024-05-08 17:18:52', '2024-05-08 17:18:52'),
(1511, 51, 41, '2024-05-08 17:18:52', '2024-05-08 17:18:52'),
(1512, 51, 45, '2024-05-08 17:18:52', '2024-05-08 17:18:52'),
(1513, 51, 52, '2024-05-08 17:18:52', '2024-05-08 17:18:52'),
(1514, 51, 55, '2024-05-08 17:18:52', '2024-05-08 17:18:52'),
(1515, 51, 60, '2024-05-08 17:18:52', '2024-05-08 17:18:52'),
(1516, 51, 63, '2024-05-08 17:18:52', '2024-05-08 17:18:52'),
(1517, 51, 67, '2024-05-08 17:18:52', '2024-05-08 17:18:52'),
(1518, 51, 69, '2024-05-08 17:18:52', '2024-05-08 17:18:52'),
(1519, 51, 76, '2024-05-08 17:18:52', '2024-05-08 17:18:52'),
(1520, 51, 79, '2024-05-08 17:18:52', '2024-05-08 17:18:52'),
(1521, 51, 84, '2024-05-08 17:18:52', '2024-05-08 17:18:52'),
(1522, 51, 88, '2024-05-08 17:18:52', '2024-05-08 17:18:52'),
(1523, 51, 92, '2024-05-08 17:18:52', '2024-05-08 17:18:52'),
(1524, 51, 95, '2024-05-08 17:18:52', '2024-05-08 17:18:52'),
(1525, 51, 98, '2024-05-08 17:18:52', '2024-05-08 17:18:52'),
(1526, 51, 102, '2024-05-08 17:18:52', '2024-05-08 17:18:52'),
(1527, 51, 105, '2024-05-08 17:18:52', '2024-05-08 17:18:52'),
(1528, 51, 110, '2024-05-08 17:18:52', '2024-05-08 17:18:52'),
(1529, 51, 114, '2024-05-08 17:18:52', '2024-05-08 17:18:52'),
(1530, 51, 118, '2024-05-08 17:18:52', '2024-05-08 17:18:52'),
(1531, 52, 1, '2024-05-08 17:18:53', '2024-05-08 17:18:53'),
(1532, 52, 8, '2024-05-08 17:18:53', '2024-05-08 17:18:53'),
(1533, 52, 10, '2024-05-08 17:18:53', '2024-05-08 17:18:53'),
(1534, 52, 13, '2024-05-08 17:18:53', '2024-05-08 17:18:53'),
(1535, 52, 18, '2024-05-08 17:18:53', '2024-05-08 17:18:53'),
(1536, 52, 23, '2024-05-08 17:18:53', '2024-05-08 17:18:53'),
(1537, 52, 25, '2024-05-08 17:18:53', '2024-05-08 17:18:53'),
(1538, 52, 30, '2024-05-08 17:18:53', '2024-05-08 17:18:53'),
(1539, 52, 35, '2024-05-08 17:18:53', '2024-05-08 17:18:53'),
(1540, 52, 39, '2024-05-08 17:18:53', '2024-05-08 17:18:53'),
(1541, 52, 41, '2024-05-08 17:18:53', '2024-05-08 17:18:53'),
(1542, 52, 45, '2024-05-08 17:18:53', '2024-05-08 17:18:53'),
(1543, 52, 51, '2024-05-08 17:18:53', '2024-05-08 17:18:53'),
(1544, 52, 55, '2024-05-08 17:18:53', '2024-05-08 17:18:53'),
(1545, 52, 58, '2024-05-08 17:18:53', '2024-05-08 17:18:53'),
(1546, 52, 61, '2024-05-08 17:18:53', '2024-05-08 17:18:53'),
(1547, 52, 65, '2024-05-08 17:18:53', '2024-05-08 17:18:53'),
(1548, 52, 71, '2024-05-08 17:18:53', '2024-05-08 17:18:53'),
(1549, 52, 74, '2024-05-08 17:18:53', '2024-05-08 17:18:53'),
(1550, 52, 80, '2024-05-08 17:18:53', '2024-05-08 17:18:53'),
(1551, 52, 81, '2024-05-08 17:18:53', '2024-05-08 17:18:53'),
(1552, 52, 86, '2024-05-08 17:18:53', '2024-05-08 17:18:53'),
(1553, 52, 89, '2024-05-08 17:18:53', '2024-05-08 17:18:53'),
(1554, 52, 94, '2024-05-08 17:18:53', '2024-05-08 17:18:53'),
(1555, 52, 98, '2024-05-08 17:18:53', '2024-05-08 17:18:53'),
(1556, 52, 104, '2024-05-08 17:18:53', '2024-05-08 17:18:53'),
(1557, 52, 108, '2024-05-08 17:18:53', '2024-05-08 17:18:53'),
(1558, 52, 111, '2024-05-08 17:18:53', '2024-05-08 17:18:53'),
(1559, 52, 115, '2024-05-08 17:18:53', '2024-05-08 17:18:53'),
(1560, 52, 118, '2024-05-08 17:18:53', '2024-05-08 17:18:53'),
(1561, 53, 1, '2024-05-08 17:18:53', '2024-05-08 17:18:53'),
(1562, 53, 5, '2024-05-08 17:18:53', '2024-05-08 17:18:53'),
(1563, 53, 9, '2024-05-08 17:18:53', '2024-05-08 17:18:53'),
(1564, 53, 14, '2024-05-08 17:18:53', '2024-05-08 17:18:53'),
(1565, 53, 17, '2024-05-08 17:18:53', '2024-05-08 17:18:53'),
(1566, 53, 22, '2024-05-08 17:18:53', '2024-05-08 17:18:53'),
(1567, 53, 27, '2024-05-08 17:18:53', '2024-05-08 17:18:53'),
(1568, 53, 31, '2024-05-08 17:18:53', '2024-05-08 17:18:53'),
(1569, 53, 36, '2024-05-08 17:18:53', '2024-05-08 17:18:53'),
(1570, 53, 38, '2024-05-08 17:18:53', '2024-05-08 17:18:53'),
(1571, 53, 43, '2024-05-08 17:18:53', '2024-05-08 17:18:53'),
(1572, 53, 47, '2024-05-08 17:18:53', '2024-05-08 17:18:53'),
(1573, 53, 49, '2024-05-08 17:18:53', '2024-05-08 17:18:53'),
(1574, 53, 54, '2024-05-08 17:18:53', '2024-05-08 17:18:53'),
(1575, 53, 57, '2024-05-08 17:18:53', '2024-05-08 17:18:53'),
(1576, 53, 64, '2024-05-08 17:18:53', '2024-05-08 17:18:53'),
(1577, 53, 65, '2024-05-08 17:18:53', '2024-05-08 17:18:53'),
(1578, 53, 69, '2024-05-08 17:18:53', '2024-05-08 17:18:53'),
(1579, 53, 74, '2024-05-08 17:18:53', '2024-05-08 17:18:53'),
(1580, 53, 79, '2024-05-08 17:18:53', '2024-05-08 17:18:53'),
(1581, 53, 81, '2024-05-08 17:18:53', '2024-05-08 17:18:53'),
(1582, 53, 85, '2024-05-08 17:18:53', '2024-05-08 17:18:53'),
(1583, 53, 92, '2024-05-08 17:18:53', '2024-05-08 17:18:53'),
(1584, 53, 93, '2024-05-08 17:18:53', '2024-05-08 17:18:53'),
(1585, 53, 98, '2024-05-08 17:18:53', '2024-05-08 17:18:53'),
(1586, 53, 101, '2024-05-08 17:18:53', '2024-05-08 17:18:53'),
(1587, 53, 105, '2024-05-08 17:18:53', '2024-05-08 17:18:53'),
(1588, 53, 111, '2024-05-08 17:18:53', '2024-05-08 17:18:53'),
(1589, 53, 115, '2024-05-08 17:18:53', '2024-05-08 17:18:53'),
(1590, 53, 118, '2024-05-08 17:18:53', '2024-05-08 17:18:53'),
(1591, 54, 4, '2024-05-08 17:18:53', '2024-05-08 17:18:53'),
(1592, 54, 8, '2024-05-08 17:18:53', '2024-05-08 17:18:53'),
(1593, 54, 12, '2024-05-08 17:18:53', '2024-05-08 17:18:53'),
(1594, 54, 16, '2024-05-08 17:18:53', '2024-05-08 17:18:53'),
(1595, 54, 20, '2024-05-08 17:18:53', '2024-05-08 17:18:53'),
(1596, 54, 24, '2024-05-08 17:18:53', '2024-05-08 17:18:53'),
(1597, 54, 27, '2024-05-08 17:18:53', '2024-05-08 17:18:53'),
(1598, 54, 31, '2024-05-08 17:18:53', '2024-05-08 17:18:53'),
(1599, 54, 33, '2024-05-08 17:18:53', '2024-05-08 17:18:53'),
(1600, 54, 40, '2024-05-08 17:18:53', '2024-05-08 17:18:53'),
(1601, 54, 41, '2024-05-08 17:18:53', '2024-05-08 17:18:53'),
(1602, 54, 45, '2024-05-08 17:18:53', '2024-05-08 17:18:53'),
(1603, 54, 50, '2024-05-08 17:18:53', '2024-05-08 17:18:53'),
(1604, 54, 55, '2024-05-08 17:18:53', '2024-05-08 17:18:53'),
(1605, 54, 58, '2024-05-08 17:18:53', '2024-05-08 17:18:53'),
(1606, 54, 63, '2024-05-08 17:18:53', '2024-05-08 17:18:53'),
(1607, 54, 68, '2024-05-08 17:18:53', '2024-05-08 17:18:53'),
(1608, 54, 70, '2024-05-08 17:18:53', '2024-05-08 17:18:53'),
(1609, 54, 74, '2024-05-08 17:18:53', '2024-05-08 17:18:53'),
(1610, 54, 77, '2024-05-08 17:18:53', '2024-05-08 17:18:53'),
(1611, 54, 82, '2024-05-08 17:18:53', '2024-05-08 17:18:53'),
(1612, 54, 87, '2024-05-08 17:18:53', '2024-05-08 17:18:53'),
(1613, 54, 89, '2024-05-08 17:18:53', '2024-05-08 17:18:53'),
(1614, 54, 95, '2024-05-08 17:18:53', '2024-05-08 17:18:53'),
(1615, 54, 100, '2024-05-08 17:18:53', '2024-05-08 17:18:53'),
(1616, 54, 103, '2024-05-08 17:18:53', '2024-05-08 17:18:53'),
(1617, 54, 106, '2024-05-08 17:18:53', '2024-05-08 17:18:53'),
(1618, 54, 110, '2024-05-08 17:18:53', '2024-05-08 17:18:53'),
(1619, 54, 115, '2024-05-08 17:18:53', '2024-05-08 17:18:53'),
(1620, 54, 118, '2024-05-08 17:18:53', '2024-05-08 17:18:53'),
(1621, 55, 4, '2024-05-08 17:18:53', '2024-05-08 17:18:53'),
(1622, 55, 6, '2024-05-08 17:18:53', '2024-05-08 17:18:53'),
(1623, 55, 10, '2024-05-08 17:18:53', '2024-05-08 17:18:53'),
(1624, 55, 16, '2024-05-08 17:18:53', '2024-05-08 17:18:53'),
(1625, 55, 20, '2024-05-08 17:18:53', '2024-05-08 17:18:53'),
(1626, 55, 24, '2024-05-08 17:18:53', '2024-05-08 17:18:53'),
(1627, 55, 28, '2024-05-08 17:18:53', '2024-05-08 17:18:53'),
(1628, 55, 30, '2024-05-08 17:18:53', '2024-05-08 17:18:53'),
(1629, 55, 35, '2024-05-08 17:18:53', '2024-05-08 17:18:53'),
(1630, 55, 39, '2024-05-08 17:18:53', '2024-05-08 17:18:53'),
(1631, 55, 41, '2024-05-08 17:18:53', '2024-05-08 17:18:53'),
(1632, 55, 47, '2024-05-08 17:18:53', '2024-05-08 17:18:53'),
(1633, 55, 51, '2024-05-08 17:18:53', '2024-05-08 17:18:53'),
(1634, 55, 54, '2024-05-08 17:18:53', '2024-05-08 17:18:53'),
(1635, 55, 60, '2024-05-08 17:18:53', '2024-05-08 17:18:53'),
(1636, 55, 61, '2024-05-08 17:18:53', '2024-05-08 17:18:53'),
(1637, 55, 68, '2024-05-08 17:18:53', '2024-05-08 17:18:53'),
(1638, 55, 71, '2024-05-08 17:18:53', '2024-05-08 17:18:53'),
(1639, 55, 76, '2024-05-08 17:18:53', '2024-05-08 17:18:53'),
(1640, 55, 80, '2024-05-08 17:18:53', '2024-05-08 17:18:53'),
(1641, 55, 82, '2024-05-08 17:18:53', '2024-05-08 17:18:53'),
(1642, 55, 88, '2024-05-08 17:18:53', '2024-05-08 17:18:53'),
(1643, 55, 91, '2024-05-08 17:18:53', '2024-05-08 17:18:53'),
(1644, 55, 96, '2024-05-08 17:18:53', '2024-05-08 17:18:53'),
(1645, 55, 97, '2024-05-08 17:18:53', '2024-05-08 17:18:53'),
(1646, 55, 102, '2024-05-08 17:18:53', '2024-05-08 17:18:53'),
(1647, 55, 106, '2024-05-08 17:18:53', '2024-05-08 17:18:53'),
(1648, 55, 109, '2024-05-08 17:18:53', '2024-05-08 17:18:53'),
(1649, 55, 113, '2024-05-08 17:18:53', '2024-05-08 17:18:53'),
(1650, 55, 117, '2024-05-08 17:18:53', '2024-05-08 17:18:53'),
(1651, 56, 1, '2024-05-08 17:20:03', '2024-05-08 17:20:03'),
(1652, 56, 8, '2024-05-08 17:20:03', '2024-05-08 17:20:03'),
(1653, 56, 9, '2024-05-08 17:20:03', '2024-05-08 17:20:03'),
(1654, 56, 15, '2024-05-08 17:20:03', '2024-05-08 17:20:03'),
(1655, 56, 20, '2024-05-08 17:20:03', '2024-05-08 17:20:03'),
(1656, 56, 22, '2024-05-08 17:20:03', '2024-05-08 17:20:03'),
(1657, 56, 26, '2024-05-08 17:20:03', '2024-05-08 17:20:03'),
(1658, 56, 32, '2024-05-08 17:20:03', '2024-05-08 17:20:03'),
(1659, 56, 33, '2024-05-08 17:20:03', '2024-05-08 17:20:03'),
(1660, 56, 40, '2024-05-08 17:20:03', '2024-05-08 17:20:03'),
(1661, 56, 41, '2024-05-08 17:20:03', '2024-05-08 17:20:03'),
(1662, 56, 46, '2024-05-08 17:20:03', '2024-05-08 17:20:03'),
(1663, 56, 52, '2024-05-08 17:20:03', '2024-05-08 17:20:03'),
(1664, 56, 53, '2024-05-08 17:20:03', '2024-05-08 17:20:03'),
(1665, 56, 60, '2024-05-08 17:20:03', '2024-05-08 17:20:03'),
(1666, 56, 62, '2024-05-08 17:20:03', '2024-05-08 17:20:03'),
(1667, 56, 67, '2024-05-08 17:20:03', '2024-05-08 17:20:03'),
(1668, 56, 69, '2024-05-08 17:20:03', '2024-05-08 17:20:03'),
(1669, 56, 73, '2024-05-08 17:20:03', '2024-05-08 17:20:03'),
(1670, 56, 80, '2024-05-08 17:20:03', '2024-05-08 17:20:03'),
(1671, 56, 81, '2024-05-08 17:20:03', '2024-05-08 17:20:03'),
(1672, 56, 85, '2024-05-08 17:20:03', '2024-05-08 17:20:03'),
(1673, 56, 92, '2024-05-08 17:20:03', '2024-05-08 17:20:03'),
(1674, 56, 93, '2024-05-08 17:20:03', '2024-05-08 17:20:03'),
(1675, 56, 100, '2024-05-08 17:20:03', '2024-05-08 17:20:03'),
(1676, 56, 103, '2024-05-08 17:20:03', '2024-05-08 17:20:03'),
(1677, 56, 106, '2024-05-08 17:20:03', '2024-05-08 17:20:03'),
(1678, 56, 111, '2024-05-08 17:20:03', '2024-05-08 17:20:03'),
(1679, 56, 115, '2024-05-08 17:20:03', '2024-05-08 17:20:03'),
(1680, 56, 119, '2024-05-08 17:20:03', '2024-05-08 17:20:03'),
(1681, 57, 2, '2024-05-08 17:20:03', '2024-05-08 17:20:03'),
(1682, 57, 7, '2024-05-08 17:20:03', '2024-05-08 17:20:03');
INSERT INTO `penilaian_indikator` (`id_penilaian_indikator`, `id_penilaian`, `id_skala_indikator_detail`, `created_at`, `updated_at`) VALUES
(1683, 57, 10, '2024-05-08 17:20:03', '2024-05-08 17:20:03'),
(1684, 57, 15, '2024-05-08 17:20:03', '2024-05-08 17:20:03'),
(1685, 57, 19, '2024-05-08 17:20:03', '2024-05-08 17:20:03'),
(1686, 57, 24, '2024-05-08 17:20:03', '2024-05-08 17:20:03'),
(1687, 57, 25, '2024-05-08 17:20:03', '2024-05-08 17:20:03'),
(1688, 57, 30, '2024-05-08 17:20:03', '2024-05-08 17:20:03'),
(1689, 57, 33, '2024-05-08 17:20:03', '2024-05-08 17:20:03'),
(1690, 57, 39, '2024-05-08 17:20:03', '2024-05-08 17:20:03'),
(1691, 57, 42, '2024-05-08 17:20:03', '2024-05-08 17:20:03'),
(1692, 57, 45, '2024-05-08 17:20:03', '2024-05-08 17:20:03'),
(1693, 57, 49, '2024-05-08 17:20:03', '2024-05-08 17:20:03'),
(1694, 57, 54, '2024-05-08 17:20:03', '2024-05-08 17:20:03'),
(1695, 57, 57, '2024-05-08 17:20:03', '2024-05-08 17:20:03'),
(1696, 57, 64, '2024-05-08 17:20:03', '2024-05-08 17:20:03'),
(1697, 57, 68, '2024-05-08 17:20:03', '2024-05-08 17:20:03'),
(1698, 57, 72, '2024-05-08 17:20:03', '2024-05-08 17:20:03'),
(1699, 57, 75, '2024-05-08 17:20:03', '2024-05-08 17:20:03'),
(1700, 57, 79, '2024-05-08 17:20:03', '2024-05-08 17:20:03'),
(1701, 57, 83, '2024-05-08 17:20:03', '2024-05-08 17:20:03'),
(1702, 57, 85, '2024-05-08 17:20:03', '2024-05-08 17:20:03'),
(1703, 57, 90, '2024-05-08 17:20:03', '2024-05-08 17:20:03'),
(1704, 57, 93, '2024-05-08 17:20:03', '2024-05-08 17:20:03'),
(1705, 57, 100, '2024-05-08 17:20:03', '2024-05-08 17:20:03'),
(1706, 57, 104, '2024-05-08 17:20:03', '2024-05-08 17:20:03'),
(1707, 57, 105, '2024-05-08 17:20:03', '2024-05-08 17:20:03'),
(1708, 57, 111, '2024-05-08 17:20:03', '2024-05-08 17:20:03'),
(1709, 57, 115, '2024-05-08 17:20:03', '2024-05-08 17:20:03'),
(1710, 57, 118, '2024-05-08 17:20:03', '2024-05-08 17:20:03'),
(1711, 58, 3, '2024-05-08 17:20:03', '2024-05-08 17:20:03'),
(1712, 58, 8, '2024-05-08 17:20:03', '2024-05-08 17:20:03'),
(1713, 58, 10, '2024-05-08 17:20:03', '2024-05-08 17:20:03'),
(1714, 58, 14, '2024-05-08 17:20:03', '2024-05-08 17:20:03'),
(1715, 58, 19, '2024-05-08 17:20:03', '2024-05-08 17:20:03'),
(1716, 58, 22, '2024-05-08 17:20:03', '2024-05-08 17:20:03'),
(1717, 58, 25, '2024-05-08 17:20:03', '2024-05-08 17:20:03'),
(1718, 58, 29, '2024-05-08 17:20:03', '2024-05-08 17:20:03'),
(1719, 58, 34, '2024-05-08 17:20:03', '2024-05-08 17:20:03'),
(1720, 58, 40, '2024-05-08 17:20:03', '2024-05-08 17:20:03'),
(1721, 58, 43, '2024-05-08 17:20:03', '2024-05-08 17:20:03'),
(1722, 58, 45, '2024-05-08 17:20:03', '2024-05-08 17:20:03'),
(1723, 58, 52, '2024-05-08 17:20:03', '2024-05-08 17:20:03'),
(1724, 58, 54, '2024-05-08 17:20:03', '2024-05-08 17:20:03'),
(1725, 58, 58, '2024-05-08 17:20:03', '2024-05-08 17:20:03'),
(1726, 58, 64, '2024-05-08 17:20:03', '2024-05-08 17:20:03'),
(1727, 58, 65, '2024-05-08 17:20:03', '2024-05-08 17:20:03'),
(1728, 58, 70, '2024-05-08 17:20:03', '2024-05-08 17:20:03'),
(1729, 58, 75, '2024-05-08 17:20:03', '2024-05-08 17:20:03'),
(1730, 58, 80, '2024-05-08 17:20:03', '2024-05-08 17:20:03'),
(1731, 58, 82, '2024-05-08 17:20:03', '2024-05-08 17:20:03'),
(1732, 58, 87, '2024-05-08 17:20:03', '2024-05-08 17:20:03'),
(1733, 58, 91, '2024-05-08 17:20:03', '2024-05-08 17:20:03'),
(1734, 58, 93, '2024-05-08 17:20:03', '2024-05-08 17:20:03'),
(1735, 58, 97, '2024-05-08 17:20:03', '2024-05-08 17:20:03'),
(1736, 58, 103, '2024-05-08 17:20:03', '2024-05-08 17:20:03'),
(1737, 58, 105, '2024-05-08 17:20:03', '2024-05-08 17:20:03'),
(1738, 58, 109, '2024-05-08 17:20:03', '2024-05-08 17:20:03'),
(1739, 58, 114, '2024-05-08 17:20:03', '2024-05-08 17:20:03'),
(1740, 58, 119, '2024-05-08 17:20:03', '2024-05-08 17:20:03'),
(1741, 59, 4, '2024-05-08 17:20:03', '2024-05-08 17:20:03'),
(1742, 59, 5, '2024-05-08 17:20:03', '2024-05-08 17:20:03'),
(1743, 59, 9, '2024-05-08 17:20:03', '2024-05-08 17:20:03'),
(1744, 59, 15, '2024-05-08 17:20:03', '2024-05-08 17:20:03'),
(1745, 59, 18, '2024-05-08 17:20:03', '2024-05-08 17:20:03'),
(1746, 59, 24, '2024-05-08 17:20:03', '2024-05-08 17:20:03'),
(1747, 59, 25, '2024-05-08 17:20:03', '2024-05-08 17:20:03'),
(1748, 59, 32, '2024-05-08 17:20:03', '2024-05-08 17:20:03'),
(1749, 59, 36, '2024-05-08 17:20:03', '2024-05-08 17:20:03'),
(1750, 59, 40, '2024-05-08 17:20:03', '2024-05-08 17:20:03'),
(1751, 59, 44, '2024-05-08 17:20:03', '2024-05-08 17:20:03'),
(1752, 59, 45, '2024-05-08 17:20:03', '2024-05-08 17:20:03'),
(1753, 59, 52, '2024-05-08 17:20:03', '2024-05-08 17:20:03'),
(1754, 59, 53, '2024-05-08 17:20:03', '2024-05-08 17:20:03'),
(1755, 59, 57, '2024-05-08 17:20:03', '2024-05-08 17:20:03'),
(1756, 59, 64, '2024-05-08 17:20:03', '2024-05-08 17:20:03'),
(1757, 59, 65, '2024-05-08 17:20:03', '2024-05-08 17:20:03'),
(1758, 59, 71, '2024-05-08 17:20:03', '2024-05-08 17:20:03'),
(1759, 59, 75, '2024-05-08 17:20:03', '2024-05-08 17:20:03'),
(1760, 59, 80, '2024-05-08 17:20:03', '2024-05-08 17:20:03'),
(1761, 59, 81, '2024-05-08 17:20:03', '2024-05-08 17:20:03'),
(1762, 59, 86, '2024-05-08 17:20:03', '2024-05-08 17:20:03'),
(1763, 59, 89, '2024-05-08 17:20:03', '2024-05-08 17:20:03'),
(1764, 59, 93, '2024-05-08 17:20:03', '2024-05-08 17:20:03'),
(1765, 59, 97, '2024-05-08 17:20:03', '2024-05-08 17:20:03'),
(1766, 59, 102, '2024-05-08 17:20:03', '2024-05-08 17:20:03'),
(1767, 59, 107, '2024-05-08 17:20:03', '2024-05-08 17:20:03'),
(1768, 59, 109, '2024-05-08 17:20:03', '2024-05-08 17:20:03'),
(1769, 59, 114, '2024-05-08 17:20:03', '2024-05-08 17:20:03'),
(1770, 59, 120, '2024-05-08 17:20:03', '2024-05-08 17:20:03'),
(1771, 60, 4, '2024-05-08 17:20:03', '2024-05-08 17:20:03'),
(1772, 60, 5, '2024-05-08 17:20:03', '2024-05-08 17:20:03'),
(1773, 60, 9, '2024-05-08 17:20:03', '2024-05-08 17:20:03'),
(1774, 60, 13, '2024-05-08 17:20:03', '2024-05-08 17:20:03'),
(1775, 60, 19, '2024-05-08 17:20:03', '2024-05-08 17:20:03'),
(1776, 60, 22, '2024-05-08 17:20:03', '2024-05-08 17:20:03'),
(1777, 60, 26, '2024-05-08 17:20:03', '2024-05-08 17:20:03'),
(1778, 60, 30, '2024-05-08 17:20:03', '2024-05-08 17:20:03'),
(1779, 60, 33, '2024-05-08 17:20:03', '2024-05-08 17:20:03'),
(1780, 60, 39, '2024-05-08 17:20:03', '2024-05-08 17:20:03'),
(1781, 60, 43, '2024-05-08 17:20:03', '2024-05-08 17:20:03'),
(1782, 60, 45, '2024-05-08 17:20:03', '2024-05-08 17:20:03'),
(1783, 60, 51, '2024-05-08 17:20:03', '2024-05-08 17:20:03'),
(1784, 60, 56, '2024-05-08 17:20:03', '2024-05-08 17:20:03'),
(1785, 60, 57, '2024-05-08 17:20:03', '2024-05-08 17:20:03'),
(1786, 60, 62, '2024-05-08 17:20:03', '2024-05-08 17:20:03'),
(1787, 60, 65, '2024-05-08 17:20:03', '2024-05-08 17:20:03'),
(1788, 60, 70, '2024-05-08 17:20:03', '2024-05-08 17:20:03'),
(1789, 60, 75, '2024-05-08 17:20:03', '2024-05-08 17:20:03'),
(1790, 60, 77, '2024-05-08 17:20:03', '2024-05-08 17:20:03'),
(1791, 60, 84, '2024-05-08 17:20:03', '2024-05-08 17:20:03'),
(1792, 60, 87, '2024-05-08 17:20:03', '2024-05-08 17:20:03'),
(1793, 60, 90, '2024-05-08 17:20:03', '2024-05-08 17:20:03'),
(1794, 60, 94, '2024-05-08 17:20:03', '2024-05-08 17:20:03'),
(1795, 60, 100, '2024-05-08 17:20:03', '2024-05-08 17:20:03'),
(1796, 60, 103, '2024-05-08 17:20:03', '2024-05-08 17:20:03'),
(1797, 60, 108, '2024-05-08 17:20:03', '2024-05-08 17:20:03'),
(1798, 60, 109, '2024-05-08 17:20:03', '2024-05-08 17:20:03'),
(1799, 60, 116, '2024-05-08 17:20:03', '2024-05-08 17:20:03'),
(1800, 60, 118, '2024-05-08 17:20:03', '2024-05-08 17:20:03'),
(1801, 61, 2, '2024-05-08 17:22:43', '2024-05-08 17:22:43'),
(1802, 61, 6, '2024-05-08 17:22:43', '2024-05-08 17:22:43'),
(1803, 61, 10, '2024-05-08 17:22:43', '2024-05-08 17:22:43'),
(1804, 61, 13, '2024-05-08 17:22:43', '2024-05-08 17:22:43'),
(1805, 61, 17, '2024-05-08 17:22:43', '2024-05-08 17:22:43'),
(1806, 61, 24, '2024-05-08 17:22:43', '2024-05-08 17:22:43'),
(1807, 61, 26, '2024-05-08 17:22:43', '2024-05-08 17:22:43'),
(1808, 61, 31, '2024-05-08 17:22:43', '2024-05-08 17:22:43'),
(1809, 61, 35, '2024-05-08 17:22:43', '2024-05-08 17:22:43'),
(1810, 61, 40, '2024-05-08 17:22:43', '2024-05-08 17:22:43'),
(1811, 61, 41, '2024-05-08 17:22:43', '2024-05-08 17:22:43'),
(1812, 61, 48, '2024-05-08 17:22:43', '2024-05-08 17:22:43'),
(1813, 61, 49, '2024-05-08 17:22:43', '2024-05-08 17:22:43'),
(1814, 61, 53, '2024-05-08 17:22:43', '2024-05-08 17:22:43'),
(1815, 61, 57, '2024-05-08 17:22:43', '2024-05-08 17:22:43'),
(1816, 61, 64, '2024-05-08 17:22:43', '2024-05-08 17:22:43'),
(1817, 61, 67, '2024-05-08 17:22:43', '2024-05-08 17:22:43'),
(1818, 61, 71, '2024-05-08 17:22:43', '2024-05-08 17:22:43'),
(1819, 61, 76, '2024-05-08 17:22:43', '2024-05-08 17:22:43'),
(1820, 61, 77, '2024-05-08 17:22:43', '2024-05-08 17:22:43'),
(1821, 61, 84, '2024-05-08 17:22:43', '2024-05-08 17:22:43'),
(1822, 61, 85, '2024-05-08 17:22:43', '2024-05-08 17:22:43'),
(1823, 61, 91, '2024-05-08 17:22:43', '2024-05-08 17:22:43'),
(1824, 61, 94, '2024-05-08 17:22:43', '2024-05-08 17:22:43'),
(1825, 61, 98, '2024-05-08 17:22:43', '2024-05-08 17:22:43'),
(1826, 61, 103, '2024-05-08 17:22:43', '2024-05-08 17:22:43'),
(1827, 61, 107, '2024-05-08 17:22:43', '2024-05-08 17:22:43'),
(1828, 61, 111, '2024-05-08 17:22:43', '2024-05-08 17:22:43'),
(1829, 61, 115, '2024-05-08 17:22:43', '2024-05-08 17:22:43'),
(1830, 61, 118, '2024-05-08 17:22:43', '2024-05-08 17:22:43'),
(1831, 62, 2, '2024-05-08 17:22:43', '2024-05-08 17:22:43'),
(1832, 62, 6, '2024-05-08 17:22:43', '2024-05-08 17:22:43'),
(1833, 62, 10, '2024-05-08 17:22:43', '2024-05-08 17:22:43'),
(1834, 62, 15, '2024-05-08 17:22:43', '2024-05-08 17:22:43'),
(1835, 62, 18, '2024-05-08 17:22:43', '2024-05-08 17:22:43'),
(1836, 62, 24, '2024-05-08 17:22:43', '2024-05-08 17:22:43'),
(1837, 62, 25, '2024-05-08 17:22:43', '2024-05-08 17:22:43'),
(1838, 62, 31, '2024-05-08 17:22:43', '2024-05-08 17:22:43'),
(1839, 62, 36, '2024-05-08 17:22:43', '2024-05-08 17:22:43'),
(1840, 62, 37, '2024-05-08 17:22:43', '2024-05-08 17:22:43'),
(1841, 62, 41, '2024-05-08 17:22:43', '2024-05-08 17:22:43'),
(1842, 62, 48, '2024-05-08 17:22:43', '2024-05-08 17:22:43'),
(1843, 62, 50, '2024-05-08 17:22:43', '2024-05-08 17:22:43'),
(1844, 62, 54, '2024-05-08 17:22:43', '2024-05-08 17:22:43'),
(1845, 62, 59, '2024-05-08 17:22:43', '2024-05-08 17:22:43'),
(1846, 62, 62, '2024-05-08 17:22:43', '2024-05-08 17:22:43'),
(1847, 62, 65, '2024-05-08 17:22:43', '2024-05-08 17:22:43'),
(1848, 62, 69, '2024-05-08 17:22:43', '2024-05-08 17:22:43'),
(1849, 62, 74, '2024-05-08 17:22:43', '2024-05-08 17:22:43'),
(1850, 62, 80, '2024-05-08 17:22:43', '2024-05-08 17:22:43'),
(1851, 62, 83, '2024-05-08 17:22:43', '2024-05-08 17:22:43'),
(1852, 62, 85, '2024-05-08 17:22:43', '2024-05-08 17:22:43'),
(1853, 62, 89, '2024-05-08 17:22:43', '2024-05-08 17:22:43'),
(1854, 62, 96, '2024-05-08 17:22:43', '2024-05-08 17:22:43'),
(1855, 62, 100, '2024-05-08 17:22:43', '2024-05-08 17:22:43'),
(1856, 62, 102, '2024-05-08 17:22:43', '2024-05-08 17:22:43'),
(1857, 62, 107, '2024-05-08 17:22:43', '2024-05-08 17:22:43'),
(1858, 62, 109, '2024-05-08 17:22:43', '2024-05-08 17:22:43'),
(1859, 62, 116, '2024-05-08 17:22:43', '2024-05-08 17:22:43'),
(1860, 62, 118, '2024-05-08 17:22:43', '2024-05-08 17:22:43'),
(1861, 63, 4, '2024-05-08 17:22:43', '2024-05-08 17:22:43'),
(1862, 63, 5, '2024-05-08 17:22:43', '2024-05-08 17:22:43'),
(1863, 63, 11, '2024-05-08 17:22:43', '2024-05-08 17:22:43'),
(1864, 63, 13, '2024-05-08 17:22:43', '2024-05-08 17:22:43'),
(1865, 63, 20, '2024-05-08 17:22:43', '2024-05-08 17:22:43'),
(1866, 63, 24, '2024-05-08 17:22:43', '2024-05-08 17:22:43'),
(1867, 63, 26, '2024-05-08 17:22:43', '2024-05-08 17:22:43'),
(1868, 63, 31, '2024-05-08 17:22:43', '2024-05-08 17:22:43'),
(1869, 63, 33, '2024-05-08 17:22:43', '2024-05-08 17:22:43'),
(1870, 63, 37, '2024-05-08 17:22:43', '2024-05-08 17:22:43'),
(1871, 63, 42, '2024-05-08 17:22:43', '2024-05-08 17:22:43'),
(1872, 63, 45, '2024-05-08 17:22:43', '2024-05-08 17:22:43'),
(1873, 63, 52, '2024-05-08 17:22:43', '2024-05-08 17:22:43'),
(1874, 63, 56, '2024-05-08 17:22:43', '2024-05-08 17:22:43'),
(1875, 63, 59, '2024-05-08 17:22:43', '2024-05-08 17:22:43'),
(1876, 63, 63, '2024-05-08 17:22:43', '2024-05-08 17:22:43'),
(1877, 63, 65, '2024-05-08 17:22:43', '2024-05-08 17:22:43'),
(1878, 63, 70, '2024-05-08 17:22:43', '2024-05-08 17:22:43'),
(1879, 63, 76, '2024-05-08 17:22:43', '2024-05-08 17:22:43'),
(1880, 63, 77, '2024-05-08 17:22:43', '2024-05-08 17:22:43'),
(1881, 63, 83, '2024-05-08 17:22:43', '2024-05-08 17:22:43'),
(1882, 63, 87, '2024-05-08 17:22:43', '2024-05-08 17:22:43'),
(1883, 63, 91, '2024-05-08 17:22:43', '2024-05-08 17:22:43'),
(1884, 63, 96, '2024-05-08 17:22:43', '2024-05-08 17:22:43'),
(1885, 63, 98, '2024-05-08 17:22:43', '2024-05-08 17:22:43'),
(1886, 63, 104, '2024-05-08 17:22:43', '2024-05-08 17:22:43'),
(1887, 63, 106, '2024-05-08 17:22:43', '2024-05-08 17:22:43'),
(1888, 63, 109, '2024-05-08 17:22:43', '2024-05-08 17:22:43'),
(1889, 63, 113, '2024-05-08 17:22:43', '2024-05-08 17:22:43'),
(1890, 63, 118, '2024-05-08 17:22:43', '2024-05-08 17:22:43'),
(1891, 64, 2, '2024-05-08 17:22:43', '2024-05-08 17:22:43'),
(1892, 64, 5, '2024-05-08 17:22:43', '2024-05-08 17:22:43'),
(1893, 64, 10, '2024-05-08 17:22:43', '2024-05-08 17:22:43'),
(1894, 64, 13, '2024-05-08 17:22:43', '2024-05-08 17:22:43'),
(1895, 64, 20, '2024-05-08 17:22:43', '2024-05-08 17:22:43'),
(1896, 64, 22, '2024-05-08 17:22:43', '2024-05-08 17:22:43'),
(1897, 64, 25, '2024-05-08 17:22:43', '2024-05-08 17:22:43'),
(1898, 64, 32, '2024-05-08 17:22:43', '2024-05-08 17:22:43'),
(1899, 64, 34, '2024-05-08 17:22:43', '2024-05-08 17:22:43'),
(1900, 64, 40, '2024-05-08 17:22:43', '2024-05-08 17:22:43'),
(1901, 64, 44, '2024-05-08 17:22:43', '2024-05-08 17:22:43'),
(1902, 64, 46, '2024-05-08 17:22:43', '2024-05-08 17:22:43'),
(1903, 64, 50, '2024-05-08 17:22:43', '2024-05-08 17:22:43'),
(1904, 64, 54, '2024-05-08 17:22:43', '2024-05-08 17:22:43'),
(1905, 64, 60, '2024-05-08 17:22:43', '2024-05-08 17:22:43'),
(1906, 64, 64, '2024-05-08 17:22:43', '2024-05-08 17:22:43'),
(1907, 64, 65, '2024-05-08 17:22:43', '2024-05-08 17:22:43'),
(1908, 64, 72, '2024-05-08 17:22:43', '2024-05-08 17:22:43'),
(1909, 64, 73, '2024-05-08 17:22:43', '2024-05-08 17:22:43'),
(1910, 64, 78, '2024-05-08 17:22:43', '2024-05-08 17:22:43'),
(1911, 64, 84, '2024-05-08 17:22:43', '2024-05-08 17:22:43'),
(1912, 64, 86, '2024-05-08 17:22:43', '2024-05-08 17:22:43'),
(1913, 64, 90, '2024-05-08 17:22:43', '2024-05-08 17:22:43'),
(1914, 64, 94, '2024-05-08 17:22:43', '2024-05-08 17:22:43'),
(1915, 64, 100, '2024-05-08 17:22:43', '2024-05-08 17:22:43'),
(1916, 64, 102, '2024-05-08 17:22:43', '2024-05-08 17:22:43'),
(1917, 64, 105, '2024-05-08 17:22:43', '2024-05-08 17:22:43'),
(1918, 64, 110, '2024-05-08 17:22:43', '2024-05-08 17:22:43'),
(1919, 64, 116, '2024-05-08 17:22:43', '2024-05-08 17:22:43'),
(1920, 64, 120, '2024-05-08 17:22:43', '2024-05-08 17:22:43'),
(1921, 65, 1, '2024-05-08 17:22:43', '2024-05-08 17:22:43'),
(1922, 65, 8, '2024-05-08 17:22:43', '2024-05-08 17:22:43'),
(1923, 65, 10, '2024-05-08 17:22:43', '2024-05-08 17:22:43'),
(1924, 65, 13, '2024-05-08 17:22:43', '2024-05-08 17:22:43'),
(1925, 65, 17, '2024-05-08 17:22:43', '2024-05-08 17:22:43'),
(1926, 65, 22, '2024-05-08 17:22:43', '2024-05-08 17:22:43'),
(1927, 65, 26, '2024-05-08 17:22:43', '2024-05-08 17:22:43'),
(1928, 65, 30, '2024-05-08 17:22:43', '2024-05-08 17:22:43'),
(1929, 65, 33, '2024-05-08 17:22:43', '2024-05-08 17:22:43'),
(1930, 65, 39, '2024-05-08 17:22:43', '2024-05-08 17:22:43'),
(1931, 65, 41, '2024-05-08 17:22:43', '2024-05-08 17:22:43'),
(1932, 65, 46, '2024-05-08 17:22:43', '2024-05-08 17:22:43'),
(1933, 65, 51, '2024-05-08 17:22:43', '2024-05-08 17:22:43'),
(1934, 65, 56, '2024-05-08 17:22:43', '2024-05-08 17:22:43'),
(1935, 65, 59, '2024-05-08 17:22:43', '2024-05-08 17:22:43'),
(1936, 65, 63, '2024-05-08 17:22:43', '2024-05-08 17:22:43'),
(1937, 65, 66, '2024-05-08 17:22:43', '2024-05-08 17:22:43'),
(1938, 65, 69, '2024-05-08 17:22:43', '2024-05-08 17:22:43'),
(1939, 65, 76, '2024-05-08 17:22:43', '2024-05-08 17:22:43'),
(1940, 65, 79, '2024-05-08 17:22:43', '2024-05-08 17:22:43'),
(1941, 65, 83, '2024-05-08 17:22:43', '2024-05-08 17:22:43'),
(1942, 65, 85, '2024-05-08 17:22:43', '2024-05-08 17:22:43'),
(1943, 65, 91, '2024-05-08 17:22:43', '2024-05-08 17:22:43'),
(1944, 65, 93, '2024-05-08 17:22:43', '2024-05-08 17:22:43'),
(1945, 65, 99, '2024-05-08 17:22:43', '2024-05-08 17:22:43'),
(1946, 65, 104, '2024-05-08 17:22:43', '2024-05-08 17:22:43'),
(1947, 65, 108, '2024-05-08 17:22:43', '2024-05-08 17:22:43'),
(1948, 65, 109, '2024-05-08 17:22:43', '2024-05-08 17:22:43'),
(1949, 65, 116, '2024-05-08 17:22:43', '2024-05-08 17:22:43'),
(1950, 65, 117, '2024-05-08 17:22:43', '2024-05-08 17:22:43'),
(1951, 71, 2, '2024-05-08 17:24:13', '2024-05-08 17:24:13'),
(1952, 71, 8, '2024-05-08 17:24:13', '2024-05-08 17:24:13'),
(1953, 71, 11, '2024-05-08 17:24:13', '2024-05-08 17:24:13'),
(1954, 71, 15, '2024-05-08 17:24:13', '2024-05-08 17:24:13'),
(1955, 71, 17, '2024-05-08 17:24:13', '2024-05-08 17:24:13'),
(1956, 71, 23, '2024-05-08 17:24:13', '2024-05-08 17:24:13'),
(1957, 71, 25, '2024-05-08 17:24:13', '2024-05-08 17:24:13'),
(1958, 71, 30, '2024-05-08 17:24:13', '2024-05-08 17:24:13'),
(1959, 71, 33, '2024-05-08 17:24:13', '2024-05-08 17:24:13'),
(1960, 71, 39, '2024-05-08 17:24:13', '2024-05-08 17:24:13'),
(1961, 71, 41, '2024-05-08 17:24:13', '2024-05-08 17:24:13'),
(1962, 71, 47, '2024-05-08 17:24:13', '2024-05-08 17:24:13'),
(1963, 71, 50, '2024-05-08 17:24:13', '2024-05-08 17:24:13'),
(1964, 71, 53, '2024-05-08 17:24:13', '2024-05-08 17:24:13'),
(1965, 71, 57, '2024-05-08 17:24:13', '2024-05-08 17:24:13'),
(1966, 71, 62, '2024-05-08 17:24:13', '2024-05-08 17:24:13'),
(1967, 71, 65, '2024-05-08 17:24:13', '2024-05-08 17:24:13'),
(1968, 71, 70, '2024-05-08 17:24:13', '2024-05-08 17:24:13'),
(1969, 71, 73, '2024-05-08 17:24:13', '2024-05-08 17:24:13'),
(1970, 71, 80, '2024-05-08 17:24:13', '2024-05-08 17:24:13'),
(1971, 71, 81, '2024-05-08 17:24:13', '2024-05-08 17:24:13'),
(1972, 71, 85, '2024-05-08 17:24:13', '2024-05-08 17:24:13'),
(1973, 71, 90, '2024-05-08 17:24:13', '2024-05-08 17:24:13'),
(1974, 71, 95, '2024-05-08 17:24:13', '2024-05-08 17:24:13'),
(1975, 71, 100, '2024-05-08 17:24:13', '2024-05-08 17:24:13'),
(1976, 71, 103, '2024-05-08 17:24:13', '2024-05-08 17:24:13'),
(1977, 71, 106, '2024-05-08 17:24:13', '2024-05-08 17:24:13'),
(1978, 71, 109, '2024-05-08 17:24:13', '2024-05-08 17:24:13'),
(1979, 71, 116, '2024-05-08 17:24:13', '2024-05-08 17:24:13'),
(1980, 71, 117, '2024-05-08 17:24:13', '2024-05-08 17:24:13'),
(1981, 72, 1, '2024-05-08 17:24:13', '2024-05-08 17:24:13'),
(1982, 72, 6, '2024-05-08 17:24:13', '2024-05-08 17:24:13'),
(1983, 72, 10, '2024-05-08 17:24:13', '2024-05-08 17:24:13'),
(1984, 72, 14, '2024-05-08 17:24:13', '2024-05-08 17:24:13'),
(1985, 72, 19, '2024-05-08 17:24:13', '2024-05-08 17:24:13'),
(1986, 72, 23, '2024-05-08 17:24:13', '2024-05-08 17:24:13'),
(1987, 72, 28, '2024-05-08 17:24:13', '2024-05-08 17:24:13'),
(1988, 72, 30, '2024-05-08 17:24:13', '2024-05-08 17:24:13'),
(1989, 72, 34, '2024-05-08 17:24:13', '2024-05-08 17:24:13'),
(1990, 72, 38, '2024-05-08 17:24:13', '2024-05-08 17:24:13'),
(1991, 72, 44, '2024-05-08 17:24:13', '2024-05-08 17:24:13'),
(1992, 72, 45, '2024-05-08 17:24:13', '2024-05-08 17:24:13'),
(1993, 72, 52, '2024-05-08 17:24:13', '2024-05-08 17:24:13'),
(1994, 72, 53, '2024-05-08 17:24:13', '2024-05-08 17:24:13'),
(1995, 72, 58, '2024-05-08 17:24:13', '2024-05-08 17:24:13'),
(1996, 72, 62, '2024-05-08 17:24:13', '2024-05-08 17:24:13'),
(1997, 72, 65, '2024-05-08 17:24:13', '2024-05-08 17:24:13'),
(1998, 72, 70, '2024-05-08 17:24:13', '2024-05-08 17:24:13'),
(1999, 72, 74, '2024-05-08 17:24:13', '2024-05-08 17:24:13'),
(2000, 72, 78, '2024-05-08 17:24:13', '2024-05-08 17:24:13'),
(2001, 72, 82, '2024-05-08 17:24:13', '2024-05-08 17:24:13'),
(2002, 72, 87, '2024-05-08 17:24:13', '2024-05-08 17:24:13'),
(2003, 72, 92, '2024-05-08 17:24:13', '2024-05-08 17:24:13'),
(2004, 72, 95, '2024-05-08 17:24:13', '2024-05-08 17:24:13'),
(2005, 72, 100, '2024-05-08 17:24:13', '2024-05-08 17:24:13'),
(2006, 72, 102, '2024-05-08 17:24:13', '2024-05-08 17:24:13'),
(2007, 72, 107, '2024-05-08 17:24:13', '2024-05-08 17:24:13'),
(2008, 72, 111, '2024-05-08 17:24:13', '2024-05-08 17:24:13'),
(2009, 72, 113, '2024-05-08 17:24:13', '2024-05-08 17:24:13'),
(2010, 72, 118, '2024-05-08 17:24:13', '2024-05-08 17:24:13'),
(2011, 73, 2, '2024-05-08 17:24:13', '2024-05-08 17:24:13'),
(2012, 73, 8, '2024-05-08 17:24:13', '2024-05-08 17:24:13'),
(2013, 73, 11, '2024-05-08 17:24:13', '2024-05-08 17:24:13'),
(2014, 73, 14, '2024-05-08 17:24:13', '2024-05-08 17:24:13'),
(2015, 73, 20, '2024-05-08 17:24:13', '2024-05-08 17:24:13'),
(2016, 73, 23, '2024-05-08 17:24:13', '2024-05-08 17:24:13'),
(2017, 73, 27, '2024-05-08 17:24:13', '2024-05-08 17:24:13'),
(2018, 73, 29, '2024-05-08 17:24:13', '2024-05-08 17:24:13'),
(2019, 73, 36, '2024-05-08 17:24:13', '2024-05-08 17:24:13'),
(2020, 73, 40, '2024-05-08 17:24:13', '2024-05-08 17:24:13'),
(2021, 73, 44, '2024-05-08 17:24:13', '2024-05-08 17:24:13'),
(2022, 73, 48, '2024-05-08 17:24:13', '2024-05-08 17:24:13'),
(2023, 73, 49, '2024-05-08 17:24:13', '2024-05-08 17:24:13'),
(2024, 73, 56, '2024-05-08 17:24:13', '2024-05-08 17:24:13'),
(2025, 73, 59, '2024-05-08 17:24:13', '2024-05-08 17:24:13'),
(2026, 73, 61, '2024-05-08 17:24:13', '2024-05-08 17:24:13'),
(2027, 73, 66, '2024-05-08 17:24:13', '2024-05-08 17:24:13'),
(2028, 73, 72, '2024-05-08 17:24:13', '2024-05-08 17:24:13'),
(2029, 73, 76, '2024-05-08 17:24:13', '2024-05-08 17:24:13'),
(2030, 73, 78, '2024-05-08 17:24:13', '2024-05-08 17:24:13'),
(2031, 73, 83, '2024-05-08 17:24:13', '2024-05-08 17:24:13'),
(2032, 73, 85, '2024-05-08 17:24:13', '2024-05-08 17:24:13'),
(2033, 73, 90, '2024-05-08 17:24:13', '2024-05-08 17:24:13'),
(2034, 73, 93, '2024-05-08 17:24:13', '2024-05-08 17:24:13'),
(2035, 73, 99, '2024-05-08 17:24:13', '2024-05-08 17:24:13'),
(2036, 73, 104, '2024-05-08 17:24:13', '2024-05-08 17:24:13'),
(2037, 73, 106, '2024-05-08 17:24:13', '2024-05-08 17:24:13'),
(2038, 73, 110, '2024-05-08 17:24:13', '2024-05-08 17:24:13'),
(2039, 73, 116, '2024-05-08 17:24:13', '2024-05-08 17:24:13'),
(2040, 73, 118, '2024-05-08 17:24:13', '2024-05-08 17:24:13'),
(2041, 74, 1, '2024-05-08 17:24:13', '2024-05-08 17:24:13'),
(2042, 74, 7, '2024-05-08 17:24:13', '2024-05-08 17:24:13'),
(2043, 74, 12, '2024-05-08 17:24:13', '2024-05-08 17:24:13'),
(2044, 74, 16, '2024-05-08 17:24:13', '2024-05-08 17:24:13'),
(2045, 74, 20, '2024-05-08 17:24:13', '2024-05-08 17:24:13'),
(2046, 74, 22, '2024-05-08 17:24:13', '2024-05-08 17:24:13'),
(2047, 74, 28, '2024-05-08 17:24:13', '2024-05-08 17:24:13'),
(2048, 74, 29, '2024-05-08 17:24:13', '2024-05-08 17:24:13'),
(2049, 74, 35, '2024-05-08 17:24:13', '2024-05-08 17:24:13'),
(2050, 74, 37, '2024-05-08 17:24:13', '2024-05-08 17:24:13'),
(2051, 74, 44, '2024-05-08 17:24:13', '2024-05-08 17:24:13'),
(2052, 74, 45, '2024-05-08 17:24:13', '2024-05-08 17:24:13'),
(2053, 74, 50, '2024-05-08 17:24:13', '2024-05-08 17:24:13'),
(2054, 74, 55, '2024-05-08 17:24:13', '2024-05-08 17:24:13'),
(2055, 74, 59, '2024-05-08 17:24:13', '2024-05-08 17:24:13'),
(2056, 74, 63, '2024-05-08 17:24:13', '2024-05-08 17:24:13'),
(2057, 74, 67, '2024-05-08 17:24:13', '2024-05-08 17:24:13'),
(2058, 74, 72, '2024-05-08 17:24:13', '2024-05-08 17:24:13'),
(2059, 74, 74, '2024-05-08 17:24:13', '2024-05-08 17:24:13'),
(2060, 74, 80, '2024-05-08 17:24:13', '2024-05-08 17:24:13'),
(2061, 74, 82, '2024-05-08 17:24:13', '2024-05-08 17:24:13'),
(2062, 74, 88, '2024-05-08 17:24:13', '2024-05-08 17:24:13'),
(2063, 74, 90, '2024-05-08 17:24:13', '2024-05-08 17:24:13'),
(2064, 74, 94, '2024-05-08 17:24:13', '2024-05-08 17:24:13'),
(2065, 74, 97, '2024-05-08 17:24:13', '2024-05-08 17:24:13'),
(2066, 74, 102, '2024-05-08 17:24:13', '2024-05-08 17:24:13'),
(2067, 74, 107, '2024-05-08 17:24:13', '2024-05-08 17:24:13'),
(2068, 74, 109, '2024-05-08 17:24:13', '2024-05-08 17:24:13'),
(2069, 74, 116, '2024-05-08 17:24:13', '2024-05-08 17:24:13'),
(2070, 74, 120, '2024-05-08 17:24:13', '2024-05-08 17:24:13'),
(2071, 75, 1, '2024-05-08 17:24:13', '2024-05-08 17:24:13'),
(2072, 75, 5, '2024-05-08 17:24:13', '2024-05-08 17:24:13'),
(2073, 75, 11, '2024-05-08 17:24:13', '2024-05-08 17:24:13'),
(2074, 75, 13, '2024-05-08 17:24:13', '2024-05-08 17:24:13'),
(2075, 75, 19, '2024-05-08 17:24:13', '2024-05-08 17:24:13'),
(2076, 75, 22, '2024-05-08 17:24:13', '2024-05-08 17:24:13'),
(2077, 75, 25, '2024-05-08 17:24:13', '2024-05-08 17:24:13'),
(2078, 75, 29, '2024-05-08 17:24:13', '2024-05-08 17:24:13'),
(2079, 75, 35, '2024-05-08 17:24:13', '2024-05-08 17:24:13'),
(2080, 75, 39, '2024-05-08 17:24:13', '2024-05-08 17:24:13'),
(2081, 75, 43, '2024-05-08 17:24:13', '2024-05-08 17:24:13'),
(2082, 75, 45, '2024-05-08 17:24:13', '2024-05-08 17:24:13'),
(2083, 75, 49, '2024-05-08 17:24:13', '2024-05-08 17:24:13'),
(2084, 75, 54, '2024-05-08 17:24:13', '2024-05-08 17:24:13'),
(2085, 75, 57, '2024-05-08 17:24:13', '2024-05-08 17:24:13'),
(2086, 75, 63, '2024-05-08 17:24:13', '2024-05-08 17:24:13'),
(2087, 75, 68, '2024-05-08 17:24:13', '2024-05-08 17:24:13'),
(2088, 75, 72, '2024-05-08 17:24:13', '2024-05-08 17:24:13'),
(2089, 75, 73, '2024-05-08 17:24:13', '2024-05-08 17:24:13'),
(2090, 75, 80, '2024-05-08 17:24:13', '2024-05-08 17:24:13'),
(2091, 75, 81, '2024-05-08 17:24:13', '2024-05-08 17:24:13'),
(2092, 75, 85, '2024-05-08 17:24:13', '2024-05-08 17:24:13'),
(2093, 75, 89, '2024-05-08 17:24:13', '2024-05-08 17:24:13'),
(2094, 75, 93, '2024-05-08 17:24:13', '2024-05-08 17:24:13'),
(2095, 75, 99, '2024-05-08 17:24:13', '2024-05-08 17:24:13'),
(2096, 75, 101, '2024-05-08 17:24:13', '2024-05-08 17:24:13'),
(2097, 75, 108, '2024-05-08 17:24:13', '2024-05-08 17:24:13'),
(2098, 75, 109, '2024-05-08 17:24:13', '2024-05-08 17:24:13'),
(2099, 75, 113, '2024-05-08 17:24:13', '2024-05-08 17:24:13'),
(2100, 75, 117, '2024-05-08 17:24:13', '2024-05-08 17:24:13'),
(2101, 76, 1, '2024-05-08 17:25:11', '2024-05-08 17:25:11'),
(2102, 76, 8, '2024-05-08 17:25:11', '2024-05-08 17:25:11'),
(2103, 76, 9, '2024-05-08 17:25:11', '2024-05-08 17:25:11'),
(2104, 76, 14, '2024-05-08 17:25:11', '2024-05-08 17:25:11'),
(2105, 76, 20, '2024-05-08 17:25:11', '2024-05-08 17:25:11'),
(2106, 76, 22, '2024-05-08 17:25:11', '2024-05-08 17:25:11'),
(2107, 76, 25, '2024-05-08 17:25:11', '2024-05-08 17:25:11'),
(2108, 76, 31, '2024-05-08 17:25:11', '2024-05-08 17:25:11'),
(2109, 76, 36, '2024-05-08 17:25:11', '2024-05-08 17:25:11'),
(2110, 76, 37, '2024-05-08 17:25:11', '2024-05-08 17:25:11'),
(2111, 76, 44, '2024-05-08 17:25:11', '2024-05-08 17:25:11'),
(2112, 76, 47, '2024-05-08 17:25:11', '2024-05-08 17:25:11'),
(2113, 76, 50, '2024-05-08 17:25:11', '2024-05-08 17:25:11'),
(2114, 76, 56, '2024-05-08 17:25:11', '2024-05-08 17:25:11'),
(2115, 76, 58, '2024-05-08 17:25:11', '2024-05-08 17:25:11'),
(2116, 76, 64, '2024-05-08 17:25:11', '2024-05-08 17:25:11'),
(2117, 76, 65, '2024-05-08 17:25:11', '2024-05-08 17:25:11'),
(2118, 76, 70, '2024-05-08 17:25:11', '2024-05-08 17:25:11'),
(2119, 76, 75, '2024-05-08 17:25:11', '2024-05-08 17:25:11'),
(2120, 76, 78, '2024-05-08 17:25:11', '2024-05-08 17:25:11'),
(2121, 76, 81, '2024-05-08 17:25:11', '2024-05-08 17:25:11'),
(2122, 76, 88, '2024-05-08 17:25:11', '2024-05-08 17:25:11'),
(2123, 76, 90, '2024-05-08 17:25:11', '2024-05-08 17:25:11'),
(2124, 76, 94, '2024-05-08 17:25:11', '2024-05-08 17:25:11'),
(2125, 76, 100, '2024-05-08 17:25:11', '2024-05-08 17:25:11'),
(2126, 76, 102, '2024-05-08 17:25:11', '2024-05-08 17:25:11'),
(2127, 76, 105, '2024-05-08 17:25:11', '2024-05-08 17:25:11'),
(2128, 76, 110, '2024-05-08 17:25:11', '2024-05-08 17:25:11'),
(2129, 76, 115, '2024-05-08 17:25:11', '2024-05-08 17:25:11'),
(2130, 76, 118, '2024-05-08 17:25:11', '2024-05-08 17:25:11'),
(2131, 77, 2, '2024-05-08 17:25:11', '2024-05-08 17:25:11'),
(2132, 77, 6, '2024-05-08 17:25:11', '2024-05-08 17:25:11'),
(2133, 77, 10, '2024-05-08 17:25:11', '2024-05-08 17:25:11'),
(2134, 77, 13, '2024-05-08 17:25:11', '2024-05-08 17:25:11'),
(2135, 77, 17, '2024-05-08 17:25:11', '2024-05-08 17:25:11'),
(2136, 77, 24, '2024-05-08 17:25:11', '2024-05-08 17:25:11'),
(2137, 77, 28, '2024-05-08 17:25:11', '2024-05-08 17:25:11'),
(2138, 77, 30, '2024-05-08 17:25:11', '2024-05-08 17:25:11'),
(2139, 77, 36, '2024-05-08 17:25:11', '2024-05-08 17:25:11'),
(2140, 77, 38, '2024-05-08 17:25:11', '2024-05-08 17:25:11'),
(2141, 77, 42, '2024-05-08 17:25:11', '2024-05-08 17:25:11'),
(2142, 77, 46, '2024-05-08 17:25:11', '2024-05-08 17:25:11'),
(2143, 77, 50, '2024-05-08 17:25:11', '2024-05-08 17:25:11'),
(2144, 77, 54, '2024-05-08 17:25:11', '2024-05-08 17:25:11'),
(2145, 77, 59, '2024-05-08 17:25:11', '2024-05-08 17:25:11'),
(2146, 77, 61, '2024-05-08 17:25:11', '2024-05-08 17:25:11'),
(2147, 77, 65, '2024-05-08 17:25:11', '2024-05-08 17:25:11'),
(2148, 77, 72, '2024-05-08 17:25:11', '2024-05-08 17:25:11'),
(2149, 77, 75, '2024-05-08 17:25:11', '2024-05-08 17:25:11'),
(2150, 77, 78, '2024-05-08 17:25:11', '2024-05-08 17:25:11'),
(2151, 77, 81, '2024-05-08 17:25:11', '2024-05-08 17:25:11'),
(2152, 77, 88, '2024-05-08 17:25:11', '2024-05-08 17:25:11'),
(2153, 77, 91, '2024-05-08 17:25:11', '2024-05-08 17:25:11'),
(2154, 77, 95, '2024-05-08 17:25:11', '2024-05-08 17:25:11'),
(2155, 77, 97, '2024-05-08 17:25:11', '2024-05-08 17:25:11'),
(2156, 77, 104, '2024-05-08 17:25:11', '2024-05-08 17:25:11'),
(2157, 77, 106, '2024-05-08 17:25:11', '2024-05-08 17:25:11'),
(2158, 77, 110, '2024-05-08 17:25:11', '2024-05-08 17:25:11'),
(2159, 77, 114, '2024-05-08 17:25:11', '2024-05-08 17:25:11'),
(2160, 77, 120, '2024-05-08 17:25:11', '2024-05-08 17:25:11'),
(2161, 78, 2, '2024-05-08 17:25:11', '2024-05-08 17:25:11'),
(2162, 78, 8, '2024-05-08 17:25:11', '2024-05-08 17:25:11'),
(2163, 78, 9, '2024-05-08 17:25:11', '2024-05-08 17:25:11'),
(2164, 78, 16, '2024-05-08 17:25:11', '2024-05-08 17:25:11'),
(2165, 78, 19, '2024-05-08 17:25:11', '2024-05-08 17:25:11'),
(2166, 78, 23, '2024-05-08 17:25:11', '2024-05-08 17:25:11'),
(2167, 78, 28, '2024-05-08 17:25:11', '2024-05-08 17:25:11'),
(2168, 78, 32, '2024-05-08 17:25:11', '2024-05-08 17:25:11'),
(2169, 78, 36, '2024-05-08 17:25:11', '2024-05-08 17:25:11'),
(2170, 78, 40, '2024-05-08 17:25:11', '2024-05-08 17:25:11'),
(2171, 78, 42, '2024-05-08 17:25:11', '2024-05-08 17:25:11'),
(2172, 78, 48, '2024-05-08 17:25:11', '2024-05-08 17:25:11'),
(2173, 78, 51, '2024-05-08 17:25:11', '2024-05-08 17:25:11'),
(2174, 78, 53, '2024-05-08 17:25:11', '2024-05-08 17:25:11'),
(2175, 78, 57, '2024-05-08 17:25:11', '2024-05-08 17:25:11'),
(2176, 78, 63, '2024-05-08 17:25:11', '2024-05-08 17:25:11'),
(2177, 78, 65, '2024-05-08 17:25:11', '2024-05-08 17:25:11'),
(2178, 78, 72, '2024-05-08 17:25:11', '2024-05-08 17:25:11'),
(2179, 78, 74, '2024-05-08 17:25:11', '2024-05-08 17:25:11'),
(2180, 78, 79, '2024-05-08 17:25:11', '2024-05-08 17:25:11'),
(2181, 78, 82, '2024-05-08 17:25:11', '2024-05-08 17:25:11'),
(2182, 78, 88, '2024-05-08 17:25:11', '2024-05-08 17:25:11'),
(2183, 78, 90, '2024-05-08 17:25:11', '2024-05-08 17:25:11'),
(2184, 78, 96, '2024-05-08 17:25:11', '2024-05-08 17:25:11'),
(2185, 78, 97, '2024-05-08 17:25:11', '2024-05-08 17:25:11'),
(2186, 78, 104, '2024-05-08 17:25:11', '2024-05-08 17:25:11'),
(2187, 78, 107, '2024-05-08 17:25:11', '2024-05-08 17:25:11'),
(2188, 78, 112, '2024-05-08 17:25:11', '2024-05-08 17:25:11'),
(2189, 78, 113, '2024-05-08 17:25:11', '2024-05-08 17:25:11'),
(2190, 78, 118, '2024-05-08 17:25:11', '2024-05-08 17:25:11'),
(2191, 79, 3, '2024-05-08 17:25:11', '2024-05-08 17:25:11'),
(2192, 79, 6, '2024-05-08 17:25:11', '2024-05-08 17:25:11'),
(2193, 79, 9, '2024-05-08 17:25:11', '2024-05-08 17:25:11'),
(2194, 79, 14, '2024-05-08 17:25:11', '2024-05-08 17:25:11'),
(2195, 79, 18, '2024-05-08 17:25:11', '2024-05-08 17:25:11'),
(2196, 79, 21, '2024-05-08 17:25:11', '2024-05-08 17:25:11'),
(2197, 79, 26, '2024-05-08 17:25:11', '2024-05-08 17:25:11'),
(2198, 79, 30, '2024-05-08 17:25:11', '2024-05-08 17:25:11'),
(2199, 79, 34, '2024-05-08 17:25:11', '2024-05-08 17:25:11'),
(2200, 79, 40, '2024-05-08 17:25:11', '2024-05-08 17:25:11'),
(2201, 79, 44, '2024-05-08 17:25:11', '2024-05-08 17:25:11'),
(2202, 79, 45, '2024-05-08 17:25:11', '2024-05-08 17:25:11'),
(2203, 79, 52, '2024-05-08 17:25:11', '2024-05-08 17:25:11'),
(2204, 79, 56, '2024-05-08 17:25:11', '2024-05-08 17:25:11'),
(2205, 79, 57, '2024-05-08 17:25:11', '2024-05-08 17:25:11'),
(2206, 79, 61, '2024-05-08 17:25:11', '2024-05-08 17:25:11'),
(2207, 79, 66, '2024-05-08 17:25:11', '2024-05-08 17:25:11'),
(2208, 79, 72, '2024-05-08 17:25:11', '2024-05-08 17:25:11'),
(2209, 79, 73, '2024-05-08 17:25:11', '2024-05-08 17:25:11'),
(2210, 79, 77, '2024-05-08 17:25:11', '2024-05-08 17:25:11'),
(2211, 79, 83, '2024-05-08 17:25:11', '2024-05-08 17:25:11'),
(2212, 79, 85, '2024-05-08 17:25:11', '2024-05-08 17:25:11'),
(2213, 79, 89, '2024-05-08 17:25:11', '2024-05-08 17:25:11'),
(2214, 79, 96, '2024-05-08 17:25:11', '2024-05-08 17:25:11'),
(2215, 79, 97, '2024-05-08 17:25:11', '2024-05-08 17:25:11'),
(2216, 79, 103, '2024-05-08 17:25:11', '2024-05-08 17:25:11'),
(2217, 79, 108, '2024-05-08 17:25:11', '2024-05-08 17:25:11'),
(2218, 79, 109, '2024-05-08 17:25:11', '2024-05-08 17:25:11'),
(2219, 79, 113, '2024-05-08 17:25:11', '2024-05-08 17:25:11'),
(2220, 79, 120, '2024-05-08 17:25:11', '2024-05-08 17:25:11'),
(2221, 80, 1, '2024-05-08 17:25:11', '2024-05-08 17:25:11'),
(2222, 80, 8, '2024-05-08 17:25:11', '2024-05-08 17:25:11'),
(2223, 80, 9, '2024-05-08 17:25:11', '2024-05-08 17:25:11'),
(2224, 80, 16, '2024-05-08 17:25:11', '2024-05-08 17:25:11'),
(2225, 80, 17, '2024-05-08 17:25:11', '2024-05-08 17:25:11'),
(2226, 80, 23, '2024-05-08 17:25:11', '2024-05-08 17:25:11'),
(2227, 80, 25, '2024-05-08 17:25:11', '2024-05-08 17:25:11'),
(2228, 80, 30, '2024-05-08 17:25:11', '2024-05-08 17:25:11'),
(2229, 80, 34, '2024-05-08 17:25:11', '2024-05-08 17:25:11'),
(2230, 80, 37, '2024-05-08 17:25:11', '2024-05-08 17:25:11'),
(2231, 80, 41, '2024-05-08 17:25:11', '2024-05-08 17:25:11'),
(2232, 80, 47, '2024-05-08 17:25:11', '2024-05-08 17:25:11'),
(2233, 80, 52, '2024-05-08 17:25:11', '2024-05-08 17:25:11'),
(2234, 80, 56, '2024-05-08 17:25:11', '2024-05-08 17:25:11'),
(2235, 80, 59, '2024-05-08 17:25:11', '2024-05-08 17:25:11'),
(2236, 80, 62, '2024-05-08 17:25:11', '2024-05-08 17:25:11'),
(2237, 80, 67, '2024-05-08 17:25:11', '2024-05-08 17:25:11'),
(2238, 80, 71, '2024-05-08 17:25:11', '2024-05-08 17:25:11'),
(2239, 80, 76, '2024-05-08 17:25:11', '2024-05-08 17:25:11'),
(2240, 80, 80, '2024-05-08 17:25:11', '2024-05-08 17:25:11'),
(2241, 80, 84, '2024-05-08 17:25:11', '2024-05-08 17:25:11'),
(2242, 80, 87, '2024-05-08 17:25:11', '2024-05-08 17:25:11'),
(2243, 80, 91, '2024-05-08 17:25:11', '2024-05-08 17:25:11'),
(2244, 80, 95, '2024-05-08 17:25:11', '2024-05-08 17:25:11'),
(2245, 80, 100, '2024-05-08 17:25:11', '2024-05-08 17:25:11'),
(2246, 80, 103, '2024-05-08 17:25:11', '2024-05-08 17:25:11'),
(2247, 80, 107, '2024-05-08 17:25:11', '2024-05-08 17:25:11'),
(2248, 80, 110, '2024-05-08 17:25:11', '2024-05-08 17:25:11'),
(2249, 80, 116, '2024-05-08 17:25:11', '2024-05-08 17:25:11'),
(2250, 80, 119, '2024-05-08 17:25:11', '2024-05-08 17:25:11'),
(2251, 81, 3, '2024-05-08 17:26:06', '2024-05-08 17:26:06'),
(2252, 81, 6, '2024-05-08 17:26:06', '2024-05-08 17:26:06'),
(2253, 81, 9, '2024-05-08 17:26:06', '2024-05-08 17:26:06'),
(2254, 81, 16, '2024-05-08 17:26:06', '2024-05-08 17:26:06'),
(2255, 81, 20, '2024-05-08 17:26:06', '2024-05-08 17:26:06'),
(2256, 81, 23, '2024-05-08 17:26:06', '2024-05-08 17:26:06'),
(2257, 81, 26, '2024-05-08 17:26:06', '2024-05-08 17:26:06'),
(2258, 81, 29, '2024-05-08 17:26:06', '2024-05-08 17:26:06'),
(2259, 81, 33, '2024-05-08 17:26:06', '2024-05-08 17:26:06'),
(2260, 81, 37, '2024-05-08 17:26:06', '2024-05-08 17:26:06'),
(2261, 81, 44, '2024-05-08 17:26:06', '2024-05-08 17:26:06'),
(2262, 81, 47, '2024-05-08 17:26:06', '2024-05-08 17:26:06'),
(2263, 81, 49, '2024-05-08 17:26:06', '2024-05-08 17:26:06'),
(2264, 81, 56, '2024-05-08 17:26:06', '2024-05-08 17:26:06'),
(2265, 81, 58, '2024-05-08 17:26:06', '2024-05-08 17:26:06'),
(2266, 81, 63, '2024-05-08 17:26:06', '2024-05-08 17:26:06'),
(2267, 81, 67, '2024-05-08 17:26:06', '2024-05-08 17:26:06'),
(2268, 81, 71, '2024-05-08 17:26:06', '2024-05-08 17:26:06'),
(2269, 81, 75, '2024-05-08 17:26:06', '2024-05-08 17:26:06'),
(2270, 81, 80, '2024-05-08 17:26:06', '2024-05-08 17:26:06'),
(2271, 81, 81, '2024-05-08 17:26:06', '2024-05-08 17:26:06'),
(2272, 81, 87, '2024-05-08 17:26:06', '2024-05-08 17:26:06'),
(2273, 81, 90, '2024-05-08 17:26:06', '2024-05-08 17:26:06'),
(2274, 81, 95, '2024-05-08 17:26:06', '2024-05-08 17:26:06'),
(2275, 81, 97, '2024-05-08 17:26:06', '2024-05-08 17:26:06'),
(2276, 81, 102, '2024-05-08 17:26:06', '2024-05-08 17:26:06'),
(2277, 81, 108, '2024-05-08 17:26:06', '2024-05-08 17:26:06'),
(2278, 81, 112, '2024-05-08 17:26:06', '2024-05-08 17:26:06'),
(2279, 81, 114, '2024-05-08 17:26:06', '2024-05-08 17:26:06'),
(2280, 81, 120, '2024-05-08 17:26:06', '2024-05-08 17:26:06'),
(2281, 82, 2, '2024-05-08 17:26:06', '2024-05-08 17:26:06'),
(2282, 82, 6, '2024-05-08 17:26:06', '2024-05-08 17:26:06'),
(2283, 82, 9, '2024-05-08 17:26:06', '2024-05-08 17:26:06'),
(2284, 82, 16, '2024-05-08 17:26:06', '2024-05-08 17:26:06'),
(2285, 82, 18, '2024-05-08 17:26:06', '2024-05-08 17:26:06'),
(2286, 82, 24, '2024-05-08 17:26:06', '2024-05-08 17:26:06'),
(2287, 82, 26, '2024-05-08 17:26:06', '2024-05-08 17:26:06'),
(2288, 82, 30, '2024-05-08 17:26:06', '2024-05-08 17:26:06'),
(2289, 82, 36, '2024-05-08 17:26:06', '2024-05-08 17:26:06'),
(2290, 82, 38, '2024-05-08 17:26:06', '2024-05-08 17:26:06'),
(2291, 82, 42, '2024-05-08 17:26:06', '2024-05-08 17:26:06'),
(2292, 82, 45, '2024-05-08 17:26:06', '2024-05-08 17:26:06'),
(2293, 82, 49, '2024-05-08 17:26:06', '2024-05-08 17:26:06'),
(2294, 82, 56, '2024-05-08 17:26:06', '2024-05-08 17:26:06'),
(2295, 82, 57, '2024-05-08 17:26:06', '2024-05-08 17:26:06'),
(2296, 82, 62, '2024-05-08 17:26:06', '2024-05-08 17:26:06'),
(2297, 82, 68, '2024-05-08 17:26:06', '2024-05-08 17:26:06'),
(2298, 82, 69, '2024-05-08 17:26:06', '2024-05-08 17:26:06'),
(2299, 82, 76, '2024-05-08 17:26:06', '2024-05-08 17:26:06'),
(2300, 82, 80, '2024-05-08 17:26:06', '2024-05-08 17:26:06'),
(2301, 82, 83, '2024-05-08 17:26:06', '2024-05-08 17:26:06'),
(2302, 82, 85, '2024-05-08 17:26:06', '2024-05-08 17:26:06'),
(2303, 82, 92, '2024-05-08 17:26:06', '2024-05-08 17:26:06'),
(2304, 82, 93, '2024-05-08 17:26:06', '2024-05-08 17:26:06'),
(2305, 82, 98, '2024-05-08 17:26:06', '2024-05-08 17:26:06'),
(2306, 82, 101, '2024-05-08 17:26:06', '2024-05-08 17:26:06'),
(2307, 82, 106, '2024-05-08 17:26:06', '2024-05-08 17:26:06'),
(2308, 82, 112, '2024-05-08 17:26:06', '2024-05-08 17:26:06'),
(2309, 82, 116, '2024-05-08 17:26:06', '2024-05-08 17:26:06'),
(2310, 82, 119, '2024-05-08 17:26:06', '2024-05-08 17:26:06'),
(2311, 83, 1, '2024-05-08 17:26:06', '2024-05-08 17:26:06'),
(2312, 83, 5, '2024-05-08 17:26:06', '2024-05-08 17:26:06'),
(2313, 83, 10, '2024-05-08 17:26:06', '2024-05-08 17:26:06'),
(2314, 83, 14, '2024-05-08 17:26:06', '2024-05-08 17:26:06'),
(2315, 83, 19, '2024-05-08 17:26:06', '2024-05-08 17:26:06'),
(2316, 83, 24, '2024-05-08 17:26:06', '2024-05-08 17:26:06'),
(2317, 83, 27, '2024-05-08 17:26:06', '2024-05-08 17:26:06'),
(2318, 83, 31, '2024-05-08 17:26:06', '2024-05-08 17:26:06'),
(2319, 83, 33, '2024-05-08 17:26:06', '2024-05-08 17:26:06'),
(2320, 83, 37, '2024-05-08 17:26:06', '2024-05-08 17:26:06'),
(2321, 83, 42, '2024-05-08 17:26:06', '2024-05-08 17:26:06'),
(2322, 83, 48, '2024-05-08 17:26:06', '2024-05-08 17:26:06'),
(2323, 83, 49, '2024-05-08 17:26:06', '2024-05-08 17:26:06'),
(2324, 83, 54, '2024-05-08 17:26:06', '2024-05-08 17:26:06'),
(2325, 83, 58, '2024-05-08 17:26:06', '2024-05-08 17:26:06'),
(2326, 83, 62, '2024-05-08 17:26:06', '2024-05-08 17:26:06'),
(2327, 83, 66, '2024-05-08 17:26:06', '2024-05-08 17:26:06'),
(2328, 83, 70, '2024-05-08 17:26:06', '2024-05-08 17:26:06'),
(2329, 83, 73, '2024-05-08 17:26:06', '2024-05-08 17:26:06'),
(2330, 83, 80, '2024-05-08 17:26:06', '2024-05-08 17:26:06'),
(2331, 83, 83, '2024-05-08 17:26:06', '2024-05-08 17:26:06'),
(2332, 83, 88, '2024-05-08 17:26:06', '2024-05-08 17:26:06'),
(2333, 83, 91, '2024-05-08 17:26:06', '2024-05-08 17:26:06'),
(2334, 83, 93, '2024-05-08 17:26:06', '2024-05-08 17:26:06'),
(2335, 83, 100, '2024-05-08 17:26:06', '2024-05-08 17:26:06'),
(2336, 83, 103, '2024-05-08 17:26:06', '2024-05-08 17:26:06'),
(2337, 83, 108, '2024-05-08 17:26:06', '2024-05-08 17:26:06'),
(2338, 83, 110, '2024-05-08 17:26:06', '2024-05-08 17:26:06'),
(2339, 83, 113, '2024-05-08 17:26:06', '2024-05-08 17:26:06'),
(2340, 83, 118, '2024-05-08 17:26:06', '2024-05-08 17:26:06'),
(2341, 84, 1, '2024-05-08 17:26:40', '2024-05-08 17:26:40'),
(2342, 84, 7, '2024-05-08 17:26:40', '2024-05-08 17:26:40'),
(2343, 84, 9, '2024-05-08 17:26:40', '2024-05-08 17:26:40'),
(2344, 84, 16, '2024-05-08 17:26:40', '2024-05-08 17:26:40'),
(2345, 84, 17, '2024-05-08 17:26:40', '2024-05-08 17:26:40'),
(2346, 84, 22, '2024-05-08 17:26:40', '2024-05-08 17:26:40'),
(2347, 84, 25, '2024-05-08 17:26:40', '2024-05-08 17:26:40'),
(2348, 84, 32, '2024-05-08 17:26:40', '2024-05-08 17:26:40'),
(2349, 84, 33, '2024-05-08 17:26:40', '2024-05-08 17:26:40'),
(2350, 84, 40, '2024-05-08 17:26:40', '2024-05-08 17:26:40'),
(2351, 84, 42, '2024-05-08 17:26:40', '2024-05-08 17:26:40'),
(2352, 84, 45, '2024-05-08 17:26:40', '2024-05-08 17:26:40'),
(2353, 84, 51, '2024-05-08 17:26:40', '2024-05-08 17:26:40'),
(2354, 84, 56, '2024-05-08 17:26:40', '2024-05-08 17:26:40'),
(2355, 84, 60, '2024-05-08 17:26:40', '2024-05-08 17:26:40'),
(2356, 84, 62, '2024-05-08 17:26:40', '2024-05-08 17:26:40'),
(2357, 84, 65, '2024-05-08 17:26:40', '2024-05-08 17:26:40'),
(2358, 84, 69, '2024-05-08 17:26:40', '2024-05-08 17:26:40'),
(2359, 84, 76, '2024-05-08 17:26:40', '2024-05-08 17:26:40'),
(2360, 84, 78, '2024-05-08 17:26:40', '2024-05-08 17:26:40'),
(2361, 84, 84, '2024-05-08 17:26:40', '2024-05-08 17:26:40'),
(2362, 84, 86, '2024-05-08 17:26:40', '2024-05-08 17:26:40'),
(2363, 84, 92, '2024-05-08 17:26:40', '2024-05-08 17:26:40'),
(2364, 84, 96, '2024-05-08 17:26:40', '2024-05-08 17:26:40'),
(2365, 84, 97, '2024-05-08 17:26:40', '2024-05-08 17:26:40'),
(2366, 84, 103, '2024-05-08 17:26:40', '2024-05-08 17:26:40'),
(2367, 84, 107, '2024-05-08 17:26:40', '2024-05-08 17:26:40'),
(2368, 84, 112, '2024-05-08 17:26:40', '2024-05-08 17:26:40'),
(2369, 84, 114, '2024-05-08 17:26:40', '2024-05-08 17:26:40'),
(2370, 84, 118, '2024-05-08 17:26:40', '2024-05-08 17:26:40'),
(2371, 85, 4, '2024-05-08 17:26:40', '2024-05-08 17:26:40'),
(2372, 85, 5, '2024-05-08 17:26:40', '2024-05-08 17:26:40'),
(2373, 85, 9, '2024-05-08 17:26:40', '2024-05-08 17:26:40'),
(2374, 85, 16, '2024-05-08 17:26:40', '2024-05-08 17:26:40'),
(2375, 85, 18, '2024-05-08 17:26:40', '2024-05-08 17:26:40'),
(2376, 85, 23, '2024-05-08 17:26:40', '2024-05-08 17:26:40'),
(2377, 85, 28, '2024-05-08 17:26:40', '2024-05-08 17:26:40'),
(2378, 85, 30, '2024-05-08 17:26:40', '2024-05-08 17:26:40'),
(2379, 85, 34, '2024-05-08 17:26:40', '2024-05-08 17:26:40'),
(2380, 85, 40, '2024-05-08 17:26:40', '2024-05-08 17:26:40'),
(2381, 85, 43, '2024-05-08 17:26:40', '2024-05-08 17:26:40'),
(2382, 85, 45, '2024-05-08 17:26:40', '2024-05-08 17:26:40'),
(2383, 85, 49, '2024-05-08 17:26:40', '2024-05-08 17:26:40'),
(2384, 85, 55, '2024-05-08 17:26:40', '2024-05-08 17:26:40'),
(2385, 85, 59, '2024-05-08 17:26:40', '2024-05-08 17:26:40'),
(2386, 85, 62, '2024-05-08 17:26:40', '2024-05-08 17:26:40'),
(2387, 85, 66, '2024-05-08 17:26:40', '2024-05-08 17:26:40'),
(2388, 85, 71, '2024-05-08 17:26:40', '2024-05-08 17:26:40'),
(2389, 85, 75, '2024-05-08 17:26:40', '2024-05-08 17:26:40'),
(2390, 85, 77, '2024-05-08 17:26:40', '2024-05-08 17:26:40'),
(2391, 85, 83, '2024-05-08 17:26:40', '2024-05-08 17:26:40'),
(2392, 85, 88, '2024-05-08 17:26:40', '2024-05-08 17:26:40'),
(2393, 85, 91, '2024-05-08 17:26:40', '2024-05-08 17:26:40'),
(2394, 85, 95, '2024-05-08 17:26:40', '2024-05-08 17:26:40'),
(2395, 85, 98, '2024-05-08 17:26:40', '2024-05-08 17:26:40'),
(2396, 85, 104, '2024-05-08 17:26:40', '2024-05-08 17:26:40'),
(2397, 85, 106, '2024-05-08 17:26:40', '2024-05-08 17:26:40'),
(2398, 85, 111, '2024-05-08 17:26:40', '2024-05-08 17:26:40'),
(2399, 85, 115, '2024-05-08 17:26:40', '2024-05-08 17:26:40'),
(2400, 85, 118, '2024-05-08 17:26:40', '2024-05-08 17:26:40'),
(2401, 86, 4, '2024-05-08 17:26:40', '2024-05-08 17:26:40'),
(2402, 86, 6, '2024-05-08 17:26:40', '2024-05-08 17:26:40'),
(2403, 86, 11, '2024-05-08 17:26:40', '2024-05-08 17:26:40'),
(2404, 86, 16, '2024-05-08 17:26:40', '2024-05-08 17:26:40'),
(2405, 86, 18, '2024-05-08 17:26:40', '2024-05-08 17:26:40'),
(2406, 86, 24, '2024-05-08 17:26:40', '2024-05-08 17:26:40'),
(2407, 86, 28, '2024-05-08 17:26:40', '2024-05-08 17:26:40'),
(2408, 86, 32, '2024-05-08 17:26:40', '2024-05-08 17:26:40'),
(2409, 86, 33, '2024-05-08 17:26:40', '2024-05-08 17:26:40'),
(2410, 86, 39, '2024-05-08 17:26:40', '2024-05-08 17:26:40'),
(2411, 86, 41, '2024-05-08 17:26:40', '2024-05-08 17:26:40'),
(2412, 86, 45, '2024-05-08 17:26:40', '2024-05-08 17:26:40'),
(2413, 86, 52, '2024-05-08 17:26:40', '2024-05-08 17:26:40'),
(2414, 86, 55, '2024-05-08 17:26:40', '2024-05-08 17:26:40'),
(2415, 86, 57, '2024-05-08 17:26:40', '2024-05-08 17:26:40'),
(2416, 86, 63, '2024-05-08 17:26:40', '2024-05-08 17:26:40'),
(2417, 86, 66, '2024-05-08 17:26:40', '2024-05-08 17:26:40'),
(2418, 86, 69, '2024-05-08 17:26:40', '2024-05-08 17:26:40'),
(2419, 86, 73, '2024-05-08 17:26:40', '2024-05-08 17:26:40'),
(2420, 86, 77, '2024-05-08 17:26:40', '2024-05-08 17:26:40'),
(2421, 86, 82, '2024-05-08 17:26:40', '2024-05-08 17:26:40'),
(2422, 86, 85, '2024-05-08 17:26:40', '2024-05-08 17:26:40'),
(2423, 86, 89, '2024-05-08 17:26:40', '2024-05-08 17:26:40'),
(2424, 86, 96, '2024-05-08 17:26:40', '2024-05-08 17:26:40'),
(2425, 86, 100, '2024-05-08 17:26:40', '2024-05-08 17:26:40'),
(2426, 86, 102, '2024-05-08 17:26:40', '2024-05-08 17:26:40'),
(2427, 86, 105, '2024-05-08 17:26:40', '2024-05-08 17:26:40'),
(2428, 86, 110, '2024-05-08 17:26:40', '2024-05-08 17:26:40'),
(2429, 86, 114, '2024-05-08 17:26:40', '2024-05-08 17:26:40'),
(2430, 86, 120, '2024-05-08 17:26:40', '2024-05-08 17:26:40'),
(2431, 87, 2, '2024-05-08 21:53:17', '2024-05-08 21:53:17'),
(2432, 87, 8, '2024-05-08 21:53:17', '2024-05-08 21:53:17'),
(2433, 87, 11, '2024-05-08 21:53:17', '2024-05-08 21:53:17'),
(2434, 87, 14, '2024-05-08 21:53:17', '2024-05-08 21:53:17'),
(2435, 87, 20, '2024-05-08 21:53:17', '2024-05-08 21:53:17'),
(2436, 87, 23, '2024-05-08 21:53:17', '2024-05-08 21:53:17'),
(2437, 87, 26, '2024-05-08 21:53:17', '2024-05-08 21:53:17'),
(2438, 87, 31, '2024-05-08 21:53:17', '2024-05-08 21:53:17'),
(2439, 87, 36, '2024-05-08 21:53:17', '2024-05-08 21:53:17'),
(2440, 87, 38, '2024-05-08 21:53:17', '2024-05-08 21:53:17'),
(2441, 87, 43, '2024-05-08 21:53:17', '2024-05-08 21:53:17'),
(2442, 87, 48, '2024-05-08 21:53:17', '2024-05-08 21:53:17'),
(2443, 87, 51, '2024-05-08 21:53:17', '2024-05-08 21:53:17'),
(2444, 87, 54, '2024-05-08 21:53:17', '2024-05-08 21:53:17'),
(2445, 87, 59, '2024-05-08 21:53:17', '2024-05-08 21:53:17'),
(2446, 87, 64, '2024-05-08 21:53:17', '2024-05-08 21:53:17'),
(2447, 87, 66, '2024-05-08 21:53:17', '2024-05-08 21:53:17'),
(2448, 87, 71, '2024-05-08 21:53:17', '2024-05-08 21:53:17'),
(2449, 87, 75, '2024-05-08 21:53:17', '2024-05-08 21:53:17'),
(2450, 87, 78, '2024-05-08 21:53:17', '2024-05-08 21:53:17'),
(2451, 87, 83, '2024-05-08 21:53:17', '2024-05-08 21:53:17'),
(2452, 87, 88, '2024-05-08 21:53:17', '2024-05-08 21:53:17'),
(2453, 87, 91, '2024-05-08 21:53:17', '2024-05-08 21:53:17'),
(2454, 87, 94, '2024-05-08 21:53:17', '2024-05-08 21:53:17'),
(2455, 87, 99, '2024-05-08 21:53:17', '2024-05-08 21:53:17'),
(2456, 87, 104, '2024-05-08 21:53:17', '2024-05-08 21:53:17'),
(2457, 87, 107, '2024-05-08 21:53:17', '2024-05-08 21:53:17'),
(2458, 87, 110, '2024-05-08 21:53:17', '2024-05-08 21:53:17'),
(2459, 87, 115, '2024-05-08 21:53:17', '2024-05-08 21:53:17'),
(2460, 87, 119, '2024-05-08 21:53:17', '2024-05-08 21:53:17'),
(2461, 88, 3, '2024-05-08 22:43:13', '2024-05-08 22:43:13'),
(2462, 88, 6, '2024-05-08 22:43:13', '2024-05-08 22:43:13'),
(2463, 88, 12, '2024-05-08 22:43:13', '2024-05-08 22:43:13'),
(2464, 88, 14, '2024-05-08 22:43:13', '2024-05-08 22:43:13'),
(2465, 88, 19, '2024-05-08 22:43:13', '2024-05-08 22:43:13'),
(2466, 88, 22, '2024-05-08 22:43:13', '2024-05-08 22:43:13'),
(2467, 88, 26, '2024-05-08 22:43:13', '2024-05-08 22:43:13'),
(2468, 88, 31, '2024-05-08 22:43:13', '2024-05-08 22:43:13'),
(2469, 88, 36, '2024-05-08 22:43:13', '2024-05-08 22:43:13'),
(2470, 88, 39, '2024-05-08 22:43:13', '2024-05-08 22:43:13'),
(2471, 88, 42, '2024-05-08 22:43:13', '2024-05-08 22:43:13'),
(2472, 88, 48, '2024-05-08 22:43:13', '2024-05-08 22:43:13'),
(2473, 88, 50, '2024-05-08 22:43:13', '2024-05-08 22:43:13'),
(2474, 88, 55, '2024-05-08 22:43:13', '2024-05-08 22:43:13'),
(2475, 88, 60, '2024-05-08 22:43:13', '2024-05-08 22:43:13'),
(2476, 88, 63, '2024-05-08 22:43:13', '2024-05-08 22:43:13'),
(2477, 88, 66, '2024-05-08 22:43:13', '2024-05-08 22:43:13'),
(2478, 88, 71, '2024-05-08 22:43:13', '2024-05-08 22:43:13'),
(2479, 88, 76, '2024-05-08 22:43:13', '2024-05-08 22:43:13'),
(2480, 88, 79, '2024-05-08 22:43:13', '2024-05-08 22:43:13'),
(2481, 88, 82, '2024-05-08 22:43:13', '2024-05-08 22:43:13'),
(2482, 88, 87, '2024-05-08 22:43:13', '2024-05-08 22:43:13'),
(2483, 88, 92, '2024-05-08 22:43:13', '2024-05-08 22:43:13'),
(2484, 88, 94, '2024-05-08 22:43:13', '2024-05-08 22:43:13'),
(2485, 88, 99, '2024-05-08 22:43:13', '2024-05-08 22:43:13'),
(2486, 88, 103, '2024-05-08 22:43:13', '2024-05-08 22:43:13'),
(2487, 88, 106, '2024-05-08 22:43:13', '2024-05-08 22:43:13'),
(2488, 88, 111, '2024-05-08 22:43:13', '2024-05-08 22:43:13'),
(2489, 88, 115, '2024-05-08 22:43:13', '2024-05-08 22:43:13'),
(2490, 88, 118, '2024-05-08 22:43:13', '2024-05-08 22:43:13'),
(2491, 89, 2, '2024-05-08 22:51:06', '2024-05-08 22:51:06'),
(2492, 89, 8, '2024-05-08 22:51:06', '2024-05-08 22:51:06'),
(2493, 89, 10, '2024-05-08 22:51:06', '2024-05-08 22:51:06'),
(2494, 89, 13, '2024-05-08 22:51:06', '2024-05-08 22:51:06'),
(2495, 89, 19, '2024-05-08 22:51:06', '2024-05-08 22:51:06'),
(2496, 89, 22, '2024-05-08 22:51:06', '2024-05-08 22:51:06'),
(2497, 89, 27, '2024-05-08 22:51:06', '2024-05-08 22:51:06'),
(2498, 89, 30, '2024-05-08 22:51:06', '2024-05-08 22:51:06'),
(2499, 89, 36, '2024-05-08 22:51:06', '2024-05-08 22:51:06'),
(2500, 89, 39, '2024-05-08 22:51:06', '2024-05-08 22:51:06'),
(2501, 89, 42, '2024-05-08 22:51:06', '2024-05-08 22:51:06'),
(2502, 89, 47, '2024-05-08 22:51:06', '2024-05-08 22:51:06'),
(2503, 89, 52, '2024-05-08 22:51:06', '2024-05-08 22:51:06'),
(2504, 89, 55, '2024-05-08 22:51:06', '2024-05-08 22:51:06'),
(2505, 89, 58, '2024-05-08 22:51:06', '2024-05-08 22:51:06'),
(2506, 89, 63, '2024-05-08 22:51:06', '2024-05-08 22:51:06'),
(2507, 89, 66, '2024-05-08 22:51:06', '2024-05-08 22:51:06'),
(2508, 89, 72, '2024-05-08 22:51:06', '2024-05-08 22:51:06'),
(2509, 89, 75, '2024-05-08 22:51:06', '2024-05-08 22:51:06'),
(2510, 89, 78, '2024-05-08 22:51:06', '2024-05-08 22:51:06'),
(2511, 89, 83, '2024-05-08 22:51:06', '2024-05-08 22:51:06');
INSERT INTO `penilaian_indikator` (`id_penilaian_indikator`, `id_penilaian`, `id_skala_indikator_detail`, `created_at`, `updated_at`) VALUES
(2512, 89, 86, '2024-05-08 22:51:06', '2024-05-08 22:51:06'),
(2513, 89, 91, '2024-05-08 22:51:06', '2024-05-08 22:51:06'),
(2514, 89, 96, '2024-05-08 22:51:06', '2024-05-08 22:51:06'),
(2515, 89, 99, '2024-05-08 22:51:06', '2024-05-08 22:51:06'),
(2516, 89, 102, '2024-05-08 22:51:06', '2024-05-08 22:51:06'),
(2517, 89, 107, '2024-05-08 22:51:06', '2024-05-08 22:51:06'),
(2518, 89, 111, '2024-05-08 22:51:06', '2024-05-08 22:51:06'),
(2519, 89, 114, '2024-05-08 22:51:06', '2024-05-08 22:51:06'),
(2520, 89, 120, '2024-05-08 22:51:06', '2024-05-08 22:51:06'),
(2521, 90, 2, '2024-05-08 22:52:39', '2024-05-08 22:52:39'),
(2522, 90, 7, '2024-05-08 22:52:39', '2024-05-08 22:52:39'),
(2523, 90, 12, '2024-05-08 22:52:39', '2024-05-08 22:52:39'),
(2524, 90, 14, '2024-05-08 22:52:39', '2024-05-08 22:52:39'),
(2525, 90, 18, '2024-05-08 22:52:39', '2024-05-08 22:52:39'),
(2526, 90, 23, '2024-05-08 22:52:39', '2024-05-08 22:52:39'),
(2527, 90, 28, '2024-05-08 22:52:39', '2024-05-08 22:52:39'),
(2528, 90, 31, '2024-05-08 22:52:39', '2024-05-08 22:52:39'),
(2529, 90, 34, '2024-05-08 22:52:39', '2024-05-08 22:52:39'),
(2530, 90, 39, '2024-05-08 22:52:39', '2024-05-08 22:52:39'),
(2531, 90, 43, '2024-05-08 22:52:39', '2024-05-08 22:52:39'),
(2532, 90, 46, '2024-05-08 22:52:39', '2024-05-08 22:52:39'),
(2533, 90, 51, '2024-05-08 22:52:39', '2024-05-08 22:52:39'),
(2534, 90, 56, '2024-05-08 22:52:39', '2024-05-08 22:52:39'),
(2535, 90, 58, '2024-05-08 22:52:39', '2024-05-08 22:52:39'),
(2536, 90, 63, '2024-05-08 22:52:39', '2024-05-08 22:52:39'),
(2537, 90, 68, '2024-05-08 22:52:39', '2024-05-08 22:52:39'),
(2538, 90, 71, '2024-05-08 22:52:39', '2024-05-08 22:52:39'),
(2539, 90, 74, '2024-05-08 22:52:39', '2024-05-08 22:52:39'),
(2540, 90, 79, '2024-05-08 22:52:39', '2024-05-08 22:52:39'),
(2541, 90, 84, '2024-05-08 22:52:39', '2024-05-08 22:52:39'),
(2542, 90, 87, '2024-05-08 22:52:39', '2024-05-08 22:52:39'),
(2543, 90, 91, '2024-05-08 22:52:39', '2024-05-08 22:52:39'),
(2544, 90, 96, '2024-05-08 22:52:39', '2024-05-08 22:52:39'),
(2545, 90, 99, '2024-05-08 22:52:39', '2024-05-08 22:52:39'),
(2546, 90, 103, '2024-05-08 22:52:39', '2024-05-08 22:52:39'),
(2547, 90, 107, '2024-05-08 22:52:39', '2024-05-08 22:52:39'),
(2548, 90, 110, '2024-05-08 22:52:39', '2024-05-08 22:52:39'),
(2549, 90, 115, '2024-05-08 22:52:39', '2024-05-08 22:52:39'),
(2550, 90, 119, '2024-05-08 22:52:39', '2024-05-08 22:52:39'),
(2551, 91, 3, '2024-05-08 22:54:37', '2024-05-08 22:54:37'),
(2552, 91, 6, '2024-05-08 22:54:37', '2024-05-08 22:54:37'),
(2553, 91, 11, '2024-05-08 22:54:37', '2024-05-08 22:54:37'),
(2554, 91, 14, '2024-05-08 22:54:37', '2024-05-08 22:54:37'),
(2555, 91, 20, '2024-05-08 22:54:37', '2024-05-08 22:54:37'),
(2556, 91, 22, '2024-05-08 22:54:37', '2024-05-08 22:54:37'),
(2557, 91, 26, '2024-05-08 22:54:37', '2024-05-08 22:54:37'),
(2558, 91, 32, '2024-05-08 22:54:37', '2024-05-08 22:54:37'),
(2559, 91, 34, '2024-05-08 22:54:37', '2024-05-08 22:54:37'),
(2560, 91, 39, '2024-05-08 22:54:37', '2024-05-08 22:54:37'),
(2561, 91, 42, '2024-05-08 22:54:37', '2024-05-08 22:54:37'),
(2562, 91, 47, '2024-05-08 22:54:37', '2024-05-08 22:54:37'),
(2563, 91, 51, '2024-05-08 22:54:37', '2024-05-08 22:54:37'),
(2564, 91, 54, '2024-05-08 22:54:37', '2024-05-08 22:54:37'),
(2565, 91, 59, '2024-05-08 22:54:37', '2024-05-08 22:54:37'),
(2566, 91, 62, '2024-05-08 22:54:37', '2024-05-08 22:54:37'),
(2567, 91, 67, '2024-05-08 22:54:37', '2024-05-08 22:54:37'),
(2568, 91, 70, '2024-05-08 22:54:37', '2024-05-08 22:54:37'),
(2569, 91, 75, '2024-05-08 22:54:37', '2024-05-08 22:54:37'),
(2570, 91, 78, '2024-05-08 22:54:37', '2024-05-08 22:54:37'),
(2571, 91, 83, '2024-05-08 22:54:37', '2024-05-08 22:54:37'),
(2572, 91, 87, '2024-05-08 22:54:37', '2024-05-08 22:54:37'),
(2573, 91, 90, '2024-05-08 22:54:37', '2024-05-08 22:54:37'),
(2574, 91, 95, '2024-05-08 22:54:37', '2024-05-08 22:54:37'),
(2575, 91, 99, '2024-05-08 22:54:37', '2024-05-08 22:54:37'),
(2576, 91, 102, '2024-05-08 22:54:37', '2024-05-08 22:54:37'),
(2577, 91, 107, '2024-05-08 22:54:37', '2024-05-08 22:54:37'),
(2578, 91, 112, '2024-05-08 22:54:37', '2024-05-08 22:54:37'),
(2579, 91, 114, '2024-05-08 22:54:37', '2024-05-08 22:54:37'),
(2580, 91, 118, '2024-05-08 22:54:37', '2024-05-08 22:54:37'),
(2581, 92, 2, '2024-05-08 22:56:17', '2024-05-08 22:56:17'),
(2582, 92, 6, '2024-05-08 22:56:17', '2024-05-08 22:56:17'),
(2583, 92, 11, '2024-05-08 22:56:17', '2024-05-08 22:56:17'),
(2584, 92, 16, '2024-05-08 22:56:17', '2024-05-08 22:56:17'),
(2585, 92, 18, '2024-05-08 22:56:17', '2024-05-08 22:56:17'),
(2586, 92, 22, '2024-05-08 22:56:17', '2024-05-08 22:56:17'),
(2587, 92, 27, '2024-05-08 22:56:17', '2024-05-08 22:56:17'),
(2588, 92, 30, '2024-05-08 22:56:17', '2024-05-08 22:56:17'),
(2589, 92, 34, '2024-05-08 22:56:17', '2024-05-08 22:56:17'),
(2590, 92, 39, '2024-05-08 22:56:17', '2024-05-08 22:56:17'),
(2591, 92, 44, '2024-05-08 22:56:17', '2024-05-08 22:56:17'),
(2592, 92, 47, '2024-05-08 22:56:17', '2024-05-08 22:56:17'),
(2593, 92, 50, '2024-05-08 22:56:17', '2024-05-08 22:56:17'),
(2594, 92, 55, '2024-05-08 22:56:17', '2024-05-08 22:56:17'),
(2595, 92, 59, '2024-05-08 22:56:17', '2024-05-08 22:56:17'),
(2596, 92, 62, '2024-05-08 22:56:17', '2024-05-08 22:56:17'),
(2597, 92, 67, '2024-05-08 22:56:17', '2024-05-08 22:56:17'),
(2598, 92, 72, '2024-05-08 22:56:17', '2024-05-08 22:56:17'),
(2599, 92, 74, '2024-05-08 22:56:17', '2024-05-08 22:56:17'),
(2600, 92, 79, '2024-05-08 22:56:17', '2024-05-08 22:56:17'),
(2601, 92, 83, '2024-05-08 22:56:17', '2024-05-08 22:56:17'),
(2602, 92, 86, '2024-05-08 22:56:17', '2024-05-08 22:56:17'),
(2603, 92, 91, '2024-05-08 22:56:17', '2024-05-08 22:56:17'),
(2604, 92, 95, '2024-05-08 22:56:17', '2024-05-08 22:56:17'),
(2605, 92, 98, '2024-05-08 22:56:17', '2024-05-08 22:56:17'),
(2606, 92, 103, '2024-05-08 22:56:17', '2024-05-08 22:56:17'),
(2607, 92, 107, '2024-05-08 22:56:17', '2024-05-08 22:56:17'),
(2608, 92, 110, '2024-05-08 22:56:17', '2024-05-08 22:56:17'),
(2609, 92, 115, '2024-05-08 22:56:17', '2024-05-08 22:56:17'),
(2610, 92, 118, '2024-05-08 22:56:17', '2024-05-08 22:56:17'),
(2611, 93, 2, '2024-05-08 22:57:35', '2024-05-08 22:57:35'),
(2612, 93, 7, '2024-05-08 22:57:35', '2024-05-08 22:57:35'),
(2613, 93, 10, '2024-05-08 22:57:35', '2024-05-08 22:57:35'),
(2614, 93, 16, '2024-05-08 22:57:35', '2024-05-08 22:57:35'),
(2615, 93, 18, '2024-05-08 22:57:35', '2024-05-08 22:57:35'),
(2616, 93, 22, '2024-05-08 22:57:35', '2024-05-08 22:57:35'),
(2617, 93, 28, '2024-05-08 22:57:35', '2024-05-08 22:57:35'),
(2618, 93, 30, '2024-05-08 22:57:35', '2024-05-08 22:57:35'),
(2619, 93, 34, '2024-05-08 22:57:35', '2024-05-08 22:57:35'),
(2620, 93, 39, '2024-05-08 22:57:35', '2024-05-08 22:57:35'),
(2621, 93, 44, '2024-05-08 22:57:35', '2024-05-08 22:57:35'),
(2622, 93, 47, '2024-05-08 22:57:35', '2024-05-08 22:57:35'),
(2623, 93, 50, '2024-05-08 22:57:35', '2024-05-08 22:57:35'),
(2624, 93, 55, '2024-05-08 22:57:35', '2024-05-08 22:57:35'),
(2625, 93, 60, '2024-05-08 22:57:35', '2024-05-08 22:57:35'),
(2626, 93, 63, '2024-05-08 22:57:35', '2024-05-08 22:57:35'),
(2627, 93, 66, '2024-05-08 22:57:35', '2024-05-08 22:57:35'),
(2628, 93, 71, '2024-05-08 22:57:35', '2024-05-08 22:57:35'),
(2629, 93, 76, '2024-05-08 22:57:35', '2024-05-08 22:57:35'),
(2630, 93, 79, '2024-05-08 22:57:35', '2024-05-08 22:57:35'),
(2631, 93, 82, '2024-05-08 22:57:35', '2024-05-08 22:57:35'),
(2632, 93, 87, '2024-05-08 22:57:35', '2024-05-08 22:57:35'),
(2633, 93, 92, '2024-05-08 22:57:35', '2024-05-08 22:57:35'),
(2634, 93, 95, '2024-05-08 22:57:35', '2024-05-08 22:57:35'),
(2635, 93, 98, '2024-05-08 22:57:35', '2024-05-08 22:57:35'),
(2636, 93, 103, '2024-05-08 22:57:35', '2024-05-08 22:57:35'),
(2637, 93, 108, '2024-05-08 22:57:35', '2024-05-08 22:57:35'),
(2638, 93, 111, '2024-05-08 22:57:35', '2024-05-08 22:57:35'),
(2639, 93, 115, '2024-05-08 22:57:35', '2024-05-08 22:57:35'),
(2640, 93, 118, '2024-05-08 22:57:35', '2024-05-08 22:57:35'),
(2641, 94, 2, '2024-05-12 22:36:57', '2024-05-12 22:36:57'),
(2642, 94, 7, '2024-05-12 22:36:57', '2024-05-12 22:36:57'),
(2643, 94, 9, '2024-05-12 22:36:57', '2024-05-12 22:36:57'),
(2644, 94, 15, '2024-05-12 22:36:57', '2024-05-12 22:36:57'),
(2645, 94, 20, '2024-05-12 22:36:57', '2024-05-12 22:36:57'),
(2646, 94, 24, '2024-05-12 22:36:57', '2024-05-12 22:36:57'),
(2647, 94, 27, '2024-05-12 22:36:57', '2024-05-12 22:36:57'),
(2648, 94, 31, '2024-05-12 22:36:57', '2024-05-12 22:36:57'),
(2649, 94, 34, '2024-05-12 22:36:57', '2024-05-12 22:36:57'),
(2650, 94, 40, '2024-05-12 22:36:57', '2024-05-12 22:36:57'),
(2651, 94, 41, '2024-05-12 22:36:57', '2024-05-12 22:36:57'),
(2652, 94, 48, '2024-05-12 22:36:57', '2024-05-12 22:36:57'),
(2653, 94, 49, '2024-05-12 22:36:57', '2024-05-12 22:36:57'),
(2654, 94, 53, '2024-05-12 22:36:57', '2024-05-12 22:36:57'),
(2655, 94, 59, '2024-05-12 22:36:57', '2024-05-12 22:36:57'),
(2656, 94, 63, '2024-05-12 22:36:57', '2024-05-12 22:36:57'),
(2657, 94, 66, '2024-05-12 22:36:57', '2024-05-12 22:36:57'),
(2658, 94, 70, '2024-05-12 22:36:57', '2024-05-12 22:36:57'),
(2659, 94, 75, '2024-05-12 22:36:57', '2024-05-12 22:36:57'),
(2660, 94, 78, '2024-05-12 22:36:57', '2024-05-12 22:36:57'),
(2661, 94, 83, '2024-05-12 22:36:57', '2024-05-12 22:36:57'),
(2662, 94, 87, '2024-05-12 22:36:57', '2024-05-12 22:36:57'),
(2663, 94, 89, '2024-05-12 22:36:57', '2024-05-12 22:36:57'),
(2664, 94, 96, '2024-05-12 22:36:57', '2024-05-12 22:36:57'),
(2665, 94, 100, '2024-05-12 22:36:57', '2024-05-12 22:36:57'),
(2666, 94, 103, '2024-05-12 22:36:57', '2024-05-12 22:36:57'),
(2667, 94, 106, '2024-05-12 22:36:57', '2024-05-12 22:36:57'),
(2668, 94, 110, '2024-05-12 22:36:57', '2024-05-12 22:36:57'),
(2669, 94, 116, '2024-05-12 22:36:57', '2024-05-12 22:36:57'),
(2670, 94, 119, '2024-05-12 22:36:57', '2024-05-12 22:36:57'),
(2671, 95, 3, '2024-05-12 22:36:57', '2024-05-12 22:36:57'),
(2672, 95, 7, '2024-05-12 22:36:57', '2024-05-12 22:36:57'),
(2673, 95, 12, '2024-05-12 22:36:57', '2024-05-12 22:36:57'),
(2674, 95, 16, '2024-05-12 22:36:57', '2024-05-12 22:36:57'),
(2675, 95, 19, '2024-05-12 22:36:57', '2024-05-12 22:36:57'),
(2676, 95, 21, '2024-05-12 22:36:57', '2024-05-12 22:36:57'),
(2677, 95, 26, '2024-05-12 22:36:57', '2024-05-12 22:36:57'),
(2678, 95, 31, '2024-05-12 22:36:57', '2024-05-12 22:36:57'),
(2679, 95, 36, '2024-05-12 22:36:57', '2024-05-12 22:36:57'),
(2680, 95, 38, '2024-05-12 22:36:57', '2024-05-12 22:36:57'),
(2681, 95, 42, '2024-05-12 22:36:57', '2024-05-12 22:36:57'),
(2682, 95, 46, '2024-05-12 22:36:57', '2024-05-12 22:36:57'),
(2683, 95, 51, '2024-05-12 22:36:57', '2024-05-12 22:36:57'),
(2684, 95, 56, '2024-05-12 22:36:57', '2024-05-12 22:36:57'),
(2685, 95, 57, '2024-05-12 22:36:57', '2024-05-12 22:36:57'),
(2686, 95, 62, '2024-05-12 22:36:57', '2024-05-12 22:36:57'),
(2687, 95, 66, '2024-05-12 22:36:57', '2024-05-12 22:36:57'),
(2688, 95, 72, '2024-05-12 22:36:57', '2024-05-12 22:36:57'),
(2689, 95, 74, '2024-05-12 22:36:57', '2024-05-12 22:36:57'),
(2690, 95, 78, '2024-05-12 22:36:57', '2024-05-12 22:36:57'),
(2691, 95, 82, '2024-05-12 22:36:57', '2024-05-12 22:36:57'),
(2692, 95, 86, '2024-05-12 22:36:57', '2024-05-12 22:36:57'),
(2693, 95, 89, '2024-05-12 22:36:57', '2024-05-12 22:36:57'),
(2694, 95, 94, '2024-05-12 22:36:57', '2024-05-12 22:36:57'),
(2695, 95, 99, '2024-05-12 22:36:57', '2024-05-12 22:36:57'),
(2696, 95, 101, '2024-05-12 22:36:57', '2024-05-12 22:36:57'),
(2697, 95, 106, '2024-05-12 22:36:57', '2024-05-12 22:36:57'),
(2698, 95, 109, '2024-05-12 22:36:57', '2024-05-12 22:36:57'),
(2699, 95, 115, '2024-05-12 22:36:57', '2024-05-12 22:36:57'),
(2700, 95, 117, '2024-05-12 22:36:57', '2024-05-12 22:36:57'),
(2701, 96, 3, '2024-05-12 22:36:57', '2024-05-12 22:36:57'),
(2702, 96, 7, '2024-05-12 22:36:57', '2024-05-12 22:36:57'),
(2703, 96, 9, '2024-05-12 22:36:57', '2024-05-12 22:36:57'),
(2704, 96, 15, '2024-05-12 22:36:57', '2024-05-12 22:36:57'),
(2705, 96, 19, '2024-05-12 22:36:57', '2024-05-12 22:36:57'),
(2706, 96, 23, '2024-05-12 22:36:57', '2024-05-12 22:36:57'),
(2707, 96, 27, '2024-05-12 22:36:57', '2024-05-12 22:36:57'),
(2708, 96, 29, '2024-05-12 22:36:57', '2024-05-12 22:36:57'),
(2709, 96, 35, '2024-05-12 22:36:57', '2024-05-12 22:36:57'),
(2710, 96, 38, '2024-05-12 22:36:57', '2024-05-12 22:36:57'),
(2711, 96, 43, '2024-05-12 22:36:57', '2024-05-12 22:36:57'),
(2712, 96, 46, '2024-05-12 22:36:57', '2024-05-12 22:36:57'),
(2713, 96, 51, '2024-05-12 22:36:57', '2024-05-12 22:36:57'),
(2714, 96, 56, '2024-05-12 22:36:57', '2024-05-12 22:36:57'),
(2715, 96, 58, '2024-05-12 22:36:57', '2024-05-12 22:36:57'),
(2716, 96, 64, '2024-05-12 22:36:57', '2024-05-12 22:36:57'),
(2717, 96, 66, '2024-05-12 22:36:57', '2024-05-12 22:36:57'),
(2718, 96, 71, '2024-05-12 22:36:57', '2024-05-12 22:36:57'),
(2719, 96, 73, '2024-05-12 22:36:57', '2024-05-12 22:36:57'),
(2720, 96, 79, '2024-05-12 22:36:57', '2024-05-12 22:36:57'),
(2721, 96, 82, '2024-05-12 22:36:57', '2024-05-12 22:36:57'),
(2722, 96, 87, '2024-05-12 22:36:57', '2024-05-12 22:36:57'),
(2723, 96, 92, '2024-05-12 22:36:57', '2024-05-12 22:36:57'),
(2724, 96, 94, '2024-05-12 22:36:57', '2024-05-12 22:36:57'),
(2725, 96, 98, '2024-05-12 22:36:57', '2024-05-12 22:36:57'),
(2726, 96, 101, '2024-05-12 22:36:57', '2024-05-12 22:36:57'),
(2727, 96, 108, '2024-05-12 22:36:57', '2024-05-12 22:36:57'),
(2728, 96, 111, '2024-05-12 22:36:57', '2024-05-12 22:36:57'),
(2729, 96, 114, '2024-05-12 22:36:57', '2024-05-12 22:36:57'),
(2730, 96, 118, '2024-05-12 22:36:57', '2024-05-12 22:36:57'),
(2731, 97, 1, '2024-05-12 22:36:57', '2024-05-12 22:36:57'),
(2732, 97, 6, '2024-05-12 22:36:57', '2024-05-12 22:36:57'),
(2733, 97, 11, '2024-05-12 22:36:57', '2024-05-12 22:36:57'),
(2734, 97, 14, '2024-05-12 22:36:57', '2024-05-12 22:36:57'),
(2735, 97, 19, '2024-05-12 22:36:57', '2024-05-12 22:36:57'),
(2736, 97, 21, '2024-05-12 22:36:57', '2024-05-12 22:36:57'),
(2737, 97, 27, '2024-05-12 22:36:57', '2024-05-12 22:36:57'),
(2738, 97, 29, '2024-05-12 22:36:57', '2024-05-12 22:36:57'),
(2739, 97, 33, '2024-05-12 22:36:57', '2024-05-12 22:36:57'),
(2740, 97, 39, '2024-05-12 22:36:57', '2024-05-12 22:36:57'),
(2741, 97, 44, '2024-05-12 22:36:57', '2024-05-12 22:36:57'),
(2742, 97, 45, '2024-05-12 22:36:57', '2024-05-12 22:36:57'),
(2743, 97, 51, '2024-05-12 22:36:57', '2024-05-12 22:36:57'),
(2744, 97, 56, '2024-05-12 22:36:57', '2024-05-12 22:36:57'),
(2745, 97, 58, '2024-05-12 22:36:57', '2024-05-12 22:36:57'),
(2746, 97, 64, '2024-05-12 22:36:57', '2024-05-12 22:36:57'),
(2747, 97, 65, '2024-05-12 22:36:57', '2024-05-12 22:36:57'),
(2748, 97, 70, '2024-05-12 22:36:57', '2024-05-12 22:36:57'),
(2749, 97, 74, '2024-05-12 22:36:57', '2024-05-12 22:36:57'),
(2750, 97, 78, '2024-05-12 22:36:57', '2024-05-12 22:36:57'),
(2751, 97, 84, '2024-05-12 22:36:57', '2024-05-12 22:36:57'),
(2752, 97, 88, '2024-05-12 22:36:57', '2024-05-12 22:36:57'),
(2753, 97, 89, '2024-05-12 22:36:57', '2024-05-12 22:36:57'),
(2754, 97, 93, '2024-05-12 22:36:57', '2024-05-12 22:36:57'),
(2755, 97, 98, '2024-05-12 22:36:57', '2024-05-12 22:36:57'),
(2756, 97, 104, '2024-05-12 22:36:57', '2024-05-12 22:36:57'),
(2757, 97, 107, '2024-05-12 22:36:57', '2024-05-12 22:36:57'),
(2758, 97, 111, '2024-05-12 22:36:57', '2024-05-12 22:36:57'),
(2759, 97, 115, '2024-05-12 22:36:57', '2024-05-12 22:36:57'),
(2760, 97, 120, '2024-05-12 22:36:57', '2024-05-12 22:36:57'),
(2761, 98, 4, '2024-05-12 22:36:57', '2024-05-12 22:36:57'),
(2762, 98, 5, '2024-05-12 22:36:57', '2024-05-12 22:36:57'),
(2763, 98, 9, '2024-05-12 22:36:57', '2024-05-12 22:36:57'),
(2764, 98, 14, '2024-05-12 22:36:57', '2024-05-12 22:36:57'),
(2765, 98, 18, '2024-05-12 22:36:57', '2024-05-12 22:36:57'),
(2766, 98, 23, '2024-05-12 22:36:57', '2024-05-12 22:36:57'),
(2767, 98, 27, '2024-05-12 22:36:57', '2024-05-12 22:36:57'),
(2768, 98, 31, '2024-05-12 22:36:57', '2024-05-12 22:36:57'),
(2769, 98, 36, '2024-05-12 22:36:57', '2024-05-12 22:36:57'),
(2770, 98, 40, '2024-05-12 22:36:57', '2024-05-12 22:36:57'),
(2771, 98, 41, '2024-05-12 22:36:57', '2024-05-12 22:36:57'),
(2772, 98, 45, '2024-05-12 22:36:57', '2024-05-12 22:36:57'),
(2773, 98, 49, '2024-05-12 22:36:57', '2024-05-12 22:36:57'),
(2774, 98, 54, '2024-05-12 22:36:57', '2024-05-12 22:36:57'),
(2775, 98, 58, '2024-05-12 22:36:57', '2024-05-12 22:36:57'),
(2776, 98, 63, '2024-05-12 22:36:57', '2024-05-12 22:36:57'),
(2777, 98, 65, '2024-05-12 22:36:57', '2024-05-12 22:36:57'),
(2778, 98, 70, '2024-05-12 22:36:57', '2024-05-12 22:36:57'),
(2779, 98, 73, '2024-05-12 22:36:57', '2024-05-12 22:36:57'),
(2780, 98, 77, '2024-05-12 22:36:57', '2024-05-12 22:36:57'),
(2781, 98, 83, '2024-05-12 22:36:57', '2024-05-12 22:36:57'),
(2782, 98, 87, '2024-05-12 22:36:57', '2024-05-12 22:36:57'),
(2783, 98, 91, '2024-05-12 22:36:57', '2024-05-12 22:36:57'),
(2784, 98, 94, '2024-05-12 22:36:57', '2024-05-12 22:36:57'),
(2785, 98, 99, '2024-05-12 22:36:57', '2024-05-12 22:36:57'),
(2786, 98, 103, '2024-05-12 22:36:57', '2024-05-12 22:36:57'),
(2787, 98, 108, '2024-05-12 22:36:57', '2024-05-12 22:36:57'),
(2788, 98, 112, '2024-05-12 22:36:57', '2024-05-12 22:36:57'),
(2789, 98, 114, '2024-05-12 22:36:57', '2024-05-12 22:36:57'),
(2790, 98, 119, '2024-05-12 22:36:57', '2024-05-12 22:36:57'),
(2791, 99, 2, '2024-05-12 22:40:08', '2024-05-12 22:40:08'),
(2792, 99, 6, '2024-05-12 22:40:08', '2024-05-12 22:40:08'),
(2793, 99, 10, '2024-05-12 22:40:08', '2024-05-12 22:40:08'),
(2794, 99, 15, '2024-05-12 22:40:08', '2024-05-12 22:40:08'),
(2795, 99, 19, '2024-05-12 22:40:08', '2024-05-12 22:40:08'),
(2796, 99, 21, '2024-05-12 22:40:08', '2024-05-12 22:40:08'),
(2797, 99, 28, '2024-05-12 22:40:08', '2024-05-12 22:40:08'),
(2798, 99, 32, '2024-05-12 22:40:08', '2024-05-12 22:40:08'),
(2799, 99, 34, '2024-05-12 22:40:08', '2024-05-12 22:40:08'),
(2800, 99, 40, '2024-05-12 22:40:08', '2024-05-12 22:40:08'),
(2801, 99, 43, '2024-05-12 22:40:08', '2024-05-12 22:40:08'),
(2802, 99, 48, '2024-05-12 22:40:08', '2024-05-12 22:40:08'),
(2803, 99, 51, '2024-05-12 22:40:08', '2024-05-12 22:40:08'),
(2804, 99, 54, '2024-05-12 22:40:08', '2024-05-12 22:40:08'),
(2805, 99, 57, '2024-05-12 22:40:08', '2024-05-12 22:40:08'),
(2806, 99, 64, '2024-05-12 22:40:08', '2024-05-12 22:40:08'),
(2807, 99, 66, '2024-05-12 22:40:08', '2024-05-12 22:40:08'),
(2808, 99, 69, '2024-05-12 22:40:08', '2024-05-12 22:40:08'),
(2809, 99, 76, '2024-05-12 22:40:08', '2024-05-12 22:40:08'),
(2810, 99, 77, '2024-05-12 22:40:08', '2024-05-12 22:40:08'),
(2811, 99, 82, '2024-05-12 22:40:08', '2024-05-12 22:40:08'),
(2812, 99, 86, '2024-05-12 22:40:08', '2024-05-12 22:40:08'),
(2813, 99, 90, '2024-05-12 22:40:08', '2024-05-12 22:40:08'),
(2814, 99, 94, '2024-05-12 22:40:08', '2024-05-12 22:40:08'),
(2815, 99, 99, '2024-05-12 22:40:08', '2024-05-12 22:40:08'),
(2816, 99, 104, '2024-05-12 22:40:08', '2024-05-12 22:40:08'),
(2817, 99, 107, '2024-05-12 22:40:08', '2024-05-12 22:40:08'),
(2818, 99, 111, '2024-05-12 22:40:08', '2024-05-12 22:40:08'),
(2819, 99, 114, '2024-05-12 22:40:08', '2024-05-12 22:40:08'),
(2820, 99, 120, '2024-05-12 22:40:08', '2024-05-12 22:40:08'),
(2821, 100, 1, '2024-05-12 22:40:08', '2024-05-12 22:40:08'),
(2822, 100, 7, '2024-05-12 22:40:08', '2024-05-12 22:40:08'),
(2823, 100, 12, '2024-05-12 22:40:08', '2024-05-12 22:40:08'),
(2824, 100, 15, '2024-05-12 22:40:08', '2024-05-12 22:40:08'),
(2825, 100, 17, '2024-05-12 22:40:08', '2024-05-12 22:40:08'),
(2826, 100, 22, '2024-05-12 22:40:08', '2024-05-12 22:40:08'),
(2827, 100, 27, '2024-05-12 22:40:08', '2024-05-12 22:40:08'),
(2828, 100, 30, '2024-05-12 22:40:08', '2024-05-12 22:40:08'),
(2829, 100, 33, '2024-05-12 22:40:08', '2024-05-12 22:40:08'),
(2830, 100, 39, '2024-05-12 22:40:08', '2024-05-12 22:40:08'),
(2831, 100, 44, '2024-05-12 22:40:08', '2024-05-12 22:40:08'),
(2832, 100, 48, '2024-05-12 22:40:08', '2024-05-12 22:40:08'),
(2833, 100, 51, '2024-05-12 22:40:08', '2024-05-12 22:40:08'),
(2834, 100, 54, '2024-05-12 22:40:08', '2024-05-12 22:40:08'),
(2835, 100, 59, '2024-05-12 22:40:08', '2024-05-12 22:40:08'),
(2836, 100, 64, '2024-05-12 22:40:08', '2024-05-12 22:40:08'),
(2837, 100, 65, '2024-05-12 22:40:08', '2024-05-12 22:40:08'),
(2838, 100, 71, '2024-05-12 22:40:08', '2024-05-12 22:40:08'),
(2839, 100, 75, '2024-05-12 22:40:08', '2024-05-12 22:40:08'),
(2840, 100, 78, '2024-05-12 22:40:08', '2024-05-12 22:40:08'),
(2841, 100, 83, '2024-05-12 22:40:08', '2024-05-12 22:40:08'),
(2842, 100, 87, '2024-05-12 22:40:08', '2024-05-12 22:40:08'),
(2843, 100, 90, '2024-05-12 22:40:08', '2024-05-12 22:40:08'),
(2844, 100, 96, '2024-05-12 22:40:08', '2024-05-12 22:40:08'),
(2845, 100, 97, '2024-05-12 22:40:08', '2024-05-12 22:40:08'),
(2846, 100, 101, '2024-05-12 22:40:08', '2024-05-12 22:40:08'),
(2847, 100, 108, '2024-05-12 22:40:08', '2024-05-12 22:40:08'),
(2848, 100, 111, '2024-05-12 22:40:08', '2024-05-12 22:40:08'),
(2849, 100, 116, '2024-05-12 22:40:08', '2024-05-12 22:40:08'),
(2850, 100, 118, '2024-05-12 22:40:08', '2024-05-12 22:40:08'),
(2851, 101, 2, '2024-05-12 22:40:08', '2024-05-12 22:40:08'),
(2852, 101, 5, '2024-05-12 22:40:08', '2024-05-12 22:40:08'),
(2853, 101, 12, '2024-05-12 22:40:08', '2024-05-12 22:40:08'),
(2854, 101, 14, '2024-05-12 22:40:08', '2024-05-12 22:40:08'),
(2855, 101, 18, '2024-05-12 22:40:08', '2024-05-12 22:40:08'),
(2856, 101, 23, '2024-05-12 22:40:08', '2024-05-12 22:40:08'),
(2857, 101, 25, '2024-05-12 22:40:08', '2024-05-12 22:40:08'),
(2858, 101, 30, '2024-05-12 22:40:08', '2024-05-12 22:40:08'),
(2859, 101, 35, '2024-05-12 22:40:08', '2024-05-12 22:40:08'),
(2860, 101, 38, '2024-05-12 22:40:08', '2024-05-12 22:40:08'),
(2861, 101, 41, '2024-05-12 22:40:08', '2024-05-12 22:40:08'),
(2862, 101, 46, '2024-05-12 22:40:08', '2024-05-12 22:40:08'),
(2863, 101, 52, '2024-05-12 22:40:08', '2024-05-12 22:40:08'),
(2864, 101, 54, '2024-05-12 22:40:08', '2024-05-12 22:40:08'),
(2865, 101, 59, '2024-05-12 22:40:08', '2024-05-12 22:40:08'),
(2866, 101, 61, '2024-05-12 22:40:08', '2024-05-12 22:40:08'),
(2867, 101, 65, '2024-05-12 22:40:08', '2024-05-12 22:40:08'),
(2868, 101, 70, '2024-05-12 22:40:08', '2024-05-12 22:40:08'),
(2869, 101, 74, '2024-05-12 22:40:08', '2024-05-12 22:40:08'),
(2870, 101, 79, '2024-05-12 22:40:08', '2024-05-12 22:40:08'),
(2871, 101, 83, '2024-05-12 22:40:08', '2024-05-12 22:40:08'),
(2872, 101, 85, '2024-05-12 22:40:08', '2024-05-12 22:40:08'),
(2873, 101, 89, '2024-05-12 22:40:08', '2024-05-12 22:40:08'),
(2874, 101, 94, '2024-05-12 22:40:08', '2024-05-12 22:40:08'),
(2875, 101, 97, '2024-05-12 22:40:08', '2024-05-12 22:40:08'),
(2876, 101, 103, '2024-05-12 22:40:08', '2024-05-12 22:40:08'),
(2877, 101, 108, '2024-05-12 22:40:08', '2024-05-12 22:40:08'),
(2878, 101, 110, '2024-05-12 22:40:08', '2024-05-12 22:40:08'),
(2879, 101, 116, '2024-05-12 22:40:08', '2024-05-12 22:40:08'),
(2880, 101, 119, '2024-05-12 22:40:08', '2024-05-12 22:40:08'),
(2881, 102, 1, '2024-05-12 22:40:08', '2024-05-12 22:40:08'),
(2882, 102, 8, '2024-05-12 22:40:08', '2024-05-12 22:40:08'),
(2883, 102, 12, '2024-05-12 22:40:08', '2024-05-12 22:40:08'),
(2884, 102, 13, '2024-05-12 22:40:08', '2024-05-12 22:40:08'),
(2885, 102, 20, '2024-05-12 22:40:08', '2024-05-12 22:40:08'),
(2886, 102, 24, '2024-05-12 22:40:08', '2024-05-12 22:40:08'),
(2887, 102, 27, '2024-05-12 22:40:08', '2024-05-12 22:40:08'),
(2888, 102, 32, '2024-05-12 22:40:08', '2024-05-12 22:40:08'),
(2889, 102, 34, '2024-05-12 22:40:08', '2024-05-12 22:40:08'),
(2890, 102, 37, '2024-05-12 22:40:08', '2024-05-12 22:40:08'),
(2891, 102, 44, '2024-05-12 22:40:08', '2024-05-12 22:40:08'),
(2892, 102, 48, '2024-05-12 22:40:08', '2024-05-12 22:40:08'),
(2893, 102, 52, '2024-05-12 22:40:08', '2024-05-12 22:40:08'),
(2894, 102, 54, '2024-05-12 22:40:08', '2024-05-12 22:40:08'),
(2895, 102, 58, '2024-05-12 22:40:08', '2024-05-12 22:40:08'),
(2896, 102, 64, '2024-05-12 22:40:08', '2024-05-12 22:40:08'),
(2897, 102, 65, '2024-05-12 22:40:08', '2024-05-12 22:40:08'),
(2898, 102, 70, '2024-05-12 22:40:08', '2024-05-12 22:40:08'),
(2899, 102, 75, '2024-05-12 22:40:08', '2024-05-12 22:40:08'),
(2900, 102, 77, '2024-05-12 22:40:08', '2024-05-12 22:40:08'),
(2901, 102, 82, '2024-05-12 22:40:08', '2024-05-12 22:40:08'),
(2902, 102, 87, '2024-05-12 22:40:08', '2024-05-12 22:40:08'),
(2903, 102, 90, '2024-05-12 22:40:08', '2024-05-12 22:40:08'),
(2904, 102, 93, '2024-05-12 22:40:08', '2024-05-12 22:40:08'),
(2905, 102, 98, '2024-05-12 22:40:08', '2024-05-12 22:40:08'),
(2906, 102, 104, '2024-05-12 22:40:08', '2024-05-12 22:40:08'),
(2907, 102, 108, '2024-05-12 22:40:08', '2024-05-12 22:40:08'),
(2908, 102, 109, '2024-05-12 22:40:08', '2024-05-12 22:40:08'),
(2909, 102, 115, '2024-05-12 22:40:08', '2024-05-12 22:40:08'),
(2910, 102, 120, '2024-05-12 22:40:08', '2024-05-12 22:40:08'),
(2911, 103, 4, '2024-05-12 22:40:08', '2024-05-12 22:40:08'),
(2912, 103, 7, '2024-05-12 22:40:08', '2024-05-12 22:40:08'),
(2913, 103, 9, '2024-05-12 22:40:08', '2024-05-12 22:40:08'),
(2914, 103, 16, '2024-05-12 22:40:08', '2024-05-12 22:40:08'),
(2915, 103, 18, '2024-05-12 22:40:08', '2024-05-12 22:40:08'),
(2916, 103, 22, '2024-05-12 22:40:08', '2024-05-12 22:40:08'),
(2917, 103, 27, '2024-05-12 22:40:08', '2024-05-12 22:40:08'),
(2918, 103, 31, '2024-05-12 22:40:08', '2024-05-12 22:40:08'),
(2919, 103, 36, '2024-05-12 22:40:08', '2024-05-12 22:40:08'),
(2920, 103, 40, '2024-05-12 22:40:08', '2024-05-12 22:40:08'),
(2921, 103, 42, '2024-05-12 22:40:08', '2024-05-12 22:40:08'),
(2922, 103, 46, '2024-05-12 22:40:08', '2024-05-12 22:40:08'),
(2923, 103, 49, '2024-05-12 22:40:08', '2024-05-12 22:40:08'),
(2924, 103, 56, '2024-05-12 22:40:08', '2024-05-12 22:40:08'),
(2925, 103, 59, '2024-05-12 22:40:08', '2024-05-12 22:40:08'),
(2926, 103, 62, '2024-05-12 22:40:08', '2024-05-12 22:40:08'),
(2927, 103, 67, '2024-05-12 22:40:08', '2024-05-12 22:40:08'),
(2928, 103, 69, '2024-05-12 22:40:08', '2024-05-12 22:40:08'),
(2929, 103, 76, '2024-05-12 22:40:08', '2024-05-12 22:40:08'),
(2930, 103, 77, '2024-05-12 22:40:08', '2024-05-12 22:40:08'),
(2931, 103, 82, '2024-05-12 22:40:08', '2024-05-12 22:40:08'),
(2932, 103, 88, '2024-05-12 22:40:08', '2024-05-12 22:40:08'),
(2933, 103, 91, '2024-05-12 22:40:08', '2024-05-12 22:40:08'),
(2934, 103, 94, '2024-05-12 22:40:08', '2024-05-12 22:40:08'),
(2935, 103, 100, '2024-05-12 22:40:08', '2024-05-12 22:40:08'),
(2936, 103, 102, '2024-05-12 22:40:08', '2024-05-12 22:40:08'),
(2937, 103, 108, '2024-05-12 22:40:08', '2024-05-12 22:40:08'),
(2938, 103, 110, '2024-05-12 22:40:08', '2024-05-12 22:40:08'),
(2939, 103, 113, '2024-05-12 22:40:08', '2024-05-12 22:40:08'),
(2940, 103, 117, '2024-05-12 22:40:08', '2024-05-12 22:40:08'),
(2941, 104, 1, '2024-05-12 22:42:51', '2024-05-12 22:42:51'),
(2942, 104, 7, '2024-05-12 22:42:51', '2024-05-12 22:42:51'),
(2943, 104, 9, '2024-05-12 22:42:51', '2024-05-12 22:42:51'),
(2944, 104, 14, '2024-05-12 22:42:51', '2024-05-12 22:42:51'),
(2945, 104, 18, '2024-05-12 22:42:51', '2024-05-12 22:42:51'),
(2946, 104, 21, '2024-05-12 22:42:51', '2024-05-12 22:42:51'),
(2947, 104, 27, '2024-05-12 22:42:51', '2024-05-12 22:42:51'),
(2948, 104, 29, '2024-05-12 22:42:51', '2024-05-12 22:42:51'),
(2949, 104, 35, '2024-05-12 22:42:51', '2024-05-12 22:42:51'),
(2950, 104, 37, '2024-05-12 22:42:51', '2024-05-12 22:42:51'),
(2951, 104, 42, '2024-05-12 22:42:51', '2024-05-12 22:42:51'),
(2952, 104, 48, '2024-05-12 22:42:51', '2024-05-12 22:42:51'),
(2953, 104, 50, '2024-05-12 22:42:51', '2024-05-12 22:42:51'),
(2954, 104, 55, '2024-05-12 22:42:51', '2024-05-12 22:42:51'),
(2955, 104, 58, '2024-05-12 22:42:51', '2024-05-12 22:42:51'),
(2956, 104, 64, '2024-05-12 22:42:51', '2024-05-12 22:42:51'),
(2957, 104, 65, '2024-05-12 22:42:51', '2024-05-12 22:42:51'),
(2958, 104, 72, '2024-05-12 22:42:51', '2024-05-12 22:42:51'),
(2959, 104, 76, '2024-05-12 22:42:51', '2024-05-12 22:42:51'),
(2960, 104, 79, '2024-05-12 22:42:51', '2024-05-12 22:42:51'),
(2961, 104, 83, '2024-05-12 22:42:51', '2024-05-12 22:42:51'),
(2962, 104, 88, '2024-05-12 22:42:51', '2024-05-12 22:42:51'),
(2963, 104, 89, '2024-05-12 22:42:51', '2024-05-12 22:42:51'),
(2964, 104, 93, '2024-05-12 22:42:51', '2024-05-12 22:42:51'),
(2965, 104, 99, '2024-05-12 22:42:51', '2024-05-12 22:42:51'),
(2966, 104, 102, '2024-05-12 22:42:51', '2024-05-12 22:42:51'),
(2967, 104, 105, '2024-05-12 22:42:51', '2024-05-12 22:42:51'),
(2968, 104, 109, '2024-05-12 22:42:51', '2024-05-12 22:42:51'),
(2969, 104, 113, '2024-05-12 22:42:51', '2024-05-12 22:42:51'),
(2970, 104, 119, '2024-05-12 22:42:51', '2024-05-12 22:42:51'),
(2971, 105, 4, '2024-05-12 22:42:51', '2024-05-12 22:42:51'),
(2972, 105, 8, '2024-05-12 22:42:51', '2024-05-12 22:42:51'),
(2973, 105, 10, '2024-05-12 22:42:51', '2024-05-12 22:42:51'),
(2974, 105, 13, '2024-05-12 22:42:51', '2024-05-12 22:42:51'),
(2975, 105, 18, '2024-05-12 22:42:51', '2024-05-12 22:42:51'),
(2976, 105, 23, '2024-05-12 22:42:51', '2024-05-12 22:42:51'),
(2977, 105, 28, '2024-05-12 22:42:51', '2024-05-12 22:42:51'),
(2978, 105, 31, '2024-05-12 22:42:51', '2024-05-12 22:42:51'),
(2979, 105, 34, '2024-05-12 22:42:51', '2024-05-12 22:42:51'),
(2980, 105, 38, '2024-05-12 22:42:51', '2024-05-12 22:42:51'),
(2981, 105, 41, '2024-05-12 22:42:51', '2024-05-12 22:42:51'),
(2982, 105, 47, '2024-05-12 22:42:51', '2024-05-12 22:42:51'),
(2983, 105, 52, '2024-05-12 22:42:51', '2024-05-12 22:42:51'),
(2984, 105, 56, '2024-05-12 22:42:51', '2024-05-12 22:42:51'),
(2985, 105, 60, '2024-05-12 22:42:51', '2024-05-12 22:42:51'),
(2986, 105, 61, '2024-05-12 22:42:51', '2024-05-12 22:42:51'),
(2987, 105, 67, '2024-05-12 22:42:51', '2024-05-12 22:42:51'),
(2988, 105, 72, '2024-05-12 22:42:51', '2024-05-12 22:42:51'),
(2989, 105, 73, '2024-05-12 22:42:51', '2024-05-12 22:42:51'),
(2990, 105, 77, '2024-05-12 22:42:51', '2024-05-12 22:42:51'),
(2991, 105, 83, '2024-05-12 22:42:51', '2024-05-12 22:42:51'),
(2992, 105, 88, '2024-05-12 22:42:51', '2024-05-12 22:42:51'),
(2993, 105, 92, '2024-05-12 22:42:51', '2024-05-12 22:42:51'),
(2994, 105, 96, '2024-05-12 22:42:51', '2024-05-12 22:42:51'),
(2995, 105, 97, '2024-05-12 22:42:51', '2024-05-12 22:42:51'),
(2996, 105, 101, '2024-05-12 22:42:51', '2024-05-12 22:42:51'),
(2997, 105, 108, '2024-05-12 22:42:51', '2024-05-12 22:42:51'),
(2998, 105, 111, '2024-05-12 22:42:51', '2024-05-12 22:42:51'),
(2999, 105, 116, '2024-05-12 22:42:51', '2024-05-12 22:42:51'),
(3000, 105, 120, '2024-05-12 22:42:51', '2024-05-12 22:42:51'),
(3001, 106, 1, '2024-05-12 22:42:51', '2024-05-12 22:42:51'),
(3002, 106, 8, '2024-05-12 22:42:51', '2024-05-12 22:42:51'),
(3003, 106, 11, '2024-05-12 22:42:51', '2024-05-12 22:42:51'),
(3004, 106, 13, '2024-05-12 22:42:51', '2024-05-12 22:42:51'),
(3005, 106, 19, '2024-05-12 22:42:51', '2024-05-12 22:42:51'),
(3006, 106, 21, '2024-05-12 22:42:51', '2024-05-12 22:42:51'),
(3007, 106, 28, '2024-05-12 22:42:51', '2024-05-12 22:42:51'),
(3008, 106, 31, '2024-05-12 22:42:51', '2024-05-12 22:42:51'),
(3009, 106, 33, '2024-05-12 22:42:51', '2024-05-12 22:42:51'),
(3010, 106, 37, '2024-05-12 22:42:51', '2024-05-12 22:42:51'),
(3011, 106, 43, '2024-05-12 22:42:51', '2024-05-12 22:42:51'),
(3012, 106, 46, '2024-05-12 22:42:51', '2024-05-12 22:42:51'),
(3013, 106, 51, '2024-05-12 22:42:51', '2024-05-12 22:42:51'),
(3014, 106, 55, '2024-05-12 22:42:51', '2024-05-12 22:42:51'),
(3015, 106, 58, '2024-05-12 22:42:51', '2024-05-12 22:42:51'),
(3016, 106, 63, '2024-05-12 22:42:51', '2024-05-12 22:42:51'),
(3017, 106, 66, '2024-05-12 22:42:51', '2024-05-12 22:42:51'),
(3018, 106, 71, '2024-05-12 22:42:51', '2024-05-12 22:42:51'),
(3019, 106, 74, '2024-05-12 22:42:51', '2024-05-12 22:42:51'),
(3020, 106, 80, '2024-05-12 22:42:51', '2024-05-12 22:42:51'),
(3021, 106, 84, '2024-05-12 22:42:51', '2024-05-12 22:42:51'),
(3022, 106, 86, '2024-05-12 22:42:51', '2024-05-12 22:42:51'),
(3023, 106, 92, '2024-05-12 22:42:51', '2024-05-12 22:42:51'),
(3024, 106, 95, '2024-05-12 22:42:51', '2024-05-12 22:42:51'),
(3025, 106, 98, '2024-05-12 22:42:51', '2024-05-12 22:42:51'),
(3026, 106, 104, '2024-05-12 22:42:51', '2024-05-12 22:42:51'),
(3027, 106, 107, '2024-05-12 22:42:51', '2024-05-12 22:42:51'),
(3028, 106, 110, '2024-05-12 22:42:51', '2024-05-12 22:42:51'),
(3029, 106, 113, '2024-05-12 22:42:51', '2024-05-12 22:42:51'),
(3030, 106, 118, '2024-05-12 22:42:51', '2024-05-12 22:42:51'),
(3031, 107, 4, '2024-05-12 22:42:51', '2024-05-12 22:42:51'),
(3032, 107, 8, '2024-05-12 22:42:51', '2024-05-12 22:42:51'),
(3033, 107, 10, '2024-05-12 22:42:51', '2024-05-12 22:42:51'),
(3034, 107, 15, '2024-05-12 22:42:51', '2024-05-12 22:42:51'),
(3035, 107, 20, '2024-05-12 22:42:51', '2024-05-12 22:42:51'),
(3036, 107, 24, '2024-05-12 22:42:51', '2024-05-12 22:42:51'),
(3037, 107, 26, '2024-05-12 22:42:51', '2024-05-12 22:42:51'),
(3038, 107, 29, '2024-05-12 22:42:51', '2024-05-12 22:42:51'),
(3039, 107, 35, '2024-05-12 22:42:51', '2024-05-12 22:42:51'),
(3040, 107, 37, '2024-05-12 22:42:51', '2024-05-12 22:42:51'),
(3041, 107, 43, '2024-05-12 22:42:51', '2024-05-12 22:42:51'),
(3042, 107, 47, '2024-05-12 22:42:51', '2024-05-12 22:42:51'),
(3043, 107, 50, '2024-05-12 22:42:51', '2024-05-12 22:42:51'),
(3044, 107, 54, '2024-05-12 22:42:51', '2024-05-12 22:42:51'),
(3045, 107, 57, '2024-05-12 22:42:51', '2024-05-12 22:42:51'),
(3046, 107, 61, '2024-05-12 22:42:51', '2024-05-12 22:42:51'),
(3047, 107, 68, '2024-05-12 22:42:51', '2024-05-12 22:42:51'),
(3048, 107, 70, '2024-05-12 22:42:51', '2024-05-12 22:42:51'),
(3049, 107, 76, '2024-05-12 22:42:51', '2024-05-12 22:42:51'),
(3050, 107, 79, '2024-05-12 22:42:51', '2024-05-12 22:42:51'),
(3051, 107, 84, '2024-05-12 22:42:51', '2024-05-12 22:42:51'),
(3052, 107, 86, '2024-05-12 22:42:51', '2024-05-12 22:42:51'),
(3053, 107, 91, '2024-05-12 22:42:51', '2024-05-12 22:42:51'),
(3054, 107, 96, '2024-05-12 22:42:51', '2024-05-12 22:42:51'),
(3055, 107, 99, '2024-05-12 22:42:51', '2024-05-12 22:42:51'),
(3056, 107, 101, '2024-05-12 22:42:51', '2024-05-12 22:42:51'),
(3057, 107, 108, '2024-05-12 22:42:51', '2024-05-12 22:42:51'),
(3058, 107, 110, '2024-05-12 22:42:51', '2024-05-12 22:42:51'),
(3059, 107, 115, '2024-05-12 22:42:51', '2024-05-12 22:42:51'),
(3060, 107, 119, '2024-05-12 22:42:51', '2024-05-12 22:42:51'),
(3061, 108, 4, '2024-05-12 22:42:51', '2024-05-12 22:42:51'),
(3062, 108, 8, '2024-05-12 22:42:51', '2024-05-12 22:42:51'),
(3063, 108, 11, '2024-05-12 22:42:51', '2024-05-12 22:42:51'),
(3064, 108, 15, '2024-05-12 22:42:51', '2024-05-12 22:42:51'),
(3065, 108, 18, '2024-05-12 22:42:51', '2024-05-12 22:42:51'),
(3066, 108, 21, '2024-05-12 22:42:51', '2024-05-12 22:42:51'),
(3067, 108, 26, '2024-05-12 22:42:51', '2024-05-12 22:42:51'),
(3068, 108, 31, '2024-05-12 22:42:51', '2024-05-12 22:42:51'),
(3069, 108, 34, '2024-05-12 22:42:51', '2024-05-12 22:42:51'),
(3070, 108, 40, '2024-05-12 22:42:51', '2024-05-12 22:42:51'),
(3071, 108, 44, '2024-05-12 22:42:51', '2024-05-12 22:42:51'),
(3072, 108, 45, '2024-05-12 22:42:51', '2024-05-12 22:42:51'),
(3073, 108, 49, '2024-05-12 22:42:51', '2024-05-12 22:42:51'),
(3074, 108, 56, '2024-05-12 22:42:51', '2024-05-12 22:42:51'),
(3075, 108, 58, '2024-05-12 22:42:51', '2024-05-12 22:42:51'),
(3076, 108, 63, '2024-05-12 22:42:51', '2024-05-12 22:42:51'),
(3077, 108, 68, '2024-05-12 22:42:51', '2024-05-12 22:42:51'),
(3078, 108, 69, '2024-05-12 22:42:51', '2024-05-12 22:42:51'),
(3079, 108, 76, '2024-05-12 22:42:51', '2024-05-12 22:42:51'),
(3080, 108, 80, '2024-05-12 22:42:51', '2024-05-12 22:42:51'),
(3081, 108, 83, '2024-05-12 22:42:51', '2024-05-12 22:42:51'),
(3082, 108, 86, '2024-05-12 22:42:51', '2024-05-12 22:42:51'),
(3083, 108, 89, '2024-05-12 22:42:51', '2024-05-12 22:42:51'),
(3084, 108, 93, '2024-05-12 22:42:51', '2024-05-12 22:42:51'),
(3085, 108, 99, '2024-05-12 22:42:51', '2024-05-12 22:42:51'),
(3086, 108, 101, '2024-05-12 22:42:51', '2024-05-12 22:42:51'),
(3087, 108, 105, '2024-05-12 22:42:51', '2024-05-12 22:42:51'),
(3088, 108, 111, '2024-05-12 22:42:51', '2024-05-12 22:42:51'),
(3089, 108, 115, '2024-05-12 22:42:51', '2024-05-12 22:42:51'),
(3090, 108, 118, '2024-05-12 22:42:51', '2024-05-12 22:42:51'),
(3091, 109, 1, '2024-05-12 22:47:46', '2024-05-12 22:47:46'),
(3092, 109, 5, '2024-05-12 22:47:46', '2024-05-12 22:47:46'),
(3093, 109, 11, '2024-05-12 22:47:46', '2024-05-12 22:47:46'),
(3094, 109, 14, '2024-05-12 22:47:46', '2024-05-12 22:47:46'),
(3095, 109, 18, '2024-05-12 22:47:46', '2024-05-12 22:47:46'),
(3096, 109, 21, '2024-05-12 22:47:46', '2024-05-12 22:47:46'),
(3097, 109, 25, '2024-05-12 22:47:46', '2024-05-12 22:47:46'),
(3098, 109, 30, '2024-05-12 22:47:46', '2024-05-12 22:47:46'),
(3099, 109, 35, '2024-05-12 22:47:46', '2024-05-12 22:47:46'),
(3100, 109, 37, '2024-05-12 22:47:46', '2024-05-12 22:47:46'),
(3101, 109, 44, '2024-05-12 22:47:46', '2024-05-12 22:47:46'),
(3102, 109, 47, '2024-05-12 22:47:46', '2024-05-12 22:47:46'),
(3103, 109, 50, '2024-05-12 22:47:46', '2024-05-12 22:47:46'),
(3104, 109, 55, '2024-05-12 22:47:46', '2024-05-12 22:47:46'),
(3105, 109, 60, '2024-05-12 22:47:46', '2024-05-12 22:47:46'),
(3106, 109, 64, '2024-05-12 22:47:46', '2024-05-12 22:47:46'),
(3107, 109, 68, '2024-05-12 22:47:46', '2024-05-12 22:47:46'),
(3108, 109, 71, '2024-05-12 22:47:46', '2024-05-12 22:47:46'),
(3109, 109, 75, '2024-05-12 22:47:46', '2024-05-12 22:47:46'),
(3110, 109, 79, '2024-05-12 22:47:46', '2024-05-12 22:47:46'),
(3111, 109, 82, '2024-05-12 22:47:46', '2024-05-12 22:47:46'),
(3112, 109, 86, '2024-05-12 22:47:46', '2024-05-12 22:47:46'),
(3113, 109, 90, '2024-05-12 22:47:46', '2024-05-12 22:47:46'),
(3114, 109, 95, '2024-05-12 22:47:46', '2024-05-12 22:47:46'),
(3115, 109, 98, '2024-05-12 22:47:46', '2024-05-12 22:47:46'),
(3116, 109, 101, '2024-05-12 22:47:46', '2024-05-12 22:47:46'),
(3117, 109, 108, '2024-05-12 22:47:46', '2024-05-12 22:47:46'),
(3118, 109, 110, '2024-05-12 22:47:46', '2024-05-12 22:47:46'),
(3119, 109, 115, '2024-05-12 22:47:46', '2024-05-12 22:47:46'),
(3120, 109, 120, '2024-05-12 22:47:46', '2024-05-12 22:47:46'),
(3121, 110, 4, '2024-05-12 22:47:46', '2024-05-12 22:47:46'),
(3122, 110, 7, '2024-05-12 22:47:46', '2024-05-12 22:47:46'),
(3123, 110, 10, '2024-05-12 22:47:46', '2024-05-12 22:47:46'),
(3124, 110, 16, '2024-05-12 22:47:46', '2024-05-12 22:47:46'),
(3125, 110, 19, '2024-05-12 22:47:46', '2024-05-12 22:47:46'),
(3126, 110, 23, '2024-05-12 22:47:46', '2024-05-12 22:47:46'),
(3127, 110, 27, '2024-05-12 22:47:46', '2024-05-12 22:47:46'),
(3128, 110, 29, '2024-05-12 22:47:46', '2024-05-12 22:47:46'),
(3129, 110, 35, '2024-05-12 22:47:46', '2024-05-12 22:47:46'),
(3130, 110, 37, '2024-05-12 22:47:46', '2024-05-12 22:47:46'),
(3131, 110, 41, '2024-05-12 22:47:46', '2024-05-12 22:47:46'),
(3132, 110, 48, '2024-05-12 22:47:46', '2024-05-12 22:47:46'),
(3133, 110, 52, '2024-05-12 22:47:46', '2024-05-12 22:47:46'),
(3134, 110, 56, '2024-05-12 22:47:46', '2024-05-12 22:47:46'),
(3135, 110, 59, '2024-05-12 22:47:46', '2024-05-12 22:47:46'),
(3136, 110, 64, '2024-05-12 22:47:46', '2024-05-12 22:47:46'),
(3137, 110, 68, '2024-05-12 22:47:46', '2024-05-12 22:47:46'),
(3138, 110, 72, '2024-05-12 22:47:46', '2024-05-12 22:47:46'),
(3139, 110, 76, '2024-05-12 22:47:46', '2024-05-12 22:47:46'),
(3140, 110, 78, '2024-05-12 22:47:46', '2024-05-12 22:47:46'),
(3141, 110, 81, '2024-05-12 22:47:46', '2024-05-12 22:47:46'),
(3142, 110, 86, '2024-05-12 22:47:46', '2024-05-12 22:47:46'),
(3143, 110, 92, '2024-05-12 22:47:46', '2024-05-12 22:47:46'),
(3144, 110, 96, '2024-05-12 22:47:46', '2024-05-12 22:47:46'),
(3145, 110, 99, '2024-05-12 22:47:46', '2024-05-12 22:47:46'),
(3146, 110, 101, '2024-05-12 22:47:46', '2024-05-12 22:47:46'),
(3147, 110, 107, '2024-05-12 22:47:46', '2024-05-12 22:47:46'),
(3148, 110, 112, '2024-05-12 22:47:46', '2024-05-12 22:47:46'),
(3149, 110, 113, '2024-05-12 22:47:46', '2024-05-12 22:47:46'),
(3150, 110, 119, '2024-05-12 22:47:46', '2024-05-12 22:47:46'),
(3151, 111, 1, '2024-05-12 22:47:46', '2024-05-12 22:47:46'),
(3152, 111, 5, '2024-05-12 22:47:46', '2024-05-12 22:47:46'),
(3153, 111, 11, '2024-05-12 22:47:46', '2024-05-12 22:47:46'),
(3154, 111, 14, '2024-05-12 22:47:46', '2024-05-12 22:47:46'),
(3155, 111, 20, '2024-05-12 22:47:46', '2024-05-12 22:47:46'),
(3156, 111, 23, '2024-05-12 22:47:46', '2024-05-12 22:47:46'),
(3157, 111, 28, '2024-05-12 22:47:46', '2024-05-12 22:47:46'),
(3158, 111, 31, '2024-05-12 22:47:46', '2024-05-12 22:47:46'),
(3159, 111, 34, '2024-05-12 22:47:46', '2024-05-12 22:47:46'),
(3160, 111, 37, '2024-05-12 22:47:46', '2024-05-12 22:47:46'),
(3161, 111, 41, '2024-05-12 22:47:46', '2024-05-12 22:47:46'),
(3162, 111, 47, '2024-05-12 22:47:46', '2024-05-12 22:47:46'),
(3163, 111, 49, '2024-05-12 22:47:46', '2024-05-12 22:47:46'),
(3164, 111, 55, '2024-05-12 22:47:46', '2024-05-12 22:47:46'),
(3165, 111, 60, '2024-05-12 22:47:46', '2024-05-12 22:47:46'),
(3166, 111, 64, '2024-05-12 22:47:46', '2024-05-12 22:47:46'),
(3167, 111, 66, '2024-05-12 22:47:46', '2024-05-12 22:47:46'),
(3168, 111, 72, '2024-05-12 22:47:46', '2024-05-12 22:47:46'),
(3169, 111, 73, '2024-05-12 22:47:46', '2024-05-12 22:47:46'),
(3170, 111, 77, '2024-05-12 22:47:46', '2024-05-12 22:47:46'),
(3171, 111, 82, '2024-05-12 22:47:46', '2024-05-12 22:47:46'),
(3172, 111, 88, '2024-05-12 22:47:46', '2024-05-12 22:47:46'),
(3173, 111, 91, '2024-05-12 22:47:46', '2024-05-12 22:47:46'),
(3174, 111, 93, '2024-05-12 22:47:46', '2024-05-12 22:47:46'),
(3175, 111, 98, '2024-05-12 22:47:46', '2024-05-12 22:47:46'),
(3176, 111, 102, '2024-05-12 22:47:46', '2024-05-12 22:47:46'),
(3177, 111, 106, '2024-05-12 22:47:46', '2024-05-12 22:47:46'),
(3178, 111, 112, '2024-05-12 22:47:46', '2024-05-12 22:47:46'),
(3179, 111, 115, '2024-05-12 22:47:46', '2024-05-12 22:47:46'),
(3180, 111, 117, '2024-05-12 22:47:46', '2024-05-12 22:47:46'),
(3181, 112, 1, '2024-05-12 22:47:46', '2024-05-12 22:47:46'),
(3182, 112, 7, '2024-05-12 22:47:46', '2024-05-12 22:47:46'),
(3183, 112, 10, '2024-05-12 22:47:46', '2024-05-12 22:47:46'),
(3184, 112, 13, '2024-05-12 22:47:46', '2024-05-12 22:47:46'),
(3185, 112, 18, '2024-05-12 22:47:46', '2024-05-12 22:47:46'),
(3186, 112, 22, '2024-05-12 22:47:46', '2024-05-12 22:47:46'),
(3187, 112, 25, '2024-05-12 22:47:46', '2024-05-12 22:47:46'),
(3188, 112, 31, '2024-05-12 22:47:46', '2024-05-12 22:47:46'),
(3189, 112, 36, '2024-05-12 22:47:46', '2024-05-12 22:47:46'),
(3190, 112, 39, '2024-05-12 22:47:46', '2024-05-12 22:47:46'),
(3191, 112, 43, '2024-05-12 22:47:46', '2024-05-12 22:47:46'),
(3192, 112, 47, '2024-05-12 22:47:46', '2024-05-12 22:47:46'),
(3193, 112, 50, '2024-05-12 22:47:46', '2024-05-12 22:47:46'),
(3194, 112, 55, '2024-05-12 22:47:46', '2024-05-12 22:47:46'),
(3195, 112, 58, '2024-05-12 22:47:46', '2024-05-12 22:47:46'),
(3196, 112, 64, '2024-05-12 22:47:46', '2024-05-12 22:47:46'),
(3197, 112, 67, '2024-05-12 22:47:46', '2024-05-12 22:47:46'),
(3198, 112, 71, '2024-05-12 22:47:46', '2024-05-12 22:47:46'),
(3199, 112, 74, '2024-05-12 22:47:46', '2024-05-12 22:47:46'),
(3200, 112, 80, '2024-05-12 22:47:46', '2024-05-12 22:47:46'),
(3201, 112, 82, '2024-05-12 22:47:46', '2024-05-12 22:47:46'),
(3202, 112, 87, '2024-05-12 22:47:46', '2024-05-12 22:47:46'),
(3203, 112, 92, '2024-05-12 22:47:46', '2024-05-12 22:47:46'),
(3204, 112, 93, '2024-05-12 22:47:46', '2024-05-12 22:47:46'),
(3205, 112, 97, '2024-05-12 22:47:46', '2024-05-12 22:47:46'),
(3206, 112, 104, '2024-05-12 22:47:46', '2024-05-12 22:47:46'),
(3207, 112, 105, '2024-05-12 22:47:46', '2024-05-12 22:47:46'),
(3208, 112, 111, '2024-05-12 22:47:46', '2024-05-12 22:47:46'),
(3209, 112, 113, '2024-05-12 22:47:46', '2024-05-12 22:47:46'),
(3210, 112, 118, '2024-05-12 22:47:46', '2024-05-12 22:47:46'),
(3211, 113, 4, '2024-05-12 22:47:46', '2024-05-12 22:47:46'),
(3212, 113, 5, '2024-05-12 22:47:46', '2024-05-12 22:47:46'),
(3213, 113, 11, '2024-05-12 22:47:46', '2024-05-12 22:47:46'),
(3214, 113, 15, '2024-05-12 22:47:46', '2024-05-12 22:47:46'),
(3215, 113, 20, '2024-05-12 22:47:46', '2024-05-12 22:47:46'),
(3216, 113, 22, '2024-05-12 22:47:46', '2024-05-12 22:47:46'),
(3217, 113, 25, '2024-05-12 22:47:46', '2024-05-12 22:47:46'),
(3218, 113, 29, '2024-05-12 22:47:46', '2024-05-12 22:47:46'),
(3219, 113, 33, '2024-05-12 22:47:46', '2024-05-12 22:47:46'),
(3220, 113, 39, '2024-05-12 22:47:46', '2024-05-12 22:47:46'),
(3221, 113, 41, '2024-05-12 22:47:46', '2024-05-12 22:47:46'),
(3222, 113, 46, '2024-05-12 22:47:46', '2024-05-12 22:47:46'),
(3223, 113, 50, '2024-05-12 22:47:46', '2024-05-12 22:47:46'),
(3224, 113, 53, '2024-05-12 22:47:46', '2024-05-12 22:47:46'),
(3225, 113, 59, '2024-05-12 22:47:46', '2024-05-12 22:47:46'),
(3226, 113, 64, '2024-05-12 22:47:46', '2024-05-12 22:47:46'),
(3227, 113, 68, '2024-05-12 22:47:46', '2024-05-12 22:47:46'),
(3228, 113, 70, '2024-05-12 22:47:46', '2024-05-12 22:47:46'),
(3229, 113, 76, '2024-05-12 22:47:46', '2024-05-12 22:47:46'),
(3230, 113, 77, '2024-05-12 22:47:46', '2024-05-12 22:47:46'),
(3231, 113, 82, '2024-05-12 22:47:46', '2024-05-12 22:47:46'),
(3232, 113, 85, '2024-05-12 22:47:46', '2024-05-12 22:47:46'),
(3233, 113, 92, '2024-05-12 22:47:46', '2024-05-12 22:47:46'),
(3234, 113, 95, '2024-05-12 22:47:46', '2024-05-12 22:47:46'),
(3235, 113, 98, '2024-05-12 22:47:46', '2024-05-12 22:47:46'),
(3236, 113, 103, '2024-05-12 22:47:46', '2024-05-12 22:47:46'),
(3237, 113, 105, '2024-05-12 22:47:46', '2024-05-12 22:47:46'),
(3238, 113, 110, '2024-05-12 22:47:46', '2024-05-12 22:47:46'),
(3239, 113, 115, '2024-05-12 22:47:46', '2024-05-12 22:47:46'),
(3240, 113, 119, '2024-05-12 22:47:46', '2024-05-12 22:47:46'),
(3241, 114, 3, '2024-05-12 22:48:40', '2024-05-12 22:48:40'),
(3242, 114, 5, '2024-05-12 22:48:40', '2024-05-12 22:48:40'),
(3243, 114, 12, '2024-05-12 22:48:40', '2024-05-12 22:48:40'),
(3244, 114, 16, '2024-05-12 22:48:40', '2024-05-12 22:48:40'),
(3245, 114, 19, '2024-05-12 22:48:40', '2024-05-12 22:48:40'),
(3246, 114, 21, '2024-05-12 22:48:40', '2024-05-12 22:48:40'),
(3247, 114, 28, '2024-05-12 22:48:40', '2024-05-12 22:48:40'),
(3248, 114, 31, '2024-05-12 22:48:40', '2024-05-12 22:48:40'),
(3249, 114, 34, '2024-05-12 22:48:40', '2024-05-12 22:48:40'),
(3250, 114, 38, '2024-05-12 22:48:40', '2024-05-12 22:48:40'),
(3251, 114, 44, '2024-05-12 22:48:40', '2024-05-12 22:48:40'),
(3252, 114, 48, '2024-05-12 22:48:40', '2024-05-12 22:48:40'),
(3253, 114, 49, '2024-05-12 22:48:40', '2024-05-12 22:48:40'),
(3254, 114, 56, '2024-05-12 22:48:40', '2024-05-12 22:48:40'),
(3255, 114, 60, '2024-05-12 22:48:40', '2024-05-12 22:48:40'),
(3256, 114, 61, '2024-05-12 22:48:40', '2024-05-12 22:48:40'),
(3257, 114, 68, '2024-05-12 22:48:40', '2024-05-12 22:48:40'),
(3258, 114, 72, '2024-05-12 22:48:40', '2024-05-12 22:48:40'),
(3259, 114, 76, '2024-05-12 22:48:40', '2024-05-12 22:48:40'),
(3260, 114, 79, '2024-05-12 22:48:40', '2024-05-12 22:48:40'),
(3261, 114, 84, '2024-05-12 22:48:40', '2024-05-12 22:48:40'),
(3262, 114, 88, '2024-05-12 22:48:40', '2024-05-12 22:48:40'),
(3263, 114, 92, '2024-05-12 22:48:40', '2024-05-12 22:48:40'),
(3264, 114, 95, '2024-05-12 22:48:40', '2024-05-12 22:48:40'),
(3265, 114, 99, '2024-05-12 22:48:40', '2024-05-12 22:48:40'),
(3266, 114, 101, '2024-05-12 22:48:40', '2024-05-12 22:48:40'),
(3267, 114, 106, '2024-05-12 22:48:40', '2024-05-12 22:48:40'),
(3268, 114, 109, '2024-05-12 22:48:40', '2024-05-12 22:48:40'),
(3269, 114, 114, '2024-05-12 22:48:40', '2024-05-12 22:48:40'),
(3270, 114, 117, '2024-05-12 22:48:40', '2024-05-12 22:48:40'),
(3271, 115, 4, '2024-05-12 22:48:41', '2024-05-12 22:48:41'),
(3272, 115, 5, '2024-05-12 22:48:41', '2024-05-12 22:48:41'),
(3273, 115, 9, '2024-05-12 22:48:41', '2024-05-12 22:48:41'),
(3274, 115, 14, '2024-05-12 22:48:41', '2024-05-12 22:48:41'),
(3275, 115, 20, '2024-05-12 22:48:41', '2024-05-12 22:48:41'),
(3276, 115, 21, '2024-05-12 22:48:41', '2024-05-12 22:48:41'),
(3277, 115, 25, '2024-05-12 22:48:41', '2024-05-12 22:48:41'),
(3278, 115, 31, '2024-05-12 22:48:41', '2024-05-12 22:48:41'),
(3279, 115, 35, '2024-05-12 22:48:41', '2024-05-12 22:48:41'),
(3280, 115, 39, '2024-05-12 22:48:41', '2024-05-12 22:48:41'),
(3281, 115, 41, '2024-05-12 22:48:41', '2024-05-12 22:48:41'),
(3282, 115, 46, '2024-05-12 22:48:41', '2024-05-12 22:48:41'),
(3283, 115, 52, '2024-05-12 22:48:41', '2024-05-12 22:48:41'),
(3284, 115, 54, '2024-05-12 22:48:41', '2024-05-12 22:48:41'),
(3285, 115, 58, '2024-05-12 22:48:41', '2024-05-12 22:48:41'),
(3286, 115, 61, '2024-05-12 22:48:41', '2024-05-12 22:48:41'),
(3287, 115, 68, '2024-05-12 22:48:41', '2024-05-12 22:48:41'),
(3288, 115, 70, '2024-05-12 22:48:41', '2024-05-12 22:48:41'),
(3289, 115, 76, '2024-05-12 22:48:41', '2024-05-12 22:48:41'),
(3290, 115, 80, '2024-05-12 22:48:41', '2024-05-12 22:48:41'),
(3291, 115, 81, '2024-05-12 22:48:41', '2024-05-12 22:48:41'),
(3292, 115, 88, '2024-05-12 22:48:41', '2024-05-12 22:48:41'),
(3293, 115, 91, '2024-05-12 22:48:41', '2024-05-12 22:48:41'),
(3294, 115, 96, '2024-05-12 22:48:41', '2024-05-12 22:48:41'),
(3295, 115, 99, '2024-05-12 22:48:41', '2024-05-12 22:48:41'),
(3296, 115, 104, '2024-05-12 22:48:41', '2024-05-12 22:48:41'),
(3297, 115, 106, '2024-05-12 22:48:41', '2024-05-12 22:48:41'),
(3298, 115, 110, '2024-05-12 22:48:41', '2024-05-12 22:48:41'),
(3299, 115, 115, '2024-05-12 22:48:41', '2024-05-12 22:48:41'),
(3300, 115, 117, '2024-05-12 22:48:41', '2024-05-12 22:48:41'),
(3301, 116, 4, '2024-05-12 22:48:41', '2024-05-12 22:48:41'),
(3302, 116, 8, '2024-05-12 22:48:41', '2024-05-12 22:48:41'),
(3303, 116, 10, '2024-05-12 22:48:41', '2024-05-12 22:48:41'),
(3304, 116, 16, '2024-05-12 22:48:41', '2024-05-12 22:48:41'),
(3305, 116, 20, '2024-05-12 22:48:41', '2024-05-12 22:48:41'),
(3306, 116, 21, '2024-05-12 22:48:41', '2024-05-12 22:48:41'),
(3307, 116, 27, '2024-05-12 22:48:41', '2024-05-12 22:48:41'),
(3308, 116, 31, '2024-05-12 22:48:41', '2024-05-12 22:48:41'),
(3309, 116, 33, '2024-05-12 22:48:41', '2024-05-12 22:48:41'),
(3310, 116, 40, '2024-05-12 22:48:41', '2024-05-12 22:48:41'),
(3311, 116, 44, '2024-05-12 22:48:41', '2024-05-12 22:48:41'),
(3312, 116, 45, '2024-05-12 22:48:41', '2024-05-12 22:48:41'),
(3313, 116, 49, '2024-05-12 22:48:41', '2024-05-12 22:48:41'),
(3314, 116, 53, '2024-05-12 22:48:41', '2024-05-12 22:48:41'),
(3315, 116, 57, '2024-05-12 22:48:41', '2024-05-12 22:48:41'),
(3316, 116, 61, '2024-05-12 22:48:41', '2024-05-12 22:48:41'),
(3317, 116, 66, '2024-05-12 22:48:41', '2024-05-12 22:48:41'),
(3318, 116, 69, '2024-05-12 22:48:41', '2024-05-12 22:48:41'),
(3319, 116, 73, '2024-05-12 22:48:41', '2024-05-12 22:48:41'),
(3320, 116, 80, '2024-05-12 22:48:41', '2024-05-12 22:48:41'),
(3321, 116, 82, '2024-05-12 22:48:41', '2024-05-12 22:48:41'),
(3322, 116, 86, '2024-05-12 22:48:41', '2024-05-12 22:48:41'),
(3323, 116, 91, '2024-05-12 22:48:41', '2024-05-12 22:48:41'),
(3324, 116, 94, '2024-05-12 22:48:41', '2024-05-12 22:48:41'),
(3325, 116, 100, '2024-05-12 22:48:41', '2024-05-12 22:48:41'),
(3326, 116, 101, '2024-05-12 22:48:41', '2024-05-12 22:48:41'),
(3327, 116, 105, '2024-05-12 22:48:41', '2024-05-12 22:48:41'),
(3328, 116, 110, '2024-05-12 22:48:41', '2024-05-12 22:48:41'),
(3329, 116, 114, '2024-05-12 22:48:41', '2024-05-12 22:48:41'),
(3330, 116, 117, '2024-05-12 22:48:41', '2024-05-12 22:48:41'),
(3331, 117, 4, '2024-05-12 22:48:41', '2024-05-12 22:48:41'),
(3332, 117, 5, '2024-05-12 22:48:41', '2024-05-12 22:48:41');
INSERT INTO `penilaian_indikator` (`id_penilaian_indikator`, `id_penilaian`, `id_skala_indikator_detail`, `created_at`, `updated_at`) VALUES
(3333, 117, 10, '2024-05-12 22:48:41', '2024-05-12 22:48:41'),
(3334, 117, 14, '2024-05-12 22:48:41', '2024-05-12 22:48:41'),
(3335, 117, 17, '2024-05-12 22:48:41', '2024-05-12 22:48:41'),
(3336, 117, 22, '2024-05-12 22:48:41', '2024-05-12 22:48:41'),
(3337, 117, 27, '2024-05-12 22:48:41', '2024-05-12 22:48:41'),
(3338, 117, 31, '2024-05-12 22:48:41', '2024-05-12 22:48:41'),
(3339, 117, 34, '2024-05-12 22:48:41', '2024-05-12 22:48:41'),
(3340, 117, 38, '2024-05-12 22:48:41', '2024-05-12 22:48:41'),
(3341, 117, 42, '2024-05-12 22:48:41', '2024-05-12 22:48:41'),
(3342, 117, 48, '2024-05-12 22:48:41', '2024-05-12 22:48:41'),
(3343, 117, 50, '2024-05-12 22:48:41', '2024-05-12 22:48:41'),
(3344, 117, 55, '2024-05-12 22:48:41', '2024-05-12 22:48:41'),
(3345, 117, 59, '2024-05-12 22:48:41', '2024-05-12 22:48:41'),
(3346, 117, 62, '2024-05-12 22:48:41', '2024-05-12 22:48:41'),
(3347, 117, 67, '2024-05-12 22:48:41', '2024-05-12 22:48:41'),
(3348, 117, 72, '2024-05-12 22:48:41', '2024-05-12 22:48:41'),
(3349, 117, 74, '2024-05-12 22:48:41', '2024-05-12 22:48:41'),
(3350, 117, 77, '2024-05-12 22:48:41', '2024-05-12 22:48:41'),
(3351, 117, 83, '2024-05-12 22:48:41', '2024-05-12 22:48:41'),
(3352, 117, 85, '2024-05-12 22:48:41', '2024-05-12 22:48:41'),
(3353, 117, 90, '2024-05-12 22:48:41', '2024-05-12 22:48:41'),
(3354, 117, 94, '2024-05-12 22:48:41', '2024-05-12 22:48:41'),
(3355, 117, 97, '2024-05-12 22:48:41', '2024-05-12 22:48:41'),
(3356, 117, 101, '2024-05-12 22:48:41', '2024-05-12 22:48:41'),
(3357, 117, 107, '2024-05-12 22:48:41', '2024-05-12 22:48:41'),
(3358, 117, 110, '2024-05-12 22:48:41', '2024-05-12 22:48:41'),
(3359, 117, 114, '2024-05-12 22:48:41', '2024-05-12 22:48:41'),
(3360, 117, 117, '2024-05-12 22:48:41', '2024-05-12 22:48:41'),
(3361, 118, 1, '2024-05-12 22:48:41', '2024-05-12 22:48:41'),
(3362, 118, 6, '2024-05-12 22:48:41', '2024-05-12 22:48:41'),
(3363, 118, 12, '2024-05-12 22:48:41', '2024-05-12 22:48:41'),
(3364, 118, 14, '2024-05-12 22:48:41', '2024-05-12 22:48:41'),
(3365, 118, 18, '2024-05-12 22:48:41', '2024-05-12 22:48:41'),
(3366, 118, 22, '2024-05-12 22:48:41', '2024-05-12 22:48:41'),
(3367, 118, 27, '2024-05-12 22:48:41', '2024-05-12 22:48:41'),
(3368, 118, 32, '2024-05-12 22:48:41', '2024-05-12 22:48:41'),
(3369, 118, 36, '2024-05-12 22:48:41', '2024-05-12 22:48:41'),
(3370, 118, 37, '2024-05-12 22:48:41', '2024-05-12 22:48:41'),
(3371, 118, 44, '2024-05-12 22:48:41', '2024-05-12 22:48:41'),
(3372, 118, 47, '2024-05-12 22:48:41', '2024-05-12 22:48:41'),
(3373, 118, 49, '2024-05-12 22:48:41', '2024-05-12 22:48:41'),
(3374, 118, 53, '2024-05-12 22:48:41', '2024-05-12 22:48:41'),
(3375, 118, 58, '2024-05-12 22:48:41', '2024-05-12 22:48:41'),
(3376, 118, 64, '2024-05-12 22:48:41', '2024-05-12 22:48:41'),
(3377, 118, 67, '2024-05-12 22:48:41', '2024-05-12 22:48:41'),
(3378, 118, 69, '2024-05-12 22:48:41', '2024-05-12 22:48:41'),
(3379, 118, 73, '2024-05-12 22:48:41', '2024-05-12 22:48:41'),
(3380, 118, 80, '2024-05-12 22:48:41', '2024-05-12 22:48:41'),
(3381, 118, 81, '2024-05-12 22:48:41', '2024-05-12 22:48:41'),
(3382, 118, 85, '2024-05-12 22:48:41', '2024-05-12 22:48:41'),
(3383, 118, 89, '2024-05-12 22:48:41', '2024-05-12 22:48:41'),
(3384, 118, 95, '2024-05-12 22:48:41', '2024-05-12 22:48:41'),
(3385, 118, 98, '2024-05-12 22:48:41', '2024-05-12 22:48:41'),
(3386, 118, 103, '2024-05-12 22:48:41', '2024-05-12 22:48:41'),
(3387, 118, 105, '2024-05-12 22:48:41', '2024-05-12 22:48:41'),
(3388, 118, 111, '2024-05-12 22:48:41', '2024-05-12 22:48:41'),
(3389, 118, 116, '2024-05-12 22:48:41', '2024-05-12 22:48:41'),
(3390, 118, 118, '2024-05-12 22:48:41', '2024-05-12 22:48:41'),
(3391, 125, 2, '2024-05-12 22:53:20', '2024-05-12 22:53:20'),
(3392, 125, 8, '2024-05-12 22:53:20', '2024-05-12 22:53:20'),
(3393, 125, 12, '2024-05-12 22:53:20', '2024-05-12 22:53:20'),
(3394, 125, 13, '2024-05-12 22:53:20', '2024-05-12 22:53:20'),
(3395, 125, 19, '2024-05-12 22:53:20', '2024-05-12 22:53:20'),
(3396, 125, 21, '2024-05-12 22:53:20', '2024-05-12 22:53:20'),
(3397, 125, 26, '2024-05-12 22:53:20', '2024-05-12 22:53:20'),
(3398, 125, 29, '2024-05-12 22:53:20', '2024-05-12 22:53:20'),
(3399, 125, 35, '2024-05-12 22:53:20', '2024-05-12 22:53:20'),
(3400, 125, 37, '2024-05-12 22:53:20', '2024-05-12 22:53:20'),
(3401, 125, 43, '2024-05-12 22:53:20', '2024-05-12 22:53:20'),
(3402, 125, 47, '2024-05-12 22:53:20', '2024-05-12 22:53:20'),
(3403, 125, 51, '2024-05-12 22:53:20', '2024-05-12 22:53:20'),
(3404, 125, 56, '2024-05-12 22:53:20', '2024-05-12 22:53:20'),
(3405, 125, 59, '2024-05-12 22:53:20', '2024-05-12 22:53:20'),
(3406, 125, 64, '2024-05-12 22:53:20', '2024-05-12 22:53:20'),
(3407, 125, 65, '2024-05-12 22:53:20', '2024-05-12 22:53:20'),
(3408, 125, 70, '2024-05-12 22:53:20', '2024-05-12 22:53:20'),
(3409, 125, 75, '2024-05-12 22:53:20', '2024-05-12 22:53:20'),
(3410, 125, 79, '2024-05-12 22:53:20', '2024-05-12 22:53:20'),
(3411, 125, 81, '2024-05-12 22:53:20', '2024-05-12 22:53:20'),
(3412, 125, 87, '2024-05-12 22:53:20', '2024-05-12 22:53:20'),
(3413, 125, 89, '2024-05-12 22:53:20', '2024-05-12 22:53:20'),
(3414, 125, 93, '2024-05-12 22:53:20', '2024-05-12 22:53:20'),
(3415, 125, 100, '2024-05-12 22:53:20', '2024-05-12 22:53:20'),
(3416, 125, 101, '2024-05-12 22:53:20', '2024-05-12 22:53:20'),
(3417, 125, 106, '2024-05-12 22:53:20', '2024-05-12 22:53:20'),
(3418, 125, 112, '2024-05-12 22:53:20', '2024-05-12 22:53:20'),
(3419, 125, 114, '2024-05-12 22:53:20', '2024-05-12 22:53:20'),
(3420, 125, 119, '2024-05-12 22:53:20', '2024-05-12 22:53:20'),
(3421, 126, 3, '2024-05-12 22:53:20', '2024-05-12 22:53:20'),
(3422, 126, 6, '2024-05-12 22:53:20', '2024-05-12 22:53:20'),
(3423, 126, 12, '2024-05-12 22:53:20', '2024-05-12 22:53:20'),
(3424, 126, 15, '2024-05-12 22:53:20', '2024-05-12 22:53:20'),
(3425, 126, 19, '2024-05-12 22:53:20', '2024-05-12 22:53:20'),
(3426, 126, 23, '2024-05-12 22:53:20', '2024-05-12 22:53:20'),
(3427, 126, 26, '2024-05-12 22:53:20', '2024-05-12 22:53:20'),
(3428, 126, 30, '2024-05-12 22:53:20', '2024-05-12 22:53:20'),
(3429, 126, 33, '2024-05-12 22:53:20', '2024-05-12 22:53:20'),
(3430, 126, 40, '2024-05-12 22:53:20', '2024-05-12 22:53:20'),
(3431, 126, 41, '2024-05-12 22:53:20', '2024-05-12 22:53:20'),
(3432, 126, 47, '2024-05-12 22:53:20', '2024-05-12 22:53:20'),
(3433, 126, 51, '2024-05-12 22:53:20', '2024-05-12 22:53:20'),
(3434, 126, 53, '2024-05-12 22:53:20', '2024-05-12 22:53:20'),
(3435, 126, 59, '2024-05-12 22:53:20', '2024-05-12 22:53:20'),
(3436, 126, 61, '2024-05-12 22:53:20', '2024-05-12 22:53:20'),
(3437, 126, 68, '2024-05-12 22:53:20', '2024-05-12 22:53:20'),
(3438, 126, 72, '2024-05-12 22:53:20', '2024-05-12 22:53:20'),
(3439, 126, 75, '2024-05-12 22:53:20', '2024-05-12 22:53:20'),
(3440, 126, 78, '2024-05-12 22:53:20', '2024-05-12 22:53:20'),
(3441, 126, 81, '2024-05-12 22:53:20', '2024-05-12 22:53:20'),
(3442, 126, 88, '2024-05-12 22:53:20', '2024-05-12 22:53:20'),
(3443, 126, 89, '2024-05-12 22:53:20', '2024-05-12 22:53:20'),
(3444, 126, 94, '2024-05-12 22:53:20', '2024-05-12 22:53:20'),
(3445, 126, 99, '2024-05-12 22:53:20', '2024-05-12 22:53:20'),
(3446, 126, 103, '2024-05-12 22:53:20', '2024-05-12 22:53:20'),
(3447, 126, 108, '2024-05-12 22:53:20', '2024-05-12 22:53:20'),
(3448, 126, 112, '2024-05-12 22:53:20', '2024-05-12 22:53:20'),
(3449, 126, 115, '2024-05-12 22:53:20', '2024-05-12 22:53:20'),
(3450, 126, 117, '2024-05-12 22:53:20', '2024-05-12 22:53:20'),
(3451, 127, 4, '2024-05-12 22:53:20', '2024-05-12 22:53:20'),
(3452, 127, 5, '2024-05-12 22:53:20', '2024-05-12 22:53:20'),
(3453, 127, 9, '2024-05-12 22:53:20', '2024-05-12 22:53:20'),
(3454, 127, 16, '2024-05-12 22:53:20', '2024-05-12 22:53:20'),
(3455, 127, 17, '2024-05-12 22:53:20', '2024-05-12 22:53:20'),
(3456, 127, 21, '2024-05-12 22:53:20', '2024-05-12 22:53:20'),
(3457, 127, 25, '2024-05-12 22:53:20', '2024-05-12 22:53:20'),
(3458, 127, 29, '2024-05-12 22:53:20', '2024-05-12 22:53:20'),
(3459, 127, 34, '2024-05-12 22:53:20', '2024-05-12 22:53:20'),
(3460, 127, 39, '2024-05-12 22:53:20', '2024-05-12 22:53:20'),
(3461, 127, 41, '2024-05-12 22:53:20', '2024-05-12 22:53:20'),
(3462, 127, 46, '2024-05-12 22:53:20', '2024-05-12 22:53:20'),
(3463, 127, 50, '2024-05-12 22:53:20', '2024-05-12 22:53:20'),
(3464, 127, 54, '2024-05-12 22:53:20', '2024-05-12 22:53:20'),
(3465, 127, 60, '2024-05-12 22:53:20', '2024-05-12 22:53:20'),
(3466, 127, 64, '2024-05-12 22:53:20', '2024-05-12 22:53:20'),
(3467, 127, 67, '2024-05-12 22:53:20', '2024-05-12 22:53:20'),
(3468, 127, 69, '2024-05-12 22:53:20', '2024-05-12 22:53:20'),
(3469, 127, 76, '2024-05-12 22:53:20', '2024-05-12 22:53:20'),
(3470, 127, 80, '2024-05-12 22:53:20', '2024-05-12 22:53:20'),
(3471, 127, 84, '2024-05-12 22:53:20', '2024-05-12 22:53:20'),
(3472, 127, 88, '2024-05-12 22:53:20', '2024-05-12 22:53:20'),
(3473, 127, 92, '2024-05-12 22:53:20', '2024-05-12 22:53:20'),
(3474, 127, 94, '2024-05-12 22:53:20', '2024-05-12 22:53:20'),
(3475, 127, 99, '2024-05-12 22:53:20', '2024-05-12 22:53:20'),
(3476, 127, 104, '2024-05-12 22:53:20', '2024-05-12 22:53:20'),
(3477, 127, 108, '2024-05-12 22:53:20', '2024-05-12 22:53:20'),
(3478, 127, 111, '2024-05-12 22:53:20', '2024-05-12 22:53:20'),
(3479, 127, 116, '2024-05-12 22:53:20', '2024-05-12 22:53:20'),
(3480, 127, 120, '2024-05-12 22:53:20', '2024-05-12 22:53:20'),
(3481, 128, 1, '2024-05-12 22:53:20', '2024-05-12 22:53:20'),
(3482, 128, 6, '2024-05-12 22:53:20', '2024-05-12 22:53:20'),
(3483, 128, 9, '2024-05-12 22:53:20', '2024-05-12 22:53:20'),
(3484, 128, 13, '2024-05-12 22:53:20', '2024-05-12 22:53:20'),
(3485, 128, 18, '2024-05-12 22:53:20', '2024-05-12 22:53:20'),
(3486, 128, 23, '2024-05-12 22:53:20', '2024-05-12 22:53:20'),
(3487, 128, 26, '2024-05-12 22:53:20', '2024-05-12 22:53:20'),
(3488, 128, 31, '2024-05-12 22:53:20', '2024-05-12 22:53:20'),
(3489, 128, 34, '2024-05-12 22:53:20', '2024-05-12 22:53:20'),
(3490, 128, 37, '2024-05-12 22:53:20', '2024-05-12 22:53:20'),
(3491, 128, 41, '2024-05-12 22:53:20', '2024-05-12 22:53:20'),
(3492, 128, 46, '2024-05-12 22:53:20', '2024-05-12 22:53:20'),
(3493, 128, 52, '2024-05-12 22:53:20', '2024-05-12 22:53:20'),
(3494, 128, 53, '2024-05-12 22:53:20', '2024-05-12 22:53:20'),
(3495, 128, 60, '2024-05-12 22:53:20', '2024-05-12 22:53:20'),
(3496, 128, 63, '2024-05-12 22:53:20', '2024-05-12 22:53:20'),
(3497, 128, 67, '2024-05-12 22:53:20', '2024-05-12 22:53:20'),
(3498, 128, 69, '2024-05-12 22:53:20', '2024-05-12 22:53:20'),
(3499, 128, 75, '2024-05-12 22:53:20', '2024-05-12 22:53:20'),
(3500, 128, 77, '2024-05-12 22:53:20', '2024-05-12 22:53:20'),
(3501, 128, 83, '2024-05-12 22:53:20', '2024-05-12 22:53:20'),
(3502, 128, 86, '2024-05-12 22:53:20', '2024-05-12 22:53:20'),
(3503, 128, 89, '2024-05-12 22:53:20', '2024-05-12 22:53:20'),
(3504, 128, 94, '2024-05-12 22:53:20', '2024-05-12 22:53:20'),
(3505, 128, 100, '2024-05-12 22:53:20', '2024-05-12 22:53:20'),
(3506, 128, 104, '2024-05-12 22:53:20', '2024-05-12 22:53:20'),
(3507, 128, 106, '2024-05-12 22:53:20', '2024-05-12 22:53:20'),
(3508, 128, 112, '2024-05-12 22:53:20', '2024-05-12 22:53:20'),
(3509, 128, 115, '2024-05-12 22:53:20', '2024-05-12 22:53:20'),
(3510, 128, 120, '2024-05-12 22:53:20', '2024-05-12 22:53:20'),
(3511, 129, 4, '2024-05-12 22:53:20', '2024-05-12 22:53:20'),
(3512, 129, 7, '2024-05-12 22:53:20', '2024-05-12 22:53:20'),
(3513, 129, 12, '2024-05-12 22:53:20', '2024-05-12 22:53:20'),
(3514, 129, 14, '2024-05-12 22:53:20', '2024-05-12 22:53:20'),
(3515, 129, 17, '2024-05-12 22:53:20', '2024-05-12 22:53:20'),
(3516, 129, 21, '2024-05-12 22:53:20', '2024-05-12 22:53:20'),
(3517, 129, 28, '2024-05-12 22:53:20', '2024-05-12 22:53:20'),
(3518, 129, 29, '2024-05-12 22:53:20', '2024-05-12 22:53:20'),
(3519, 129, 35, '2024-05-12 22:53:20', '2024-05-12 22:53:20'),
(3520, 129, 38, '2024-05-12 22:53:20', '2024-05-12 22:53:20'),
(3521, 129, 43, '2024-05-12 22:53:20', '2024-05-12 22:53:20'),
(3522, 129, 48, '2024-05-12 22:53:20', '2024-05-12 22:53:20'),
(3523, 129, 50, '2024-05-12 22:53:20', '2024-05-12 22:53:20'),
(3524, 129, 55, '2024-05-12 22:53:20', '2024-05-12 22:53:20'),
(3525, 129, 57, '2024-05-12 22:53:20', '2024-05-12 22:53:20'),
(3526, 129, 61, '2024-05-12 22:53:20', '2024-05-12 22:53:20'),
(3527, 129, 67, '2024-05-12 22:53:20', '2024-05-12 22:53:20'),
(3528, 129, 70, '2024-05-12 22:53:20', '2024-05-12 22:53:20'),
(3529, 129, 75, '2024-05-12 22:53:20', '2024-05-12 22:53:20'),
(3530, 129, 77, '2024-05-12 22:53:20', '2024-05-12 22:53:20'),
(3531, 129, 82, '2024-05-12 22:53:20', '2024-05-12 22:53:20'),
(3532, 129, 88, '2024-05-12 22:53:20', '2024-05-12 22:53:20'),
(3533, 129, 90, '2024-05-12 22:53:20', '2024-05-12 22:53:20'),
(3534, 129, 94, '2024-05-12 22:53:20', '2024-05-12 22:53:20'),
(3535, 129, 99, '2024-05-12 22:53:20', '2024-05-12 22:53:20'),
(3536, 129, 103, '2024-05-12 22:53:20', '2024-05-12 22:53:20'),
(3537, 129, 107, '2024-05-12 22:53:20', '2024-05-12 22:53:20'),
(3538, 129, 110, '2024-05-12 22:53:20', '2024-05-12 22:53:20'),
(3539, 129, 116, '2024-05-12 22:53:20', '2024-05-12 22:53:20'),
(3540, 129, 119, '2024-05-12 22:53:20', '2024-05-12 22:53:20'),
(3541, 130, 1, '2024-05-12 22:53:20', '2024-05-12 22:53:20'),
(3542, 130, 7, '2024-05-12 22:53:20', '2024-05-12 22:53:20'),
(3543, 130, 10, '2024-05-12 22:53:20', '2024-05-12 22:53:20'),
(3544, 130, 16, '2024-05-12 22:53:20', '2024-05-12 22:53:20'),
(3545, 130, 20, '2024-05-12 22:53:20', '2024-05-12 22:53:20'),
(3546, 130, 21, '2024-05-12 22:53:20', '2024-05-12 22:53:20'),
(3547, 130, 26, '2024-05-12 22:53:20', '2024-05-12 22:53:20'),
(3548, 130, 31, '2024-05-12 22:53:20', '2024-05-12 22:53:20'),
(3549, 130, 35, '2024-05-12 22:53:20', '2024-05-12 22:53:20'),
(3550, 130, 37, '2024-05-12 22:53:20', '2024-05-12 22:53:20'),
(3551, 130, 43, '2024-05-12 22:53:20', '2024-05-12 22:53:20'),
(3552, 130, 46, '2024-05-12 22:53:20', '2024-05-12 22:53:20'),
(3553, 130, 52, '2024-05-12 22:53:20', '2024-05-12 22:53:20'),
(3554, 130, 56, '2024-05-12 22:53:20', '2024-05-12 22:53:20'),
(3555, 130, 57, '2024-05-12 22:53:20', '2024-05-12 22:53:20'),
(3556, 130, 61, '2024-05-12 22:53:20', '2024-05-12 22:53:20'),
(3557, 130, 67, '2024-05-12 22:53:20', '2024-05-12 22:53:20'),
(3558, 130, 70, '2024-05-12 22:53:20', '2024-05-12 22:53:20'),
(3559, 130, 75, '2024-05-12 22:53:20', '2024-05-12 22:53:20'),
(3560, 130, 77, '2024-05-12 22:53:20', '2024-05-12 22:53:20'),
(3561, 130, 81, '2024-05-12 22:53:20', '2024-05-12 22:53:20'),
(3562, 130, 85, '2024-05-12 22:53:20', '2024-05-12 22:53:20'),
(3563, 130, 90, '2024-05-12 22:53:20', '2024-05-12 22:53:20'),
(3564, 130, 94, '2024-05-12 22:53:20', '2024-05-12 22:53:20'),
(3565, 130, 97, '2024-05-12 22:53:20', '2024-05-12 22:53:20'),
(3566, 130, 102, '2024-05-12 22:53:20', '2024-05-12 22:53:20'),
(3567, 130, 108, '2024-05-12 22:53:20', '2024-05-12 22:53:20'),
(3568, 130, 112, '2024-05-12 22:53:20', '2024-05-12 22:53:20'),
(3569, 130, 113, '2024-05-12 22:53:20', '2024-05-12 22:53:20'),
(3570, 130, 118, '2024-05-12 22:53:20', '2024-05-12 22:53:20'),
(3571, 131, 4, '2024-05-12 22:54:27', '2024-05-12 22:54:27'),
(3572, 131, 7, '2024-05-12 22:54:27', '2024-05-12 22:54:27'),
(3573, 131, 9, '2024-05-12 22:54:27', '2024-05-12 22:54:27'),
(3574, 131, 13, '2024-05-12 22:54:27', '2024-05-12 22:54:27'),
(3575, 131, 19, '2024-05-12 22:54:27', '2024-05-12 22:54:27'),
(3576, 131, 22, '2024-05-12 22:54:27', '2024-05-12 22:54:27'),
(3577, 131, 28, '2024-05-12 22:54:27', '2024-05-12 22:54:27'),
(3578, 131, 31, '2024-05-12 22:54:27', '2024-05-12 22:54:27'),
(3579, 131, 35, '2024-05-12 22:54:27', '2024-05-12 22:54:27'),
(3580, 131, 39, '2024-05-12 22:54:27', '2024-05-12 22:54:27'),
(3581, 131, 43, '2024-05-12 22:54:27', '2024-05-12 22:54:27'),
(3582, 131, 48, '2024-05-12 22:54:27', '2024-05-12 22:54:27'),
(3583, 131, 51, '2024-05-12 22:54:27', '2024-05-12 22:54:27'),
(3584, 131, 54, '2024-05-12 22:54:27', '2024-05-12 22:54:27'),
(3585, 131, 60, '2024-05-12 22:54:27', '2024-05-12 22:54:27'),
(3586, 131, 62, '2024-05-12 22:54:27', '2024-05-12 22:54:27'),
(3587, 131, 67, '2024-05-12 22:54:27', '2024-05-12 22:54:27'),
(3588, 131, 72, '2024-05-12 22:54:27', '2024-05-12 22:54:27'),
(3589, 131, 73, '2024-05-12 22:54:27', '2024-05-12 22:54:27'),
(3590, 131, 79, '2024-05-12 22:54:27', '2024-05-12 22:54:27'),
(3591, 131, 82, '2024-05-12 22:54:27', '2024-05-12 22:54:27'),
(3592, 131, 85, '2024-05-12 22:54:27', '2024-05-12 22:54:27'),
(3593, 131, 91, '2024-05-12 22:54:27', '2024-05-12 22:54:27'),
(3594, 131, 95, '2024-05-12 22:54:27', '2024-05-12 22:54:27'),
(3595, 131, 100, '2024-05-12 22:54:27', '2024-05-12 22:54:27'),
(3596, 131, 103, '2024-05-12 22:54:27', '2024-05-12 22:54:27'),
(3597, 131, 106, '2024-05-12 22:54:27', '2024-05-12 22:54:27'),
(3598, 131, 112, '2024-05-12 22:54:27', '2024-05-12 22:54:27'),
(3599, 131, 116, '2024-05-12 22:54:27', '2024-05-12 22:54:27'),
(3600, 131, 119, '2024-05-12 22:54:27', '2024-05-12 22:54:27'),
(3601, 132, 2, '2024-05-12 22:54:27', '2024-05-12 22:54:27'),
(3602, 132, 7, '2024-05-12 22:54:27', '2024-05-12 22:54:27'),
(3603, 132, 10, '2024-05-12 22:54:27', '2024-05-12 22:54:27'),
(3604, 132, 15, '2024-05-12 22:54:27', '2024-05-12 22:54:27'),
(3605, 132, 20, '2024-05-12 22:54:27', '2024-05-12 22:54:27'),
(3606, 132, 21, '2024-05-12 22:54:27', '2024-05-12 22:54:27'),
(3607, 132, 28, '2024-05-12 22:54:27', '2024-05-12 22:54:27'),
(3608, 132, 30, '2024-05-12 22:54:27', '2024-05-12 22:54:27'),
(3609, 132, 33, '2024-05-12 22:54:27', '2024-05-12 22:54:27'),
(3610, 132, 38, '2024-05-12 22:54:27', '2024-05-12 22:54:27'),
(3611, 132, 44, '2024-05-12 22:54:27', '2024-05-12 22:54:27'),
(3612, 132, 46, '2024-05-12 22:54:27', '2024-05-12 22:54:27'),
(3613, 132, 52, '2024-05-12 22:54:27', '2024-05-12 22:54:27'),
(3614, 132, 54, '2024-05-12 22:54:27', '2024-05-12 22:54:27'),
(3615, 132, 57, '2024-05-12 22:54:27', '2024-05-12 22:54:27'),
(3616, 132, 63, '2024-05-12 22:54:27', '2024-05-12 22:54:27'),
(3617, 132, 68, '2024-05-12 22:54:27', '2024-05-12 22:54:27'),
(3618, 132, 69, '2024-05-12 22:54:27', '2024-05-12 22:54:27'),
(3619, 132, 76, '2024-05-12 22:54:27', '2024-05-12 22:54:27'),
(3620, 132, 79, '2024-05-12 22:54:27', '2024-05-12 22:54:27'),
(3621, 132, 81, '2024-05-12 22:54:27', '2024-05-12 22:54:27'),
(3622, 132, 88, '2024-05-12 22:54:27', '2024-05-12 22:54:27'),
(3623, 132, 90, '2024-05-12 22:54:27', '2024-05-12 22:54:27'),
(3624, 132, 96, '2024-05-12 22:54:27', '2024-05-12 22:54:27'),
(3625, 132, 98, '2024-05-12 22:54:27', '2024-05-12 22:54:27'),
(3626, 132, 102, '2024-05-12 22:54:27', '2024-05-12 22:54:27'),
(3627, 132, 105, '2024-05-12 22:54:27', '2024-05-12 22:54:27'),
(3628, 132, 109, '2024-05-12 22:54:27', '2024-05-12 22:54:27'),
(3629, 132, 114, '2024-05-12 22:54:27', '2024-05-12 22:54:27'),
(3630, 132, 118, '2024-05-12 22:54:27', '2024-05-12 22:54:27'),
(3631, 133, 2, '2024-05-12 22:54:27', '2024-05-12 22:54:27'),
(3632, 133, 8, '2024-05-12 22:54:27', '2024-05-12 22:54:27'),
(3633, 133, 10, '2024-05-12 22:54:27', '2024-05-12 22:54:27'),
(3634, 133, 15, '2024-05-12 22:54:27', '2024-05-12 22:54:27'),
(3635, 133, 19, '2024-05-12 22:54:27', '2024-05-12 22:54:27'),
(3636, 133, 23, '2024-05-12 22:54:27', '2024-05-12 22:54:27'),
(3637, 133, 27, '2024-05-12 22:54:27', '2024-05-12 22:54:27'),
(3638, 133, 29, '2024-05-12 22:54:27', '2024-05-12 22:54:27'),
(3639, 133, 34, '2024-05-12 22:54:27', '2024-05-12 22:54:27'),
(3640, 133, 40, '2024-05-12 22:54:27', '2024-05-12 22:54:27'),
(3641, 133, 42, '2024-05-12 22:54:27', '2024-05-12 22:54:27'),
(3642, 133, 46, '2024-05-12 22:54:27', '2024-05-12 22:54:27'),
(3643, 133, 52, '2024-05-12 22:54:27', '2024-05-12 22:54:27'),
(3644, 133, 54, '2024-05-12 22:54:27', '2024-05-12 22:54:27'),
(3645, 133, 60, '2024-05-12 22:54:27', '2024-05-12 22:54:27'),
(3646, 133, 63, '2024-05-12 22:54:27', '2024-05-12 22:54:27'),
(3647, 133, 65, '2024-05-12 22:54:27', '2024-05-12 22:54:27'),
(3648, 133, 69, '2024-05-12 22:54:27', '2024-05-12 22:54:27'),
(3649, 133, 73, '2024-05-12 22:54:27', '2024-05-12 22:54:27'),
(3650, 133, 77, '2024-05-12 22:54:27', '2024-05-12 22:54:27'),
(3651, 133, 83, '2024-05-12 22:54:27', '2024-05-12 22:54:27'),
(3652, 133, 86, '2024-05-12 22:54:27', '2024-05-12 22:54:27'),
(3653, 133, 90, '2024-05-12 22:54:27', '2024-05-12 22:54:27'),
(3654, 133, 94, '2024-05-12 22:54:27', '2024-05-12 22:54:27'),
(3655, 133, 100, '2024-05-12 22:54:27', '2024-05-12 22:54:27'),
(3656, 133, 104, '2024-05-12 22:54:27', '2024-05-12 22:54:27'),
(3657, 133, 107, '2024-05-12 22:54:27', '2024-05-12 22:54:27'),
(3658, 133, 109, '2024-05-12 22:54:27', '2024-05-12 22:54:27'),
(3659, 133, 115, '2024-05-12 22:54:27', '2024-05-12 22:54:27'),
(3660, 133, 119, '2024-05-12 22:54:27', '2024-05-12 22:54:27'),
(3661, 134, 4, '2024-05-12 22:54:27', '2024-05-12 22:54:27'),
(3662, 134, 7, '2024-05-12 22:54:27', '2024-05-12 22:54:27'),
(3663, 134, 10, '2024-05-12 22:54:27', '2024-05-12 22:54:27'),
(3664, 134, 13, '2024-05-12 22:54:27', '2024-05-12 22:54:27'),
(3665, 134, 17, '2024-05-12 22:54:27', '2024-05-12 22:54:27'),
(3666, 134, 22, '2024-05-12 22:54:27', '2024-05-12 22:54:27'),
(3667, 134, 26, '2024-05-12 22:54:27', '2024-05-12 22:54:27'),
(3668, 134, 30, '2024-05-12 22:54:27', '2024-05-12 22:54:27'),
(3669, 134, 36, '2024-05-12 22:54:27', '2024-05-12 22:54:27'),
(3670, 134, 38, '2024-05-12 22:54:27', '2024-05-12 22:54:27'),
(3671, 134, 42, '2024-05-12 22:54:27', '2024-05-12 22:54:27'),
(3672, 134, 45, '2024-05-12 22:54:27', '2024-05-12 22:54:27'),
(3673, 134, 50, '2024-05-12 22:54:27', '2024-05-12 22:54:27'),
(3674, 134, 53, '2024-05-12 22:54:27', '2024-05-12 22:54:27'),
(3675, 134, 57, '2024-05-12 22:54:27', '2024-05-12 22:54:27'),
(3676, 134, 61, '2024-05-12 22:54:27', '2024-05-12 22:54:27'),
(3677, 134, 67, '2024-05-12 22:54:27', '2024-05-12 22:54:27'),
(3678, 134, 71, '2024-05-12 22:54:27', '2024-05-12 22:54:27'),
(3679, 134, 76, '2024-05-12 22:54:27', '2024-05-12 22:54:27'),
(3680, 134, 80, '2024-05-12 22:54:27', '2024-05-12 22:54:27'),
(3681, 134, 82, '2024-05-12 22:54:27', '2024-05-12 22:54:27'),
(3682, 134, 88, '2024-05-12 22:54:27', '2024-05-12 22:54:27'),
(3683, 134, 90, '2024-05-12 22:54:27', '2024-05-12 22:54:27'),
(3684, 134, 94, '2024-05-12 22:54:27', '2024-05-12 22:54:27'),
(3685, 134, 99, '2024-05-12 22:54:27', '2024-05-12 22:54:27'),
(3686, 134, 101, '2024-05-12 22:54:27', '2024-05-12 22:54:27'),
(3687, 134, 108, '2024-05-12 22:54:27', '2024-05-12 22:54:27'),
(3688, 134, 111, '2024-05-12 22:54:27', '2024-05-12 22:54:27'),
(3689, 134, 115, '2024-05-12 22:54:27', '2024-05-12 22:54:27'),
(3690, 134, 119, '2024-05-12 22:54:27', '2024-05-12 22:54:27'),
(3691, 135, 4, '2024-05-12 22:54:27', '2024-05-12 22:54:27'),
(3692, 135, 6, '2024-05-12 22:54:27', '2024-05-12 22:54:27'),
(3693, 135, 12, '2024-05-12 22:54:27', '2024-05-12 22:54:27'),
(3694, 135, 15, '2024-05-12 22:54:27', '2024-05-12 22:54:27'),
(3695, 135, 18, '2024-05-12 22:54:27', '2024-05-12 22:54:27'),
(3696, 135, 23, '2024-05-12 22:54:27', '2024-05-12 22:54:27'),
(3697, 135, 28, '2024-05-12 22:54:27', '2024-05-12 22:54:27'),
(3698, 135, 29, '2024-05-12 22:54:27', '2024-05-12 22:54:27'),
(3699, 135, 35, '2024-05-12 22:54:27', '2024-05-12 22:54:27'),
(3700, 135, 40, '2024-05-12 22:54:27', '2024-05-12 22:54:27'),
(3701, 135, 43, '2024-05-12 22:54:27', '2024-05-12 22:54:27'),
(3702, 135, 48, '2024-05-12 22:54:27', '2024-05-12 22:54:27'),
(3703, 135, 51, '2024-05-12 22:54:27', '2024-05-12 22:54:27'),
(3704, 135, 55, '2024-05-12 22:54:27', '2024-05-12 22:54:27'),
(3705, 135, 58, '2024-05-12 22:54:27', '2024-05-12 22:54:27'),
(3706, 135, 64, '2024-05-12 22:54:27', '2024-05-12 22:54:27'),
(3707, 135, 65, '2024-05-12 22:54:27', '2024-05-12 22:54:27'),
(3708, 135, 71, '2024-05-12 22:54:27', '2024-05-12 22:54:27'),
(3709, 135, 76, '2024-05-12 22:54:27', '2024-05-12 22:54:27'),
(3710, 135, 78, '2024-05-12 22:54:27', '2024-05-12 22:54:27'),
(3711, 135, 81, '2024-05-12 22:54:27', '2024-05-12 22:54:27'),
(3712, 135, 87, '2024-05-12 22:54:27', '2024-05-12 22:54:27'),
(3713, 135, 92, '2024-05-12 22:54:27', '2024-05-12 22:54:27'),
(3714, 135, 94, '2024-05-12 22:54:27', '2024-05-12 22:54:27'),
(3715, 135, 100, '2024-05-12 22:54:27', '2024-05-12 22:54:27'),
(3716, 135, 101, '2024-05-12 22:54:27', '2024-05-12 22:54:27'),
(3717, 135, 107, '2024-05-12 22:54:27', '2024-05-12 22:54:27'),
(3718, 135, 112, '2024-05-12 22:54:27', '2024-05-12 22:54:27'),
(3719, 135, 116, '2024-05-12 22:54:27', '2024-05-12 22:54:27'),
(3720, 135, 117, '2024-05-12 22:54:27', '2024-05-12 22:54:27'),
(3721, 136, 2, '2024-05-12 22:54:27', '2024-05-12 22:54:27'),
(3722, 136, 8, '2024-05-12 22:54:27', '2024-05-12 22:54:27'),
(3723, 136, 10, '2024-05-12 22:54:27', '2024-05-12 22:54:27'),
(3724, 136, 13, '2024-05-12 22:54:27', '2024-05-12 22:54:27'),
(3725, 136, 19, '2024-05-12 22:54:27', '2024-05-12 22:54:27'),
(3726, 136, 21, '2024-05-12 22:54:27', '2024-05-12 22:54:27'),
(3727, 136, 27, '2024-05-12 22:54:27', '2024-05-12 22:54:27'),
(3728, 136, 30, '2024-05-12 22:54:27', '2024-05-12 22:54:27'),
(3729, 136, 35, '2024-05-12 22:54:27', '2024-05-12 22:54:27'),
(3730, 136, 38, '2024-05-12 22:54:27', '2024-05-12 22:54:27'),
(3731, 136, 43, '2024-05-12 22:54:27', '2024-05-12 22:54:27'),
(3732, 136, 47, '2024-05-12 22:54:27', '2024-05-12 22:54:27'),
(3733, 136, 50, '2024-05-12 22:54:27', '2024-05-12 22:54:27'),
(3734, 136, 54, '2024-05-12 22:54:27', '2024-05-12 22:54:27'),
(3735, 136, 59, '2024-05-12 22:54:27', '2024-05-12 22:54:27'),
(3736, 136, 62, '2024-05-12 22:54:27', '2024-05-12 22:54:27'),
(3737, 136, 68, '2024-05-12 22:54:27', '2024-05-12 22:54:27'),
(3738, 136, 71, '2024-05-12 22:54:27', '2024-05-12 22:54:27'),
(3739, 136, 74, '2024-05-12 22:54:27', '2024-05-12 22:54:27'),
(3740, 136, 79, '2024-05-12 22:54:27', '2024-05-12 22:54:27'),
(3741, 136, 81, '2024-05-12 22:54:27', '2024-05-12 22:54:27'),
(3742, 136, 88, '2024-05-12 22:54:27', '2024-05-12 22:54:27'),
(3743, 136, 91, '2024-05-12 22:54:27', '2024-05-12 22:54:27'),
(3744, 136, 93, '2024-05-12 22:54:27', '2024-05-12 22:54:27'),
(3745, 136, 100, '2024-05-12 22:54:27', '2024-05-12 22:54:27'),
(3746, 136, 102, '2024-05-12 22:54:27', '2024-05-12 22:54:27'),
(3747, 136, 106, '2024-05-12 22:54:27', '2024-05-12 22:54:27'),
(3748, 136, 110, '2024-05-12 22:54:27', '2024-05-12 22:54:27'),
(3749, 136, 114, '2024-05-12 22:54:27', '2024-05-12 22:54:27'),
(3750, 136, 120, '2024-05-12 22:54:27', '2024-05-12 22:54:27'),
(3751, 137, 2, '2024-05-13 00:07:39', '2024-05-13 00:07:39'),
(3752, 137, 7, '2024-05-13 00:07:39', '2024-05-13 00:07:39'),
(3753, 137, 12, '2024-05-13 00:07:39', '2024-05-13 00:07:39'),
(3754, 137, 16, '2024-05-13 00:07:39', '2024-05-13 00:07:39'),
(3755, 137, 20, '2024-05-13 00:07:39', '2024-05-13 00:07:39'),
(3756, 137, 23, '2024-05-13 00:07:39', '2024-05-13 00:07:39'),
(3757, 137, 25, '2024-05-13 00:07:39', '2024-05-13 00:07:39'),
(3758, 137, 31, '2024-05-13 00:07:39', '2024-05-13 00:07:39'),
(3759, 137, 36, '2024-05-13 00:07:39', '2024-05-13 00:07:39'),
(3760, 137, 38, '2024-05-13 00:07:39', '2024-05-13 00:07:39'),
(3761, 137, 44, '2024-05-13 00:07:39', '2024-05-13 00:07:39'),
(3762, 137, 48, '2024-05-13 00:07:39', '2024-05-13 00:07:39'),
(3763, 137, 52, '2024-05-13 00:07:39', '2024-05-13 00:07:39'),
(3764, 137, 54, '2024-05-13 00:07:39', '2024-05-13 00:07:39'),
(3765, 137, 58, '2024-05-13 00:07:39', '2024-05-13 00:07:39'),
(3766, 137, 62, '2024-05-13 00:07:39', '2024-05-13 00:07:39'),
(3767, 137, 66, '2024-05-13 00:07:39', '2024-05-13 00:07:39'),
(3768, 137, 71, '2024-05-13 00:07:39', '2024-05-13 00:07:39'),
(3769, 137, 75, '2024-05-13 00:07:39', '2024-05-13 00:07:39'),
(3770, 137, 78, '2024-05-13 00:07:39', '2024-05-13 00:07:39'),
(3771, 137, 81, '2024-05-13 00:07:39', '2024-05-13 00:07:39'),
(3772, 137, 88, '2024-05-13 00:07:39', '2024-05-13 00:07:39'),
(3773, 137, 89, '2024-05-13 00:07:39', '2024-05-13 00:07:39'),
(3774, 137, 94, '2024-05-13 00:07:39', '2024-05-13 00:07:39'),
(3775, 137, 97, '2024-05-13 00:07:39', '2024-05-13 00:07:39'),
(3776, 137, 102, '2024-05-13 00:07:39', '2024-05-13 00:07:39'),
(3777, 137, 105, '2024-05-13 00:07:39', '2024-05-13 00:07:39'),
(3778, 137, 111, '2024-05-13 00:07:39', '2024-05-13 00:07:39'),
(3779, 137, 116, '2024-05-13 00:07:39', '2024-05-13 00:07:39'),
(3780, 137, 117, '2024-05-13 00:07:39', '2024-05-13 00:07:39'),
(3781, 138, 3, '2024-05-13 00:07:39', '2024-05-13 00:07:39'),
(3782, 138, 6, '2024-05-13 00:07:39', '2024-05-13 00:07:39'),
(3783, 138, 10, '2024-05-13 00:07:39', '2024-05-13 00:07:39'),
(3784, 138, 14, '2024-05-13 00:07:39', '2024-05-13 00:07:39'),
(3785, 138, 19, '2024-05-13 00:07:39', '2024-05-13 00:07:39'),
(3786, 138, 21, '2024-05-13 00:07:39', '2024-05-13 00:07:39'),
(3787, 138, 28, '2024-05-13 00:07:39', '2024-05-13 00:07:39'),
(3788, 138, 29, '2024-05-13 00:07:39', '2024-05-13 00:07:39'),
(3789, 138, 35, '2024-05-13 00:07:39', '2024-05-13 00:07:39'),
(3790, 138, 37, '2024-05-13 00:07:39', '2024-05-13 00:07:39'),
(3791, 138, 43, '2024-05-13 00:07:39', '2024-05-13 00:07:39'),
(3792, 138, 47, '2024-05-13 00:07:39', '2024-05-13 00:07:39'),
(3793, 138, 51, '2024-05-13 00:07:39', '2024-05-13 00:07:39'),
(3794, 138, 54, '2024-05-13 00:07:39', '2024-05-13 00:07:39'),
(3795, 138, 58, '2024-05-13 00:07:39', '2024-05-13 00:07:39'),
(3796, 138, 64, '2024-05-13 00:07:39', '2024-05-13 00:07:39'),
(3797, 138, 66, '2024-05-13 00:07:39', '2024-05-13 00:07:39'),
(3798, 138, 71, '2024-05-13 00:07:39', '2024-05-13 00:07:39'),
(3799, 138, 74, '2024-05-13 00:07:39', '2024-05-13 00:07:39'),
(3800, 138, 80, '2024-05-13 00:07:39', '2024-05-13 00:07:39'),
(3801, 138, 81, '2024-05-13 00:07:39', '2024-05-13 00:07:39'),
(3802, 138, 87, '2024-05-13 00:07:39', '2024-05-13 00:07:39'),
(3803, 138, 91, '2024-05-13 00:07:39', '2024-05-13 00:07:39'),
(3804, 138, 96, '2024-05-13 00:07:39', '2024-05-13 00:07:39'),
(3805, 138, 98, '2024-05-13 00:07:39', '2024-05-13 00:07:39'),
(3806, 138, 104, '2024-05-13 00:07:39', '2024-05-13 00:07:39'),
(3807, 138, 106, '2024-05-13 00:07:39', '2024-05-13 00:07:39'),
(3808, 138, 109, '2024-05-13 00:07:39', '2024-05-13 00:07:39'),
(3809, 138, 113, '2024-05-13 00:07:39', '2024-05-13 00:07:39'),
(3810, 138, 117, '2024-05-13 00:07:39', '2024-05-13 00:07:39'),
(3811, 139, 1, '2024-05-13 00:07:40', '2024-05-13 00:07:40'),
(3812, 139, 8, '2024-05-13 00:07:40', '2024-05-13 00:07:40'),
(3813, 139, 12, '2024-05-13 00:07:40', '2024-05-13 00:07:40'),
(3814, 139, 13, '2024-05-13 00:07:40', '2024-05-13 00:07:40'),
(3815, 139, 19, '2024-05-13 00:07:40', '2024-05-13 00:07:40'),
(3816, 139, 23, '2024-05-13 00:07:40', '2024-05-13 00:07:40'),
(3817, 139, 28, '2024-05-13 00:07:40', '2024-05-13 00:07:40'),
(3818, 139, 29, '2024-05-13 00:07:40', '2024-05-13 00:07:40'),
(3819, 139, 34, '2024-05-13 00:07:40', '2024-05-13 00:07:40'),
(3820, 139, 37, '2024-05-13 00:07:40', '2024-05-13 00:07:40'),
(3821, 139, 44, '2024-05-13 00:07:40', '2024-05-13 00:07:40'),
(3822, 139, 48, '2024-05-13 00:07:40', '2024-05-13 00:07:40'),
(3823, 139, 51, '2024-05-13 00:07:40', '2024-05-13 00:07:40'),
(3824, 139, 54, '2024-05-13 00:07:40', '2024-05-13 00:07:40'),
(3825, 139, 57, '2024-05-13 00:07:40', '2024-05-13 00:07:40'),
(3826, 139, 61, '2024-05-13 00:07:40', '2024-05-13 00:07:40'),
(3827, 139, 65, '2024-05-13 00:07:40', '2024-05-13 00:07:40'),
(3828, 139, 72, '2024-05-13 00:07:40', '2024-05-13 00:07:40'),
(3829, 139, 74, '2024-05-13 00:07:40', '2024-05-13 00:07:40'),
(3830, 139, 79, '2024-05-13 00:07:40', '2024-05-13 00:07:40'),
(3831, 139, 83, '2024-05-13 00:07:40', '2024-05-13 00:07:40'),
(3832, 139, 87, '2024-05-13 00:07:40', '2024-05-13 00:07:40'),
(3833, 139, 91, '2024-05-13 00:07:40', '2024-05-13 00:07:40'),
(3834, 139, 96, '2024-05-13 00:07:40', '2024-05-13 00:07:40'),
(3835, 139, 99, '2024-05-13 00:07:40', '2024-05-13 00:07:40'),
(3836, 139, 103, '2024-05-13 00:07:40', '2024-05-13 00:07:40'),
(3837, 139, 108, '2024-05-13 00:07:40', '2024-05-13 00:07:40'),
(3838, 139, 110, '2024-05-13 00:07:40', '2024-05-13 00:07:40'),
(3839, 139, 114, '2024-05-13 00:07:40', '2024-05-13 00:07:40'),
(3840, 139, 120, '2024-05-13 00:07:40', '2024-05-13 00:07:40'),
(3841, 140, 3, '2024-05-13 00:07:40', '2024-05-13 00:07:40'),
(3842, 140, 7, '2024-05-13 00:07:40', '2024-05-13 00:07:40'),
(3843, 140, 11, '2024-05-13 00:07:40', '2024-05-13 00:07:40'),
(3844, 140, 16, '2024-05-13 00:07:40', '2024-05-13 00:07:40'),
(3845, 140, 18, '2024-05-13 00:07:40', '2024-05-13 00:07:40'),
(3846, 140, 21, '2024-05-13 00:07:40', '2024-05-13 00:07:40'),
(3847, 140, 25, '2024-05-13 00:07:40', '2024-05-13 00:07:40'),
(3848, 140, 32, '2024-05-13 00:07:40', '2024-05-13 00:07:40'),
(3849, 140, 36, '2024-05-13 00:07:40', '2024-05-13 00:07:40'),
(3850, 140, 37, '2024-05-13 00:07:40', '2024-05-13 00:07:40'),
(3851, 140, 41, '2024-05-13 00:07:40', '2024-05-13 00:07:40'),
(3852, 140, 46, '2024-05-13 00:07:40', '2024-05-13 00:07:40'),
(3853, 140, 51, '2024-05-13 00:07:40', '2024-05-13 00:07:40'),
(3854, 140, 54, '2024-05-13 00:07:40', '2024-05-13 00:07:40'),
(3855, 140, 58, '2024-05-13 00:07:40', '2024-05-13 00:07:40'),
(3856, 140, 64, '2024-05-13 00:07:40', '2024-05-13 00:07:40'),
(3857, 140, 67, '2024-05-13 00:07:40', '2024-05-13 00:07:40'),
(3858, 140, 69, '2024-05-13 00:07:40', '2024-05-13 00:07:40'),
(3859, 140, 75, '2024-05-13 00:07:40', '2024-05-13 00:07:40'),
(3860, 140, 77, '2024-05-13 00:07:40', '2024-05-13 00:07:40'),
(3861, 140, 81, '2024-05-13 00:07:40', '2024-05-13 00:07:40'),
(3862, 140, 87, '2024-05-13 00:07:40', '2024-05-13 00:07:40'),
(3863, 140, 90, '2024-05-13 00:07:40', '2024-05-13 00:07:40'),
(3864, 140, 93, '2024-05-13 00:07:40', '2024-05-13 00:07:40'),
(3865, 140, 100, '2024-05-13 00:07:40', '2024-05-13 00:07:40'),
(3866, 140, 101, '2024-05-13 00:07:40', '2024-05-13 00:07:40'),
(3867, 140, 105, '2024-05-13 00:07:40', '2024-05-13 00:07:40'),
(3868, 140, 110, '2024-05-13 00:07:40', '2024-05-13 00:07:40'),
(3869, 140, 114, '2024-05-13 00:07:40', '2024-05-13 00:07:40'),
(3870, 140, 117, '2024-05-13 00:07:40', '2024-05-13 00:07:40'),
(3871, 141, 2, '2024-05-13 00:07:40', '2024-05-13 00:07:40'),
(3872, 141, 8, '2024-05-13 00:07:40', '2024-05-13 00:07:40'),
(3873, 141, 10, '2024-05-13 00:07:40', '2024-05-13 00:07:40'),
(3874, 141, 14, '2024-05-13 00:07:40', '2024-05-13 00:07:40'),
(3875, 141, 18, '2024-05-13 00:07:40', '2024-05-13 00:07:40'),
(3876, 141, 22, '2024-05-13 00:07:40', '2024-05-13 00:07:40'),
(3877, 141, 27, '2024-05-13 00:07:40', '2024-05-13 00:07:40'),
(3878, 141, 29, '2024-05-13 00:07:40', '2024-05-13 00:07:40'),
(3879, 141, 36, '2024-05-13 00:07:40', '2024-05-13 00:07:40'),
(3880, 141, 38, '2024-05-13 00:07:40', '2024-05-13 00:07:40'),
(3881, 141, 42, '2024-05-13 00:07:40', '2024-05-13 00:07:40'),
(3882, 141, 46, '2024-05-13 00:07:40', '2024-05-13 00:07:40'),
(3883, 141, 50, '2024-05-13 00:07:40', '2024-05-13 00:07:40'),
(3884, 141, 54, '2024-05-13 00:07:40', '2024-05-13 00:07:40'),
(3885, 141, 60, '2024-05-13 00:07:40', '2024-05-13 00:07:40'),
(3886, 141, 61, '2024-05-13 00:07:40', '2024-05-13 00:07:40'),
(3887, 141, 65, '2024-05-13 00:07:40', '2024-05-13 00:07:40'),
(3888, 141, 69, '2024-05-13 00:07:40', '2024-05-13 00:07:40'),
(3889, 141, 76, '2024-05-13 00:07:40', '2024-05-13 00:07:40'),
(3890, 141, 80, '2024-05-13 00:07:40', '2024-05-13 00:07:40'),
(3891, 141, 82, '2024-05-13 00:07:40', '2024-05-13 00:07:40'),
(3892, 141, 88, '2024-05-13 00:07:40', '2024-05-13 00:07:40'),
(3893, 141, 91, '2024-05-13 00:07:40', '2024-05-13 00:07:40'),
(3894, 141, 96, '2024-05-13 00:07:40', '2024-05-13 00:07:40'),
(3895, 141, 97, '2024-05-13 00:07:40', '2024-05-13 00:07:40'),
(3896, 141, 101, '2024-05-13 00:07:40', '2024-05-13 00:07:40'),
(3897, 141, 107, '2024-05-13 00:07:40', '2024-05-13 00:07:40'),
(3898, 141, 110, '2024-05-13 00:07:40', '2024-05-13 00:07:40'),
(3899, 141, 116, '2024-05-13 00:07:40', '2024-05-13 00:07:40'),
(3900, 141, 118, '2024-05-13 00:07:40', '2024-05-13 00:07:40'),
(3901, 148, 1, '2024-05-13 16:16:24', '2024-05-13 16:16:24'),
(3902, 148, 6, '2024-05-13 16:16:24', '2024-05-13 16:16:24'),
(3903, 148, 11, '2024-05-13 16:16:24', '2024-05-13 16:16:24'),
(3904, 148, 15, '2024-05-13 16:16:24', '2024-05-13 16:16:24'),
(3905, 148, 20, '2024-05-13 16:16:24', '2024-05-13 16:16:24'),
(3906, 148, 22, '2024-05-13 16:16:24', '2024-05-13 16:16:24'),
(3907, 148, 26, '2024-05-13 16:16:24', '2024-05-13 16:16:24'),
(3908, 148, 31, '2024-05-13 16:16:24', '2024-05-13 16:16:24'),
(3909, 148, 36, '2024-05-13 16:16:24', '2024-05-13 16:16:24'),
(3910, 148, 39, '2024-05-13 16:16:24', '2024-05-13 16:16:24'),
(3911, 148, 42, '2024-05-13 16:16:24', '2024-05-13 16:16:24'),
(3912, 148, 48, '2024-05-13 16:16:24', '2024-05-13 16:16:24'),
(3913, 148, 52, '2024-05-13 16:16:24', '2024-05-13 16:16:24'),
(3914, 148, 54, '2024-05-13 16:16:24', '2024-05-13 16:16:24'),
(3915, 148, 59, '2024-05-13 16:16:24', '2024-05-13 16:16:24'),
(3916, 148, 63, '2024-05-13 16:16:24', '2024-05-13 16:16:24'),
(3917, 148, 67, '2024-05-13 16:16:24', '2024-05-13 16:16:24'),
(3918, 148, 72, '2024-05-13 16:16:24', '2024-05-13 16:16:24'),
(3919, 148, 73, '2024-05-13 16:16:24', '2024-05-13 16:16:24'),
(3920, 148, 79, '2024-05-13 16:16:24', '2024-05-13 16:16:24'),
(3921, 148, 81, '2024-05-13 16:16:24', '2024-05-13 16:16:24'),
(3922, 148, 86, '2024-05-13 16:16:24', '2024-05-13 16:16:24'),
(3923, 148, 91, '2024-05-13 16:16:24', '2024-05-13 16:16:24'),
(3924, 148, 95, '2024-05-13 16:16:24', '2024-05-13 16:16:24'),
(3925, 148, 100, '2024-05-13 16:16:24', '2024-05-13 16:16:24'),
(3926, 148, 101, '2024-05-13 16:16:24', '2024-05-13 16:16:24'),
(3927, 148, 106, '2024-05-13 16:16:24', '2024-05-13 16:16:24'),
(3928, 148, 111, '2024-05-13 16:16:24', '2024-05-13 16:16:24'),
(3929, 148, 116, '2024-05-13 16:16:24', '2024-05-13 16:16:24'),
(3930, 148, 120, '2024-05-13 16:16:24', '2024-05-13 16:16:24'),
(3931, 149, 2, '2024-05-13 16:16:24', '2024-05-13 16:16:24'),
(3932, 149, 5, '2024-05-13 16:16:24', '2024-05-13 16:16:24'),
(3933, 149, 11, '2024-05-13 16:16:24', '2024-05-13 16:16:24'),
(3934, 149, 15, '2024-05-13 16:16:24', '2024-05-13 16:16:24'),
(3935, 149, 19, '2024-05-13 16:16:24', '2024-05-13 16:16:24'),
(3936, 149, 23, '2024-05-13 16:16:24', '2024-05-13 16:16:24'),
(3937, 149, 26, '2024-05-13 16:16:24', '2024-05-13 16:16:24'),
(3938, 149, 29, '2024-05-13 16:16:24', '2024-05-13 16:16:24'),
(3939, 149, 34, '2024-05-13 16:16:24', '2024-05-13 16:16:24'),
(3940, 149, 40, '2024-05-13 16:16:24', '2024-05-13 16:16:24'),
(3941, 149, 43, '2024-05-13 16:16:24', '2024-05-13 16:16:24'),
(3942, 149, 45, '2024-05-13 16:16:24', '2024-05-13 16:16:24'),
(3943, 149, 50, '2024-05-13 16:16:24', '2024-05-13 16:16:24'),
(3944, 149, 53, '2024-05-13 16:16:24', '2024-05-13 16:16:24'),
(3945, 149, 58, '2024-05-13 16:16:24', '2024-05-13 16:16:24'),
(3946, 149, 62, '2024-05-13 16:16:24', '2024-05-13 16:16:24'),
(3947, 149, 66, '2024-05-13 16:16:24', '2024-05-13 16:16:24'),
(3948, 149, 72, '2024-05-13 16:16:24', '2024-05-13 16:16:24'),
(3949, 149, 75, '2024-05-13 16:16:24', '2024-05-13 16:16:24'),
(3950, 149, 79, '2024-05-13 16:16:24', '2024-05-13 16:16:24'),
(3951, 149, 81, '2024-05-13 16:16:24', '2024-05-13 16:16:24'),
(3952, 149, 87, '2024-05-13 16:16:24', '2024-05-13 16:16:24'),
(3953, 149, 91, '2024-05-13 16:16:24', '2024-05-13 16:16:24'),
(3954, 149, 93, '2024-05-13 16:16:24', '2024-05-13 16:16:24'),
(3955, 149, 100, '2024-05-13 16:16:24', '2024-05-13 16:16:24'),
(3956, 149, 103, '2024-05-13 16:16:24', '2024-05-13 16:16:24'),
(3957, 149, 108, '2024-05-13 16:16:24', '2024-05-13 16:16:24'),
(3958, 149, 110, '2024-05-13 16:16:24', '2024-05-13 16:16:24'),
(3959, 149, 115, '2024-05-13 16:16:24', '2024-05-13 16:16:24'),
(3960, 149, 118, '2024-05-13 16:16:24', '2024-05-13 16:16:24'),
(3961, 150, 2, '2024-05-13 16:16:24', '2024-05-13 16:16:24'),
(3962, 150, 8, '2024-05-13 16:16:24', '2024-05-13 16:16:24'),
(3963, 150, 11, '2024-05-13 16:16:24', '2024-05-13 16:16:24'),
(3964, 150, 15, '2024-05-13 16:16:24', '2024-05-13 16:16:24'),
(3965, 150, 18, '2024-05-13 16:16:24', '2024-05-13 16:16:24'),
(3966, 150, 22, '2024-05-13 16:16:24', '2024-05-13 16:16:24'),
(3967, 150, 27, '2024-05-13 16:16:24', '2024-05-13 16:16:24'),
(3968, 150, 30, '2024-05-13 16:16:24', '2024-05-13 16:16:24'),
(3969, 150, 33, '2024-05-13 16:16:24', '2024-05-13 16:16:24'),
(3970, 150, 38, '2024-05-13 16:16:24', '2024-05-13 16:16:24'),
(3971, 150, 43, '2024-05-13 16:16:24', '2024-05-13 16:16:24'),
(3972, 150, 45, '2024-05-13 16:16:24', '2024-05-13 16:16:24'),
(3973, 150, 50, '2024-05-13 16:16:24', '2024-05-13 16:16:24'),
(3974, 150, 54, '2024-05-13 16:16:24', '2024-05-13 16:16:24'),
(3975, 150, 58, '2024-05-13 16:16:24', '2024-05-13 16:16:24'),
(3976, 150, 63, '2024-05-13 16:16:24', '2024-05-13 16:16:24'),
(3977, 150, 65, '2024-05-13 16:16:24', '2024-05-13 16:16:24'),
(3978, 150, 71, '2024-05-13 16:16:24', '2024-05-13 16:16:24'),
(3979, 150, 75, '2024-05-13 16:16:24', '2024-05-13 16:16:24'),
(3980, 150, 78, '2024-05-13 16:16:24', '2024-05-13 16:16:24'),
(3981, 150, 82, '2024-05-13 16:16:24', '2024-05-13 16:16:24'),
(3982, 150, 87, '2024-05-13 16:16:24', '2024-05-13 16:16:24'),
(3983, 150, 92, '2024-05-13 16:16:24', '2024-05-13 16:16:24'),
(3984, 150, 93, '2024-05-13 16:16:24', '2024-05-13 16:16:24'),
(3985, 150, 97, '2024-05-13 16:16:24', '2024-05-13 16:16:24'),
(3986, 150, 104, '2024-05-13 16:16:24', '2024-05-13 16:16:24'),
(3987, 150, 108, '2024-05-13 16:16:24', '2024-05-13 16:16:24'),
(3988, 150, 109, '2024-05-13 16:16:24', '2024-05-13 16:16:24'),
(3989, 150, 116, '2024-05-13 16:16:24', '2024-05-13 16:16:24'),
(3990, 150, 117, '2024-05-13 16:16:24', '2024-05-13 16:16:24'),
(3991, 151, 4, '2024-05-13 16:16:24', '2024-05-13 16:16:24'),
(3992, 151, 5, '2024-05-13 16:16:24', '2024-05-13 16:16:24'),
(3993, 151, 11, '2024-05-13 16:16:24', '2024-05-13 16:16:24'),
(3994, 151, 14, '2024-05-13 16:16:24', '2024-05-13 16:16:24'),
(3995, 151, 20, '2024-05-13 16:16:24', '2024-05-13 16:16:24'),
(3996, 151, 21, '2024-05-13 16:16:24', '2024-05-13 16:16:24'),
(3997, 151, 28, '2024-05-13 16:16:24', '2024-05-13 16:16:24'),
(3998, 151, 29, '2024-05-13 16:16:24', '2024-05-13 16:16:24'),
(3999, 151, 35, '2024-05-13 16:16:24', '2024-05-13 16:16:24'),
(4000, 151, 40, '2024-05-13 16:16:24', '2024-05-13 16:16:24'),
(4001, 151, 44, '2024-05-13 16:16:24', '2024-05-13 16:16:24'),
(4002, 151, 48, '2024-05-13 16:16:24', '2024-05-13 16:16:24'),
(4003, 151, 51, '2024-05-13 16:16:24', '2024-05-13 16:16:24'),
(4004, 151, 56, '2024-05-13 16:16:24', '2024-05-13 16:16:24'),
(4005, 151, 57, '2024-05-13 16:16:24', '2024-05-13 16:16:24'),
(4006, 151, 62, '2024-05-13 16:16:24', '2024-05-13 16:16:24'),
(4007, 151, 66, '2024-05-13 16:16:24', '2024-05-13 16:16:24'),
(4008, 151, 69, '2024-05-13 16:16:24', '2024-05-13 16:16:24'),
(4009, 151, 74, '2024-05-13 16:16:24', '2024-05-13 16:16:24'),
(4010, 151, 79, '2024-05-13 16:16:24', '2024-05-13 16:16:24'),
(4011, 151, 83, '2024-05-13 16:16:24', '2024-05-13 16:16:24'),
(4012, 151, 87, '2024-05-13 16:16:24', '2024-05-13 16:16:24'),
(4013, 151, 90, '2024-05-13 16:16:24', '2024-05-13 16:16:24'),
(4014, 151, 95, '2024-05-13 16:16:24', '2024-05-13 16:16:24'),
(4015, 151, 98, '2024-05-13 16:16:24', '2024-05-13 16:16:24'),
(4016, 151, 103, '2024-05-13 16:16:24', '2024-05-13 16:16:24'),
(4017, 151, 106, '2024-05-13 16:16:24', '2024-05-13 16:16:24'),
(4018, 151, 109, '2024-05-13 16:16:24', '2024-05-13 16:16:24'),
(4019, 151, 116, '2024-05-13 16:16:24', '2024-05-13 16:16:24'),
(4020, 151, 120, '2024-05-13 16:16:24', '2024-05-13 16:16:24'),
(4021, 152, 3, '2024-05-13 16:16:24', '2024-05-13 16:16:24'),
(4022, 152, 6, '2024-05-13 16:16:24', '2024-05-13 16:16:24'),
(4023, 152, 11, '2024-05-13 16:16:24', '2024-05-13 16:16:24'),
(4024, 152, 16, '2024-05-13 16:16:24', '2024-05-13 16:16:24'),
(4025, 152, 18, '2024-05-13 16:16:24', '2024-05-13 16:16:24'),
(4026, 152, 23, '2024-05-13 16:16:24', '2024-05-13 16:16:24'),
(4027, 152, 28, '2024-05-13 16:16:24', '2024-05-13 16:16:24'),
(4028, 152, 32, '2024-05-13 16:16:24', '2024-05-13 16:16:24'),
(4029, 152, 34, '2024-05-13 16:16:24', '2024-05-13 16:16:24'),
(4030, 152, 38, '2024-05-13 16:16:24', '2024-05-13 16:16:24'),
(4031, 152, 42, '2024-05-13 16:16:24', '2024-05-13 16:16:24'),
(4032, 152, 48, '2024-05-13 16:16:24', '2024-05-13 16:16:24'),
(4033, 152, 52, '2024-05-13 16:16:24', '2024-05-13 16:16:24'),
(4034, 152, 54, '2024-05-13 16:16:24', '2024-05-13 16:16:24'),
(4035, 152, 59, '2024-05-13 16:16:24', '2024-05-13 16:16:24'),
(4036, 152, 62, '2024-05-13 16:16:24', '2024-05-13 16:16:24'),
(4037, 152, 65, '2024-05-13 16:16:24', '2024-05-13 16:16:24'),
(4038, 152, 70, '2024-05-13 16:16:24', '2024-05-13 16:16:24'),
(4039, 152, 75, '2024-05-13 16:16:24', '2024-05-13 16:16:24'),
(4040, 152, 79, '2024-05-13 16:16:24', '2024-05-13 16:16:24'),
(4041, 152, 82, '2024-05-13 16:16:24', '2024-05-13 16:16:24'),
(4042, 152, 87, '2024-05-13 16:16:24', '2024-05-13 16:16:24'),
(4043, 152, 92, '2024-05-13 16:16:24', '2024-05-13 16:16:24'),
(4044, 152, 95, '2024-05-13 16:16:24', '2024-05-13 16:16:24'),
(4045, 152, 100, '2024-05-13 16:16:24', '2024-05-13 16:16:24'),
(4046, 152, 103, '2024-05-13 16:16:24', '2024-05-13 16:16:24'),
(4047, 152, 106, '2024-05-13 16:16:24', '2024-05-13 16:16:24'),
(4048, 152, 110, '2024-05-13 16:16:24', '2024-05-13 16:16:24'),
(4049, 152, 114, '2024-05-13 16:16:24', '2024-05-13 16:16:24'),
(4050, 152, 120, '2024-05-13 16:16:24', '2024-05-13 16:16:24'),
(4051, 153, 2, '2024-05-13 16:16:25', '2024-05-13 16:16:25'),
(4052, 153, 5, '2024-05-13 16:16:25', '2024-05-13 16:16:25'),
(4053, 153, 9, '2024-05-13 16:16:25', '2024-05-13 16:16:25'),
(4054, 153, 14, '2024-05-13 16:16:25', '2024-05-13 16:16:25'),
(4055, 153, 20, '2024-05-13 16:16:25', '2024-05-13 16:16:25'),
(4056, 153, 24, '2024-05-13 16:16:25', '2024-05-13 16:16:25'),
(4057, 153, 27, '2024-05-13 16:16:25', '2024-05-13 16:16:25'),
(4058, 153, 31, '2024-05-13 16:16:25', '2024-05-13 16:16:25'),
(4059, 153, 34, '2024-05-13 16:16:25', '2024-05-13 16:16:25'),
(4060, 153, 38, '2024-05-13 16:16:25', '2024-05-13 16:16:25'),
(4061, 153, 44, '2024-05-13 16:16:25', '2024-05-13 16:16:25'),
(4062, 153, 46, '2024-05-13 16:16:25', '2024-05-13 16:16:25'),
(4063, 153, 52, '2024-05-13 16:16:25', '2024-05-13 16:16:25'),
(4064, 153, 53, '2024-05-13 16:16:25', '2024-05-13 16:16:25'),
(4065, 153, 58, '2024-05-13 16:16:25', '2024-05-13 16:16:25'),
(4066, 153, 62, '2024-05-13 16:16:25', '2024-05-13 16:16:25'),
(4067, 153, 68, '2024-05-13 16:16:25', '2024-05-13 16:16:25'),
(4068, 153, 71, '2024-05-13 16:16:25', '2024-05-13 16:16:25'),
(4069, 153, 76, '2024-05-13 16:16:25', '2024-05-13 16:16:25'),
(4070, 153, 78, '2024-05-13 16:16:25', '2024-05-13 16:16:25'),
(4071, 153, 84, '2024-05-13 16:16:25', '2024-05-13 16:16:25'),
(4072, 153, 85, '2024-05-13 16:16:25', '2024-05-13 16:16:25'),
(4073, 153, 89, '2024-05-13 16:16:25', '2024-05-13 16:16:25'),
(4074, 153, 93, '2024-05-13 16:16:25', '2024-05-13 16:16:25'),
(4075, 153, 100, '2024-05-13 16:16:25', '2024-05-13 16:16:25'),
(4076, 153, 101, '2024-05-13 16:16:25', '2024-05-13 16:16:25'),
(4077, 153, 108, '2024-05-13 16:16:25', '2024-05-13 16:16:25'),
(4078, 153, 111, '2024-05-13 16:16:25', '2024-05-13 16:16:25'),
(4079, 153, 114, '2024-05-13 16:16:25', '2024-05-13 16:16:25'),
(4080, 153, 120, '2024-05-13 16:16:25', '2024-05-13 16:16:25'),
(4081, 154, 4, '2024-05-13 16:17:25', '2024-05-13 16:17:25'),
(4082, 154, 5, '2024-05-13 16:17:25', '2024-05-13 16:17:25'),
(4083, 154, 11, '2024-05-13 16:17:25', '2024-05-13 16:17:25'),
(4084, 154, 15, '2024-05-13 16:17:25', '2024-05-13 16:17:25'),
(4085, 154, 17, '2024-05-13 16:17:25', '2024-05-13 16:17:25'),
(4086, 154, 22, '2024-05-13 16:17:25', '2024-05-13 16:17:25'),
(4087, 154, 26, '2024-05-13 16:17:25', '2024-05-13 16:17:25'),
(4088, 154, 30, '2024-05-13 16:17:25', '2024-05-13 16:17:25'),
(4089, 154, 35, '2024-05-13 16:17:25', '2024-05-13 16:17:25'),
(4090, 154, 38, '2024-05-13 16:17:25', '2024-05-13 16:17:25'),
(4091, 154, 44, '2024-05-13 16:17:25', '2024-05-13 16:17:25'),
(4092, 154, 46, '2024-05-13 16:17:25', '2024-05-13 16:17:25'),
(4093, 154, 52, '2024-05-13 16:17:25', '2024-05-13 16:17:25'),
(4094, 154, 54, '2024-05-13 16:17:25', '2024-05-13 16:17:25'),
(4095, 154, 57, '2024-05-13 16:17:25', '2024-05-13 16:17:25'),
(4096, 154, 62, '2024-05-13 16:17:25', '2024-05-13 16:17:25'),
(4097, 154, 66, '2024-05-13 16:17:25', '2024-05-13 16:17:25'),
(4098, 154, 71, '2024-05-13 16:17:25', '2024-05-13 16:17:25'),
(4099, 154, 73, '2024-05-13 16:17:25', '2024-05-13 16:17:25'),
(4100, 154, 80, '2024-05-13 16:17:25', '2024-05-13 16:17:25'),
(4101, 154, 81, '2024-05-13 16:17:25', '2024-05-13 16:17:25'),
(4102, 154, 85, '2024-05-13 16:17:25', '2024-05-13 16:17:25'),
(4103, 154, 89, '2024-05-13 16:17:25', '2024-05-13 16:17:25'),
(4104, 154, 95, '2024-05-13 16:17:25', '2024-05-13 16:17:25'),
(4105, 154, 100, '2024-05-13 16:17:25', '2024-05-13 16:17:25'),
(4106, 154, 103, '2024-05-13 16:17:25', '2024-05-13 16:17:25'),
(4107, 154, 108, '2024-05-13 16:17:25', '2024-05-13 16:17:25'),
(4108, 154, 110, '2024-05-13 16:17:25', '2024-05-13 16:17:25'),
(4109, 154, 114, '2024-05-13 16:17:25', '2024-05-13 16:17:25'),
(4110, 154, 120, '2024-05-13 16:17:25', '2024-05-13 16:17:25'),
(4111, 155, 3, '2024-05-13 16:17:25', '2024-05-13 16:17:25'),
(4112, 155, 6, '2024-05-13 16:17:25', '2024-05-13 16:17:25'),
(4113, 155, 11, '2024-05-13 16:17:25', '2024-05-13 16:17:25'),
(4114, 155, 13, '2024-05-13 16:17:25', '2024-05-13 16:17:25'),
(4115, 155, 17, '2024-05-13 16:17:25', '2024-05-13 16:17:25'),
(4116, 155, 24, '2024-05-13 16:17:25', '2024-05-13 16:17:25'),
(4117, 155, 27, '2024-05-13 16:17:25', '2024-05-13 16:17:25'),
(4118, 155, 29, '2024-05-13 16:17:25', '2024-05-13 16:17:25'),
(4119, 155, 35, '2024-05-13 16:17:25', '2024-05-13 16:17:25'),
(4120, 155, 40, '2024-05-13 16:17:25', '2024-05-13 16:17:25'),
(4121, 155, 42, '2024-05-13 16:17:25', '2024-05-13 16:17:25'),
(4122, 155, 48, '2024-05-13 16:17:25', '2024-05-13 16:17:25'),
(4123, 155, 49, '2024-05-13 16:17:25', '2024-05-13 16:17:25'),
(4124, 155, 54, '2024-05-13 16:17:25', '2024-05-13 16:17:25'),
(4125, 155, 59, '2024-05-13 16:17:25', '2024-05-13 16:17:25'),
(4126, 155, 63, '2024-05-13 16:17:25', '2024-05-13 16:17:25'),
(4127, 155, 68, '2024-05-13 16:17:25', '2024-05-13 16:17:25'),
(4128, 155, 72, '2024-05-13 16:17:25', '2024-05-13 16:17:25'),
(4129, 155, 76, '2024-05-13 16:17:25', '2024-05-13 16:17:25'),
(4130, 155, 80, '2024-05-13 16:17:25', '2024-05-13 16:17:25'),
(4131, 155, 83, '2024-05-13 16:17:25', '2024-05-13 16:17:25'),
(4132, 155, 86, '2024-05-13 16:17:25', '2024-05-13 16:17:25'),
(4133, 155, 92, '2024-05-13 16:17:25', '2024-05-13 16:17:25'),
(4134, 155, 95, '2024-05-13 16:17:25', '2024-05-13 16:17:25'),
(4135, 155, 99, '2024-05-13 16:17:25', '2024-05-13 16:17:25'),
(4136, 155, 101, '2024-05-13 16:17:25', '2024-05-13 16:17:25'),
(4137, 155, 105, '2024-05-13 16:17:25', '2024-05-13 16:17:25'),
(4138, 155, 110, '2024-05-13 16:17:25', '2024-05-13 16:17:25'),
(4139, 155, 116, '2024-05-13 16:17:25', '2024-05-13 16:17:25'),
(4140, 155, 118, '2024-05-13 16:17:25', '2024-05-13 16:17:25'),
(4141, 156, 2, '2024-05-13 16:17:25', '2024-05-13 16:17:25'),
(4142, 156, 5, '2024-05-13 16:17:25', '2024-05-13 16:17:25'),
(4143, 156, 9, '2024-05-13 16:17:25', '2024-05-13 16:17:25'),
(4144, 156, 14, '2024-05-13 16:17:25', '2024-05-13 16:17:25'),
(4145, 156, 19, '2024-05-13 16:17:25', '2024-05-13 16:17:25'),
(4146, 156, 21, '2024-05-13 16:17:25', '2024-05-13 16:17:25'),
(4147, 156, 27, '2024-05-13 16:17:25', '2024-05-13 16:17:25');
INSERT INTO `penilaian_indikator` (`id_penilaian_indikator`, `id_penilaian`, `id_skala_indikator_detail`, `created_at`, `updated_at`) VALUES
(4148, 156, 32, '2024-05-13 16:17:25', '2024-05-13 16:17:25'),
(4149, 156, 35, '2024-05-13 16:17:25', '2024-05-13 16:17:25'),
(4150, 156, 40, '2024-05-13 16:17:25', '2024-05-13 16:17:25'),
(4151, 156, 44, '2024-05-13 16:17:25', '2024-05-13 16:17:25'),
(4152, 156, 47, '2024-05-13 16:17:25', '2024-05-13 16:17:25'),
(4153, 156, 51, '2024-05-13 16:17:25', '2024-05-13 16:17:25'),
(4154, 156, 53, '2024-05-13 16:17:25', '2024-05-13 16:17:25'),
(4155, 156, 57, '2024-05-13 16:17:25', '2024-05-13 16:17:25'),
(4156, 156, 64, '2024-05-13 16:17:25', '2024-05-13 16:17:25'),
(4157, 156, 66, '2024-05-13 16:17:25', '2024-05-13 16:17:25'),
(4158, 156, 71, '2024-05-13 16:17:25', '2024-05-13 16:17:25'),
(4159, 156, 75, '2024-05-13 16:17:25', '2024-05-13 16:17:25'),
(4160, 156, 77, '2024-05-13 16:17:25', '2024-05-13 16:17:25'),
(4161, 156, 84, '2024-05-13 16:17:25', '2024-05-13 16:17:25'),
(4162, 156, 87, '2024-05-13 16:17:25', '2024-05-13 16:17:25'),
(4163, 156, 90, '2024-05-13 16:17:25', '2024-05-13 16:17:25'),
(4164, 156, 95, '2024-05-13 16:17:25', '2024-05-13 16:17:25'),
(4165, 156, 97, '2024-05-13 16:17:25', '2024-05-13 16:17:25'),
(4166, 156, 102, '2024-05-13 16:17:25', '2024-05-13 16:17:25'),
(4167, 156, 105, '2024-05-13 16:17:25', '2024-05-13 16:17:25'),
(4168, 156, 111, '2024-05-13 16:17:25', '2024-05-13 16:17:25'),
(4169, 156, 116, '2024-05-13 16:17:25', '2024-05-13 16:17:25'),
(4170, 156, 117, '2024-05-13 16:17:25', '2024-05-13 16:17:25'),
(4171, 157, 1, '2024-05-13 16:17:25', '2024-05-13 16:17:25'),
(4172, 157, 8, '2024-05-13 16:17:25', '2024-05-13 16:17:25'),
(4173, 157, 9, '2024-05-13 16:17:25', '2024-05-13 16:17:25'),
(4174, 157, 14, '2024-05-13 16:17:25', '2024-05-13 16:17:25'),
(4175, 157, 20, '2024-05-13 16:17:25', '2024-05-13 16:17:25'),
(4176, 157, 24, '2024-05-13 16:17:25', '2024-05-13 16:17:25'),
(4177, 157, 26, '2024-05-13 16:17:25', '2024-05-13 16:17:25'),
(4178, 157, 29, '2024-05-13 16:17:25', '2024-05-13 16:17:25'),
(4179, 157, 34, '2024-05-13 16:17:25', '2024-05-13 16:17:25'),
(4180, 157, 40, '2024-05-13 16:17:25', '2024-05-13 16:17:25'),
(4181, 157, 42, '2024-05-13 16:17:25', '2024-05-13 16:17:25'),
(4182, 157, 47, '2024-05-13 16:17:25', '2024-05-13 16:17:25'),
(4183, 157, 49, '2024-05-13 16:17:25', '2024-05-13 16:17:25'),
(4184, 157, 53, '2024-05-13 16:17:25', '2024-05-13 16:17:25'),
(4185, 157, 57, '2024-05-13 16:17:25', '2024-05-13 16:17:25'),
(4186, 157, 63, '2024-05-13 16:17:25', '2024-05-13 16:17:25'),
(4187, 157, 67, '2024-05-13 16:17:25', '2024-05-13 16:17:25'),
(4188, 157, 69, '2024-05-13 16:17:25', '2024-05-13 16:17:25'),
(4189, 157, 76, '2024-05-13 16:17:25', '2024-05-13 16:17:25'),
(4190, 157, 77, '2024-05-13 16:17:25', '2024-05-13 16:17:25'),
(4191, 157, 82, '2024-05-13 16:17:25', '2024-05-13 16:17:25'),
(4192, 157, 86, '2024-05-13 16:17:25', '2024-05-13 16:17:25'),
(4193, 157, 89, '2024-05-13 16:17:25', '2024-05-13 16:17:25'),
(4194, 157, 94, '2024-05-13 16:17:25', '2024-05-13 16:17:25'),
(4195, 157, 100, '2024-05-13 16:17:25', '2024-05-13 16:17:25'),
(4196, 157, 103, '2024-05-13 16:17:25', '2024-05-13 16:17:25'),
(4197, 157, 106, '2024-05-13 16:17:25', '2024-05-13 16:17:25'),
(4198, 157, 109, '2024-05-13 16:17:25', '2024-05-13 16:17:25'),
(4199, 157, 114, '2024-05-13 16:17:25', '2024-05-13 16:17:25'),
(4200, 157, 117, '2024-05-13 16:17:25', '2024-05-13 16:17:25'),
(4201, 158, 1, '2024-05-13 16:17:25', '2024-05-13 16:17:25'),
(4202, 158, 6, '2024-05-13 16:17:25', '2024-05-13 16:17:25'),
(4203, 158, 9, '2024-05-13 16:17:25', '2024-05-13 16:17:25'),
(4204, 158, 13, '2024-05-13 16:17:25', '2024-05-13 16:17:25'),
(4205, 158, 20, '2024-05-13 16:17:25', '2024-05-13 16:17:25'),
(4206, 158, 24, '2024-05-13 16:17:25', '2024-05-13 16:17:25'),
(4207, 158, 27, '2024-05-13 16:17:25', '2024-05-13 16:17:25'),
(4208, 158, 30, '2024-05-13 16:17:25', '2024-05-13 16:17:25'),
(4209, 158, 36, '2024-05-13 16:17:25', '2024-05-13 16:17:25'),
(4210, 158, 40, '2024-05-13 16:17:25', '2024-05-13 16:17:25'),
(4211, 158, 42, '2024-05-13 16:17:25', '2024-05-13 16:17:25'),
(4212, 158, 46, '2024-05-13 16:17:25', '2024-05-13 16:17:25'),
(4213, 158, 52, '2024-05-13 16:17:25', '2024-05-13 16:17:25'),
(4214, 158, 56, '2024-05-13 16:17:25', '2024-05-13 16:17:25'),
(4215, 158, 57, '2024-05-13 16:17:25', '2024-05-13 16:17:25'),
(4216, 158, 63, '2024-05-13 16:17:25', '2024-05-13 16:17:25'),
(4217, 158, 68, '2024-05-13 16:17:25', '2024-05-13 16:17:25'),
(4218, 158, 71, '2024-05-13 16:17:25', '2024-05-13 16:17:25'),
(4219, 158, 75, '2024-05-13 16:17:25', '2024-05-13 16:17:25'),
(4220, 158, 78, '2024-05-13 16:17:25', '2024-05-13 16:17:25'),
(4221, 158, 81, '2024-05-13 16:17:25', '2024-05-13 16:17:25'),
(4222, 158, 85, '2024-05-13 16:17:25', '2024-05-13 16:17:25'),
(4223, 158, 90, '2024-05-13 16:17:25', '2024-05-13 16:17:25'),
(4224, 158, 95, '2024-05-13 16:17:25', '2024-05-13 16:17:25'),
(4225, 158, 100, '2024-05-13 16:17:25', '2024-05-13 16:17:25'),
(4226, 158, 102, '2024-05-13 16:17:25', '2024-05-13 16:17:25'),
(4227, 158, 106, '2024-05-13 16:17:25', '2024-05-13 16:17:25'),
(4228, 158, 111, '2024-05-13 16:17:25', '2024-05-13 16:17:25'),
(4229, 158, 114, '2024-05-13 16:17:25', '2024-05-13 16:17:25'),
(4230, 158, 120, '2024-05-13 16:17:25', '2024-05-13 16:17:25'),
(4231, 159, 4, '2024-05-13 16:17:25', '2024-05-13 16:17:25'),
(4232, 159, 5, '2024-05-13 16:17:25', '2024-05-13 16:17:25'),
(4233, 159, 11, '2024-05-13 16:17:25', '2024-05-13 16:17:25'),
(4234, 159, 16, '2024-05-13 16:17:25', '2024-05-13 16:17:25'),
(4235, 159, 19, '2024-05-13 16:17:25', '2024-05-13 16:17:25'),
(4236, 159, 24, '2024-05-13 16:17:25', '2024-05-13 16:17:25'),
(4237, 159, 27, '2024-05-13 16:17:25', '2024-05-13 16:17:25'),
(4238, 159, 30, '2024-05-13 16:17:25', '2024-05-13 16:17:25'),
(4239, 159, 33, '2024-05-13 16:17:25', '2024-05-13 16:17:25'),
(4240, 159, 40, '2024-05-13 16:17:25', '2024-05-13 16:17:25'),
(4241, 159, 41, '2024-05-13 16:17:25', '2024-05-13 16:17:25'),
(4242, 159, 45, '2024-05-13 16:17:25', '2024-05-13 16:17:25'),
(4243, 159, 49, '2024-05-13 16:17:25', '2024-05-13 16:17:25'),
(4244, 159, 55, '2024-05-13 16:17:25', '2024-05-13 16:17:25'),
(4245, 159, 60, '2024-05-13 16:17:25', '2024-05-13 16:17:25'),
(4246, 159, 61, '2024-05-13 16:17:25', '2024-05-13 16:17:25'),
(4247, 159, 65, '2024-05-13 16:17:25', '2024-05-13 16:17:25'),
(4248, 159, 69, '2024-05-13 16:17:25', '2024-05-13 16:17:25'),
(4249, 159, 75, '2024-05-13 16:17:25', '2024-05-13 16:17:25'),
(4250, 159, 80, '2024-05-13 16:17:25', '2024-05-13 16:17:25'),
(4251, 159, 84, '2024-05-13 16:17:25', '2024-05-13 16:17:25'),
(4252, 159, 86, '2024-05-13 16:17:25', '2024-05-13 16:17:25'),
(4253, 159, 92, '2024-05-13 16:17:25', '2024-05-13 16:17:25'),
(4254, 159, 93, '2024-05-13 16:17:25', '2024-05-13 16:17:25'),
(4255, 159, 99, '2024-05-13 16:17:25', '2024-05-13 16:17:25'),
(4256, 159, 102, '2024-05-13 16:17:25', '2024-05-13 16:17:25'),
(4257, 159, 107, '2024-05-13 16:17:25', '2024-05-13 16:17:25'),
(4258, 159, 109, '2024-05-13 16:17:25', '2024-05-13 16:17:25'),
(4259, 159, 116, '2024-05-13 16:17:25', '2024-05-13 16:17:25'),
(4260, 159, 118, '2024-05-13 16:17:25', '2024-05-13 16:17:25'),
(4261, 160, 2, '2024-05-13 16:19:17', '2024-05-13 16:19:17'),
(4262, 160, 6, '2024-05-13 16:19:17', '2024-05-13 16:19:17'),
(4263, 160, 9, '2024-05-13 16:19:17', '2024-05-13 16:19:17'),
(4264, 160, 16, '2024-05-13 16:19:17', '2024-05-13 16:19:17'),
(4265, 160, 20, '2024-05-13 16:19:17', '2024-05-13 16:19:17'),
(4266, 160, 23, '2024-05-13 16:19:17', '2024-05-13 16:19:17'),
(4267, 160, 26, '2024-05-13 16:19:17', '2024-05-13 16:19:17'),
(4268, 160, 30, '2024-05-13 16:19:17', '2024-05-13 16:19:17'),
(4269, 160, 33, '2024-05-13 16:19:17', '2024-05-13 16:19:17'),
(4270, 160, 39, '2024-05-13 16:19:17', '2024-05-13 16:19:17'),
(4271, 160, 43, '2024-05-13 16:19:17', '2024-05-13 16:19:17'),
(4272, 160, 47, '2024-05-13 16:19:17', '2024-05-13 16:19:17'),
(4273, 160, 52, '2024-05-13 16:19:17', '2024-05-13 16:19:17'),
(4274, 160, 56, '2024-05-13 16:19:17', '2024-05-13 16:19:17'),
(4275, 160, 60, '2024-05-13 16:19:17', '2024-05-13 16:19:17'),
(4276, 160, 63, '2024-05-13 16:19:17', '2024-05-13 16:19:17'),
(4277, 160, 67, '2024-05-13 16:19:17', '2024-05-13 16:19:17'),
(4278, 160, 70, '2024-05-13 16:19:17', '2024-05-13 16:19:17'),
(4279, 160, 76, '2024-05-13 16:19:17', '2024-05-13 16:19:17'),
(4280, 160, 80, '2024-05-13 16:19:17', '2024-05-13 16:19:17'),
(4281, 160, 84, '2024-05-13 16:19:17', '2024-05-13 16:19:17'),
(4282, 160, 88, '2024-05-13 16:19:17', '2024-05-13 16:19:17'),
(4283, 160, 89, '2024-05-13 16:19:17', '2024-05-13 16:19:17'),
(4284, 160, 93, '2024-05-13 16:19:17', '2024-05-13 16:19:17'),
(4285, 160, 100, '2024-05-13 16:19:17', '2024-05-13 16:19:17'),
(4286, 160, 104, '2024-05-13 16:19:17', '2024-05-13 16:19:17'),
(4287, 160, 108, '2024-05-13 16:19:17', '2024-05-13 16:19:17'),
(4288, 160, 109, '2024-05-13 16:19:17', '2024-05-13 16:19:17'),
(4289, 160, 116, '2024-05-13 16:19:17', '2024-05-13 16:19:17'),
(4290, 160, 119, '2024-05-13 16:19:17', '2024-05-13 16:19:17'),
(4291, 161, 3, '2024-05-13 16:19:17', '2024-05-13 16:19:17'),
(4292, 161, 6, '2024-05-13 16:19:17', '2024-05-13 16:19:17'),
(4293, 161, 9, '2024-05-13 16:19:17', '2024-05-13 16:19:17'),
(4294, 161, 14, '2024-05-13 16:19:17', '2024-05-13 16:19:17'),
(4295, 161, 19, '2024-05-13 16:19:17', '2024-05-13 16:19:17'),
(4296, 161, 24, '2024-05-13 16:19:17', '2024-05-13 16:19:17'),
(4297, 161, 25, '2024-05-13 16:19:17', '2024-05-13 16:19:17'),
(4298, 161, 32, '2024-05-13 16:19:17', '2024-05-13 16:19:17'),
(4299, 161, 36, '2024-05-13 16:19:17', '2024-05-13 16:19:17'),
(4300, 161, 39, '2024-05-13 16:19:17', '2024-05-13 16:19:17'),
(4301, 161, 42, '2024-05-13 16:19:17', '2024-05-13 16:19:17'),
(4302, 161, 47, '2024-05-13 16:19:17', '2024-05-13 16:19:17'),
(4303, 161, 52, '2024-05-13 16:19:17', '2024-05-13 16:19:17'),
(4304, 161, 53, '2024-05-13 16:19:17', '2024-05-13 16:19:17'),
(4305, 161, 60, '2024-05-13 16:19:17', '2024-05-13 16:19:17'),
(4306, 161, 61, '2024-05-13 16:19:17', '2024-05-13 16:19:17'),
(4307, 161, 68, '2024-05-13 16:19:17', '2024-05-13 16:19:17'),
(4308, 161, 71, '2024-05-13 16:19:17', '2024-05-13 16:19:17'),
(4309, 161, 73, '2024-05-13 16:19:17', '2024-05-13 16:19:17'),
(4310, 161, 79, '2024-05-13 16:19:17', '2024-05-13 16:19:17'),
(4311, 161, 84, '2024-05-13 16:19:17', '2024-05-13 16:19:17'),
(4312, 161, 86, '2024-05-13 16:19:17', '2024-05-13 16:19:17'),
(4313, 161, 92, '2024-05-13 16:19:17', '2024-05-13 16:19:17'),
(4314, 161, 95, '2024-05-13 16:19:17', '2024-05-13 16:19:17'),
(4315, 161, 100, '2024-05-13 16:19:17', '2024-05-13 16:19:17'),
(4316, 161, 104, '2024-05-13 16:19:17', '2024-05-13 16:19:17'),
(4317, 161, 105, '2024-05-13 16:19:17', '2024-05-13 16:19:17'),
(4318, 161, 111, '2024-05-13 16:19:17', '2024-05-13 16:19:17'),
(4319, 161, 113, '2024-05-13 16:19:17', '2024-05-13 16:19:17'),
(4320, 161, 120, '2024-05-13 16:19:17', '2024-05-13 16:19:17'),
(4321, 162, 1, '2024-05-13 16:19:17', '2024-05-13 16:19:17'),
(4322, 162, 6, '2024-05-13 16:19:17', '2024-05-13 16:19:17'),
(4323, 162, 9, '2024-05-13 16:19:17', '2024-05-13 16:19:17'),
(4324, 162, 13, '2024-05-13 16:19:17', '2024-05-13 16:19:17'),
(4325, 162, 19, '2024-05-13 16:19:17', '2024-05-13 16:19:17'),
(4326, 162, 23, '2024-05-13 16:19:17', '2024-05-13 16:19:17'),
(4327, 162, 27, '2024-05-13 16:19:17', '2024-05-13 16:19:17'),
(4328, 162, 29, '2024-05-13 16:19:17', '2024-05-13 16:19:17'),
(4329, 162, 34, '2024-05-13 16:19:17', '2024-05-13 16:19:17'),
(4330, 162, 40, '2024-05-13 16:19:17', '2024-05-13 16:19:17'),
(4331, 162, 43, '2024-05-13 16:19:17', '2024-05-13 16:19:17'),
(4332, 162, 45, '2024-05-13 16:19:17', '2024-05-13 16:19:17'),
(4333, 162, 52, '2024-05-13 16:19:17', '2024-05-13 16:19:17'),
(4334, 162, 54, '2024-05-13 16:19:17', '2024-05-13 16:19:17'),
(4335, 162, 57, '2024-05-13 16:19:17', '2024-05-13 16:19:17'),
(4336, 162, 62, '2024-05-13 16:19:17', '2024-05-13 16:19:17'),
(4337, 162, 68, '2024-05-13 16:19:17', '2024-05-13 16:19:17'),
(4338, 162, 72, '2024-05-13 16:19:17', '2024-05-13 16:19:17'),
(4339, 162, 73, '2024-05-13 16:19:17', '2024-05-13 16:19:17'),
(4340, 162, 79, '2024-05-13 16:19:17', '2024-05-13 16:19:17'),
(4341, 162, 84, '2024-05-13 16:19:17', '2024-05-13 16:19:17'),
(4342, 162, 88, '2024-05-13 16:19:17', '2024-05-13 16:19:17'),
(4343, 162, 92, '2024-05-13 16:19:17', '2024-05-13 16:19:17'),
(4344, 162, 93, '2024-05-13 16:19:17', '2024-05-13 16:19:17'),
(4345, 162, 99, '2024-05-13 16:19:17', '2024-05-13 16:19:17'),
(4346, 162, 101, '2024-05-13 16:19:17', '2024-05-13 16:19:17'),
(4347, 162, 107, '2024-05-13 16:19:17', '2024-05-13 16:19:17'),
(4348, 162, 110, '2024-05-13 16:19:17', '2024-05-13 16:19:17'),
(4349, 162, 113, '2024-05-13 16:19:17', '2024-05-13 16:19:17'),
(4350, 162, 117, '2024-05-13 16:19:17', '2024-05-13 16:19:17'),
(4351, 163, 4, '2024-05-13 16:19:17', '2024-05-13 16:19:17'),
(4352, 163, 8, '2024-05-13 16:19:17', '2024-05-13 16:19:17'),
(4353, 163, 9, '2024-05-13 16:19:17', '2024-05-13 16:19:17'),
(4354, 163, 16, '2024-05-13 16:19:17', '2024-05-13 16:19:17'),
(4355, 163, 18, '2024-05-13 16:19:17', '2024-05-13 16:19:17'),
(4356, 163, 22, '2024-05-13 16:19:17', '2024-05-13 16:19:17'),
(4357, 163, 25, '2024-05-13 16:19:17', '2024-05-13 16:19:17'),
(4358, 163, 30, '2024-05-13 16:19:17', '2024-05-13 16:19:17'),
(4359, 163, 36, '2024-05-13 16:19:17', '2024-05-13 16:19:17'),
(4360, 163, 38, '2024-05-13 16:19:17', '2024-05-13 16:19:17'),
(4361, 163, 43, '2024-05-13 16:19:17', '2024-05-13 16:19:17'),
(4362, 163, 48, '2024-05-13 16:19:17', '2024-05-13 16:19:17'),
(4363, 163, 52, '2024-05-13 16:19:17', '2024-05-13 16:19:17'),
(4364, 163, 55, '2024-05-13 16:19:17', '2024-05-13 16:19:17'),
(4365, 163, 57, '2024-05-13 16:19:17', '2024-05-13 16:19:17'),
(4366, 163, 64, '2024-05-13 16:19:17', '2024-05-13 16:19:17'),
(4367, 163, 66, '2024-05-13 16:19:17', '2024-05-13 16:19:17'),
(4368, 163, 71, '2024-05-13 16:19:17', '2024-05-13 16:19:17'),
(4369, 163, 75, '2024-05-13 16:19:17', '2024-05-13 16:19:17'),
(4370, 163, 79, '2024-05-13 16:19:17', '2024-05-13 16:19:17'),
(4371, 163, 82, '2024-05-13 16:19:17', '2024-05-13 16:19:17'),
(4372, 163, 86, '2024-05-13 16:19:17', '2024-05-13 16:19:17'),
(4373, 163, 89, '2024-05-13 16:19:17', '2024-05-13 16:19:17'),
(4374, 163, 95, '2024-05-13 16:19:17', '2024-05-13 16:19:17'),
(4375, 163, 98, '2024-05-13 16:19:17', '2024-05-13 16:19:17'),
(4376, 163, 103, '2024-05-13 16:19:17', '2024-05-13 16:19:17'),
(4377, 163, 106, '2024-05-13 16:19:17', '2024-05-13 16:19:17'),
(4378, 163, 109, '2024-05-13 16:19:17', '2024-05-13 16:19:17'),
(4379, 163, 113, '2024-05-13 16:19:17', '2024-05-13 16:19:17'),
(4380, 163, 119, '2024-05-13 16:19:17', '2024-05-13 16:19:17'),
(4381, 164, 4, '2024-05-13 16:19:17', '2024-05-13 16:19:17'),
(4382, 164, 8, '2024-05-13 16:19:17', '2024-05-13 16:19:17'),
(4383, 164, 11, '2024-05-13 16:19:17', '2024-05-13 16:19:17'),
(4384, 164, 15, '2024-05-13 16:19:17', '2024-05-13 16:19:17'),
(4385, 164, 18, '2024-05-13 16:19:17', '2024-05-13 16:19:17'),
(4386, 164, 24, '2024-05-13 16:19:17', '2024-05-13 16:19:17'),
(4387, 164, 28, '2024-05-13 16:19:17', '2024-05-13 16:19:17'),
(4388, 164, 30, '2024-05-13 16:19:17', '2024-05-13 16:19:17'),
(4389, 164, 33, '2024-05-13 16:19:17', '2024-05-13 16:19:17'),
(4390, 164, 40, '2024-05-13 16:19:17', '2024-05-13 16:19:17'),
(4391, 164, 43, '2024-05-13 16:19:17', '2024-05-13 16:19:17'),
(4392, 164, 45, '2024-05-13 16:19:17', '2024-05-13 16:19:17'),
(4393, 164, 51, '2024-05-13 16:19:17', '2024-05-13 16:19:17'),
(4394, 164, 54, '2024-05-13 16:19:17', '2024-05-13 16:19:17'),
(4395, 164, 59, '2024-05-13 16:19:17', '2024-05-13 16:19:17'),
(4396, 164, 62, '2024-05-13 16:19:17', '2024-05-13 16:19:17'),
(4397, 164, 65, '2024-05-13 16:19:17', '2024-05-13 16:19:17'),
(4398, 164, 70, '2024-05-13 16:19:17', '2024-05-13 16:19:17'),
(4399, 164, 76, '2024-05-13 16:19:17', '2024-05-13 16:19:17'),
(4400, 164, 80, '2024-05-13 16:19:17', '2024-05-13 16:19:17'),
(4401, 164, 81, '2024-05-13 16:19:17', '2024-05-13 16:19:17'),
(4402, 164, 88, '2024-05-13 16:19:17', '2024-05-13 16:19:17'),
(4403, 164, 92, '2024-05-13 16:19:17', '2024-05-13 16:19:17'),
(4404, 164, 94, '2024-05-13 16:19:17', '2024-05-13 16:19:17'),
(4405, 164, 97, '2024-05-13 16:19:17', '2024-05-13 16:19:17'),
(4406, 164, 103, '2024-05-13 16:19:17', '2024-05-13 16:19:17'),
(4407, 164, 107, '2024-05-13 16:19:17', '2024-05-13 16:19:17'),
(4408, 164, 111, '2024-05-13 16:19:17', '2024-05-13 16:19:17'),
(4409, 164, 116, '2024-05-13 16:19:17', '2024-05-13 16:19:17'),
(4410, 164, 118, '2024-05-13 16:19:17', '2024-05-13 16:19:17'),
(4411, 165, 2, '2024-05-13 16:19:17', '2024-05-13 16:19:17'),
(4412, 165, 6, '2024-05-13 16:19:17', '2024-05-13 16:19:17'),
(4413, 165, 12, '2024-05-13 16:19:17', '2024-05-13 16:19:17'),
(4414, 165, 15, '2024-05-13 16:19:17', '2024-05-13 16:19:17'),
(4415, 165, 20, '2024-05-13 16:19:17', '2024-05-13 16:19:17'),
(4416, 165, 22, '2024-05-13 16:19:17', '2024-05-13 16:19:17'),
(4417, 165, 28, '2024-05-13 16:19:17', '2024-05-13 16:19:17'),
(4418, 165, 32, '2024-05-13 16:19:17', '2024-05-13 16:19:17'),
(4419, 165, 36, '2024-05-13 16:19:17', '2024-05-13 16:19:17'),
(4420, 165, 40, '2024-05-13 16:19:17', '2024-05-13 16:19:17'),
(4421, 165, 41, '2024-05-13 16:19:17', '2024-05-13 16:19:17'),
(4422, 165, 46, '2024-05-13 16:19:17', '2024-05-13 16:19:17'),
(4423, 165, 50, '2024-05-13 16:19:17', '2024-05-13 16:19:17'),
(4424, 165, 54, '2024-05-13 16:19:17', '2024-05-13 16:19:17'),
(4425, 165, 60, '2024-05-13 16:19:17', '2024-05-13 16:19:17'),
(4426, 165, 61, '2024-05-13 16:19:17', '2024-05-13 16:19:17'),
(4427, 165, 65, '2024-05-13 16:19:17', '2024-05-13 16:19:17'),
(4428, 165, 71, '2024-05-13 16:19:17', '2024-05-13 16:19:17'),
(4429, 165, 73, '2024-05-13 16:19:17', '2024-05-13 16:19:17'),
(4430, 165, 79, '2024-05-13 16:19:17', '2024-05-13 16:19:17'),
(4431, 165, 81, '2024-05-13 16:19:17', '2024-05-13 16:19:17'),
(4432, 165, 87, '2024-05-13 16:19:17', '2024-05-13 16:19:17'),
(4433, 165, 89, '2024-05-13 16:19:17', '2024-05-13 16:19:17'),
(4434, 165, 96, '2024-05-13 16:19:17', '2024-05-13 16:19:17'),
(4435, 165, 98, '2024-05-13 16:19:17', '2024-05-13 16:19:17'),
(4436, 165, 103, '2024-05-13 16:19:17', '2024-05-13 16:19:17'),
(4437, 165, 106, '2024-05-13 16:19:17', '2024-05-13 16:19:17'),
(4438, 165, 110, '2024-05-13 16:19:17', '2024-05-13 16:19:17'),
(4439, 165, 113, '2024-05-13 16:19:17', '2024-05-13 16:19:17'),
(4440, 165, 119, '2024-05-13 16:19:17', '2024-05-13 16:19:17'),
(4441, 166, 3, '2024-05-13 16:20:19', '2024-05-13 16:20:19'),
(4442, 166, 5, '2024-05-13 16:20:19', '2024-05-13 16:20:19'),
(4443, 166, 11, '2024-05-13 16:20:19', '2024-05-13 16:20:19'),
(4444, 166, 16, '2024-05-13 16:20:19', '2024-05-13 16:20:19'),
(4445, 166, 17, '2024-05-13 16:20:19', '2024-05-13 16:20:19'),
(4446, 166, 21, '2024-05-13 16:20:19', '2024-05-13 16:20:19'),
(4447, 166, 25, '2024-05-13 16:20:19', '2024-05-13 16:20:19'),
(4448, 166, 29, '2024-05-13 16:20:19', '2024-05-13 16:20:19'),
(4449, 166, 33, '2024-05-13 16:20:19', '2024-05-13 16:20:19'),
(4450, 166, 40, '2024-05-13 16:20:19', '2024-05-13 16:20:19'),
(4451, 166, 42, '2024-05-13 16:20:19', '2024-05-13 16:20:19'),
(4452, 166, 46, '2024-05-13 16:20:19', '2024-05-13 16:20:19'),
(4453, 166, 51, '2024-05-13 16:20:19', '2024-05-13 16:20:19'),
(4454, 166, 55, '2024-05-13 16:20:19', '2024-05-13 16:20:19'),
(4455, 166, 58, '2024-05-13 16:20:19', '2024-05-13 16:20:19'),
(4456, 166, 64, '2024-05-13 16:20:19', '2024-05-13 16:20:19'),
(4457, 166, 65, '2024-05-13 16:20:19', '2024-05-13 16:20:19'),
(4458, 166, 69, '2024-05-13 16:20:19', '2024-05-13 16:20:19'),
(4459, 166, 74, '2024-05-13 16:20:19', '2024-05-13 16:20:19'),
(4460, 166, 80, '2024-05-13 16:20:19', '2024-05-13 16:20:19'),
(4461, 166, 84, '2024-05-13 16:20:19', '2024-05-13 16:20:19'),
(4462, 166, 87, '2024-05-13 16:20:19', '2024-05-13 16:20:19'),
(4463, 166, 89, '2024-05-13 16:20:19', '2024-05-13 16:20:19'),
(4464, 166, 94, '2024-05-13 16:20:19', '2024-05-13 16:20:19'),
(4465, 166, 97, '2024-05-13 16:20:19', '2024-05-13 16:20:19'),
(4466, 166, 101, '2024-05-13 16:20:19', '2024-05-13 16:20:19'),
(4467, 166, 108, '2024-05-13 16:20:19', '2024-05-13 16:20:19'),
(4468, 166, 111, '2024-05-13 16:20:19', '2024-05-13 16:20:19'),
(4469, 166, 113, '2024-05-13 16:20:19', '2024-05-13 16:20:19'),
(4470, 166, 118, '2024-05-13 16:20:19', '2024-05-13 16:20:19'),
(4471, 167, 4, '2024-05-13 16:20:19', '2024-05-13 16:20:19'),
(4472, 167, 8, '2024-05-13 16:20:19', '2024-05-13 16:20:19'),
(4473, 167, 11, '2024-05-13 16:20:19', '2024-05-13 16:20:19'),
(4474, 167, 16, '2024-05-13 16:20:19', '2024-05-13 16:20:19'),
(4475, 167, 19, '2024-05-13 16:20:19', '2024-05-13 16:20:19'),
(4476, 167, 21, '2024-05-13 16:20:19', '2024-05-13 16:20:19'),
(4477, 167, 26, '2024-05-13 16:20:19', '2024-05-13 16:20:19'),
(4478, 167, 31, '2024-05-13 16:20:19', '2024-05-13 16:20:19'),
(4479, 167, 35, '2024-05-13 16:20:19', '2024-05-13 16:20:19'),
(4480, 167, 40, '2024-05-13 16:20:19', '2024-05-13 16:20:19'),
(4481, 167, 43, '2024-05-13 16:20:19', '2024-05-13 16:20:19'),
(4482, 167, 45, '2024-05-13 16:20:19', '2024-05-13 16:20:19'),
(4483, 167, 49, '2024-05-13 16:20:19', '2024-05-13 16:20:19'),
(4484, 167, 56, '2024-05-13 16:20:19', '2024-05-13 16:20:19'),
(4485, 167, 57, '2024-05-13 16:20:19', '2024-05-13 16:20:19'),
(4486, 167, 64, '2024-05-13 16:20:19', '2024-05-13 16:20:19'),
(4487, 167, 66, '2024-05-13 16:20:19', '2024-05-13 16:20:19'),
(4488, 167, 70, '2024-05-13 16:20:19', '2024-05-13 16:20:19'),
(4489, 167, 76, '2024-05-13 16:20:19', '2024-05-13 16:20:19'),
(4490, 167, 78, '2024-05-13 16:20:19', '2024-05-13 16:20:19'),
(4491, 167, 83, '2024-05-13 16:20:19', '2024-05-13 16:20:19'),
(4492, 167, 86, '2024-05-13 16:20:19', '2024-05-13 16:20:19'),
(4493, 167, 92, '2024-05-13 16:20:19', '2024-05-13 16:20:19'),
(4494, 167, 95, '2024-05-13 16:20:19', '2024-05-13 16:20:19'),
(4495, 167, 99, '2024-05-13 16:20:19', '2024-05-13 16:20:19'),
(4496, 167, 104, '2024-05-13 16:20:19', '2024-05-13 16:20:19'),
(4497, 167, 108, '2024-05-13 16:20:19', '2024-05-13 16:20:19'),
(4498, 167, 109, '2024-05-13 16:20:19', '2024-05-13 16:20:19'),
(4499, 167, 116, '2024-05-13 16:20:19', '2024-05-13 16:20:19'),
(4500, 167, 120, '2024-05-13 16:20:19', '2024-05-13 16:20:19'),
(4501, 168, 3, '2024-05-13 16:20:19', '2024-05-13 16:20:19'),
(4502, 168, 5, '2024-05-13 16:20:19', '2024-05-13 16:20:19'),
(4503, 168, 10, '2024-05-13 16:20:19', '2024-05-13 16:20:19'),
(4504, 168, 15, '2024-05-13 16:20:19', '2024-05-13 16:20:19'),
(4505, 168, 17, '2024-05-13 16:20:19', '2024-05-13 16:20:19'),
(4506, 168, 21, '2024-05-13 16:20:19', '2024-05-13 16:20:19'),
(4507, 168, 27, '2024-05-13 16:20:19', '2024-05-13 16:20:19'),
(4508, 168, 29, '2024-05-13 16:20:19', '2024-05-13 16:20:19'),
(4509, 168, 36, '2024-05-13 16:20:19', '2024-05-13 16:20:19'),
(4510, 168, 39, '2024-05-13 16:20:19', '2024-05-13 16:20:19'),
(4511, 168, 44, '2024-05-13 16:20:19', '2024-05-13 16:20:19'),
(4512, 168, 46, '2024-05-13 16:20:19', '2024-05-13 16:20:19'),
(4513, 168, 50, '2024-05-13 16:20:19', '2024-05-13 16:20:19'),
(4514, 168, 53, '2024-05-13 16:20:19', '2024-05-13 16:20:19'),
(4515, 168, 58, '2024-05-13 16:20:19', '2024-05-13 16:20:19'),
(4516, 168, 62, '2024-05-13 16:20:19', '2024-05-13 16:20:19'),
(4517, 168, 68, '2024-05-13 16:20:19', '2024-05-13 16:20:19'),
(4518, 168, 71, '2024-05-13 16:20:19', '2024-05-13 16:20:19'),
(4519, 168, 74, '2024-05-13 16:20:19', '2024-05-13 16:20:19'),
(4520, 168, 79, '2024-05-13 16:20:19', '2024-05-13 16:20:19'),
(4521, 168, 83, '2024-05-13 16:20:19', '2024-05-13 16:20:19'),
(4522, 168, 85, '2024-05-13 16:20:19', '2024-05-13 16:20:19'),
(4523, 168, 89, '2024-05-13 16:20:19', '2024-05-13 16:20:19'),
(4524, 168, 94, '2024-05-13 16:20:19', '2024-05-13 16:20:19'),
(4525, 168, 99, '2024-05-13 16:20:19', '2024-05-13 16:20:19'),
(4526, 168, 103, '2024-05-13 16:20:19', '2024-05-13 16:20:19'),
(4527, 168, 108, '2024-05-13 16:20:19', '2024-05-13 16:20:19'),
(4528, 168, 112, '2024-05-13 16:20:19', '2024-05-13 16:20:19'),
(4529, 168, 114, '2024-05-13 16:20:19', '2024-05-13 16:20:19'),
(4530, 168, 120, '2024-05-13 16:20:19', '2024-05-13 16:20:19'),
(4531, 169, 1, '2024-05-13 16:20:19', '2024-05-13 16:20:19'),
(4532, 169, 6, '2024-05-13 16:20:19', '2024-05-13 16:20:19'),
(4533, 169, 11, '2024-05-13 16:20:19', '2024-05-13 16:20:19'),
(4534, 169, 16, '2024-05-13 16:20:19', '2024-05-13 16:20:19'),
(4535, 169, 19, '2024-05-13 16:20:19', '2024-05-13 16:20:19'),
(4536, 169, 21, '2024-05-13 16:20:19', '2024-05-13 16:20:19'),
(4537, 169, 28, '2024-05-13 16:20:19', '2024-05-13 16:20:19'),
(4538, 169, 32, '2024-05-13 16:20:19', '2024-05-13 16:20:19'),
(4539, 169, 36, '2024-05-13 16:20:19', '2024-05-13 16:20:19'),
(4540, 169, 40, '2024-05-13 16:20:19', '2024-05-13 16:20:19'),
(4541, 169, 43, '2024-05-13 16:20:19', '2024-05-13 16:20:19'),
(4542, 169, 47, '2024-05-13 16:20:19', '2024-05-13 16:20:19'),
(4543, 169, 50, '2024-05-13 16:20:19', '2024-05-13 16:20:19'),
(4544, 169, 53, '2024-05-13 16:20:19', '2024-05-13 16:20:19'),
(4545, 169, 60, '2024-05-13 16:20:19', '2024-05-13 16:20:19'),
(4546, 169, 61, '2024-05-13 16:20:19', '2024-05-13 16:20:19'),
(4547, 169, 67, '2024-05-13 16:20:19', '2024-05-13 16:20:19'),
(4548, 169, 71, '2024-05-13 16:20:19', '2024-05-13 16:20:19'),
(4549, 169, 76, '2024-05-13 16:20:19', '2024-05-13 16:20:19'),
(4550, 169, 78, '2024-05-13 16:20:19', '2024-05-13 16:20:19'),
(4551, 169, 82, '2024-05-13 16:20:19', '2024-05-13 16:20:19'),
(4552, 169, 87, '2024-05-13 16:20:19', '2024-05-13 16:20:19'),
(4553, 169, 89, '2024-05-13 16:20:19', '2024-05-13 16:20:19'),
(4554, 169, 93, '2024-05-13 16:20:19', '2024-05-13 16:20:19'),
(4555, 169, 99, '2024-05-13 16:20:19', '2024-05-13 16:20:19'),
(4556, 169, 104, '2024-05-13 16:20:19', '2024-05-13 16:20:19'),
(4557, 169, 105, '2024-05-13 16:20:19', '2024-05-13 16:20:19'),
(4558, 169, 110, '2024-05-13 16:20:19', '2024-05-13 16:20:19'),
(4559, 169, 115, '2024-05-13 16:20:19', '2024-05-13 16:20:19'),
(4560, 169, 120, '2024-05-13 16:20:19', '2024-05-13 16:20:19'),
(4561, 170, 4, '2024-05-13 16:20:19', '2024-05-13 16:20:19'),
(4562, 170, 7, '2024-05-13 16:20:19', '2024-05-13 16:20:19'),
(4563, 170, 11, '2024-05-13 16:20:19', '2024-05-13 16:20:19'),
(4564, 170, 16, '2024-05-13 16:20:19', '2024-05-13 16:20:19'),
(4565, 170, 18, '2024-05-13 16:20:19', '2024-05-13 16:20:19'),
(4566, 170, 23, '2024-05-13 16:20:19', '2024-05-13 16:20:19'),
(4567, 170, 27, '2024-05-13 16:20:19', '2024-05-13 16:20:19'),
(4568, 170, 29, '2024-05-13 16:20:19', '2024-05-13 16:20:19'),
(4569, 170, 35, '2024-05-13 16:20:19', '2024-05-13 16:20:19'),
(4570, 170, 40, '2024-05-13 16:20:19', '2024-05-13 16:20:19'),
(4571, 170, 43, '2024-05-13 16:20:19', '2024-05-13 16:20:19'),
(4572, 170, 48, '2024-05-13 16:20:19', '2024-05-13 16:20:19'),
(4573, 170, 51, '2024-05-13 16:20:19', '2024-05-13 16:20:19'),
(4574, 170, 55, '2024-05-13 16:20:19', '2024-05-13 16:20:19'),
(4575, 170, 58, '2024-05-13 16:20:19', '2024-05-13 16:20:19'),
(4576, 170, 63, '2024-05-13 16:20:19', '2024-05-13 16:20:19'),
(4577, 170, 65, '2024-05-13 16:20:19', '2024-05-13 16:20:19'),
(4578, 170, 69, '2024-05-13 16:20:19', '2024-05-13 16:20:19'),
(4579, 170, 74, '2024-05-13 16:20:19', '2024-05-13 16:20:19'),
(4580, 170, 80, '2024-05-13 16:20:19', '2024-05-13 16:20:19'),
(4581, 170, 82, '2024-05-13 16:20:19', '2024-05-13 16:20:19'),
(4582, 170, 85, '2024-05-13 16:20:19', '2024-05-13 16:20:19'),
(4583, 170, 90, '2024-05-13 16:20:19', '2024-05-13 16:20:19'),
(4584, 170, 93, '2024-05-13 16:20:19', '2024-05-13 16:20:19'),
(4585, 170, 97, '2024-05-13 16:20:19', '2024-05-13 16:20:19'),
(4586, 170, 102, '2024-05-13 16:20:19', '2024-05-13 16:20:19'),
(4587, 170, 105, '2024-05-13 16:20:19', '2024-05-13 16:20:19'),
(4588, 170, 109, '2024-05-13 16:20:19', '2024-05-13 16:20:19'),
(4589, 170, 116, '2024-05-13 16:20:19', '2024-05-13 16:20:19'),
(4590, 170, 118, '2024-05-13 16:20:19', '2024-05-13 16:20:19'),
(4591, 171, 2, '2024-05-13 16:20:19', '2024-05-13 16:20:19'),
(4592, 171, 6, '2024-05-13 16:20:19', '2024-05-13 16:20:19'),
(4593, 171, 9, '2024-05-13 16:20:19', '2024-05-13 16:20:19'),
(4594, 171, 14, '2024-05-13 16:20:19', '2024-05-13 16:20:19'),
(4595, 171, 19, '2024-05-13 16:20:19', '2024-05-13 16:20:19'),
(4596, 171, 21, '2024-05-13 16:20:19', '2024-05-13 16:20:19'),
(4597, 171, 27, '2024-05-13 16:20:19', '2024-05-13 16:20:19'),
(4598, 171, 31, '2024-05-13 16:20:19', '2024-05-13 16:20:19'),
(4599, 171, 33, '2024-05-13 16:20:19', '2024-05-13 16:20:19'),
(4600, 171, 37, '2024-05-13 16:20:19', '2024-05-13 16:20:19'),
(4601, 171, 43, '2024-05-13 16:20:19', '2024-05-13 16:20:19'),
(4602, 171, 46, '2024-05-13 16:20:19', '2024-05-13 16:20:19'),
(4603, 171, 50, '2024-05-13 16:20:19', '2024-05-13 16:20:19'),
(4604, 171, 55, '2024-05-13 16:20:19', '2024-05-13 16:20:19'),
(4605, 171, 58, '2024-05-13 16:20:19', '2024-05-13 16:20:19'),
(4606, 171, 62, '2024-05-13 16:20:19', '2024-05-13 16:20:19'),
(4607, 171, 66, '2024-05-13 16:20:19', '2024-05-13 16:20:19'),
(4608, 171, 70, '2024-05-13 16:20:19', '2024-05-13 16:20:19'),
(4609, 171, 74, '2024-05-13 16:20:19', '2024-05-13 16:20:19'),
(4610, 171, 80, '2024-05-13 16:20:19', '2024-05-13 16:20:19'),
(4611, 171, 81, '2024-05-13 16:20:19', '2024-05-13 16:20:19'),
(4612, 171, 86, '2024-05-13 16:20:19', '2024-05-13 16:20:19'),
(4613, 171, 90, '2024-05-13 16:20:19', '2024-05-13 16:20:19'),
(4614, 171, 94, '2024-05-13 16:20:19', '2024-05-13 16:20:19'),
(4615, 171, 98, '2024-05-13 16:20:19', '2024-05-13 16:20:19'),
(4616, 171, 103, '2024-05-13 16:20:19', '2024-05-13 16:20:19'),
(4617, 171, 107, '2024-05-13 16:20:19', '2024-05-13 16:20:19'),
(4618, 171, 110, '2024-05-13 16:20:19', '2024-05-13 16:20:19'),
(4619, 171, 115, '2024-05-13 16:20:19', '2024-05-13 16:20:19'),
(4620, 171, 118, '2024-05-13 16:20:19', '2024-05-13 16:20:19'),
(4621, 172, 2, '2024-05-13 16:21:21', '2024-05-13 16:21:21'),
(4622, 172, 5, '2024-05-13 16:21:21', '2024-05-13 16:21:21'),
(4623, 172, 12, '2024-05-13 16:21:21', '2024-05-13 16:21:21'),
(4624, 172, 14, '2024-05-13 16:21:21', '2024-05-13 16:21:21'),
(4625, 172, 19, '2024-05-13 16:21:21', '2024-05-13 16:21:21'),
(4626, 172, 21, '2024-05-13 16:21:21', '2024-05-13 16:21:21'),
(4627, 172, 25, '2024-05-13 16:21:21', '2024-05-13 16:21:21'),
(4628, 172, 32, '2024-05-13 16:21:21', '2024-05-13 16:21:21'),
(4629, 172, 36, '2024-05-13 16:21:21', '2024-05-13 16:21:21'),
(4630, 172, 38, '2024-05-13 16:21:21', '2024-05-13 16:21:21'),
(4631, 172, 41, '2024-05-13 16:21:21', '2024-05-13 16:21:21'),
(4632, 172, 46, '2024-05-13 16:21:21', '2024-05-13 16:21:21'),
(4633, 172, 49, '2024-05-13 16:21:21', '2024-05-13 16:21:21'),
(4634, 172, 56, '2024-05-13 16:21:21', '2024-05-13 16:21:21'),
(4635, 172, 60, '2024-05-13 16:21:21', '2024-05-13 16:21:21'),
(4636, 172, 63, '2024-05-13 16:21:21', '2024-05-13 16:21:21'),
(4637, 172, 67, '2024-05-13 16:21:21', '2024-05-13 16:21:21'),
(4638, 172, 69, '2024-05-13 16:21:21', '2024-05-13 16:21:21'),
(4639, 172, 76, '2024-05-13 16:21:21', '2024-05-13 16:21:21'),
(4640, 172, 78, '2024-05-13 16:21:21', '2024-05-13 16:21:21'),
(4641, 172, 82, '2024-05-13 16:21:21', '2024-05-13 16:21:21'),
(4642, 172, 87, '2024-05-13 16:21:21', '2024-05-13 16:21:21'),
(4643, 172, 91, '2024-05-13 16:21:21', '2024-05-13 16:21:21'),
(4644, 172, 94, '2024-05-13 16:21:21', '2024-05-13 16:21:21'),
(4645, 172, 98, '2024-05-13 16:21:21', '2024-05-13 16:21:21'),
(4646, 172, 102, '2024-05-13 16:21:21', '2024-05-13 16:21:21'),
(4647, 172, 107, '2024-05-13 16:21:21', '2024-05-13 16:21:21'),
(4648, 172, 110, '2024-05-13 16:21:21', '2024-05-13 16:21:21'),
(4649, 172, 116, '2024-05-13 16:21:21', '2024-05-13 16:21:21'),
(4650, 172, 118, '2024-05-13 16:21:21', '2024-05-13 16:21:21'),
(4651, 173, 1, '2024-05-13 16:21:21', '2024-05-13 16:21:21'),
(4652, 173, 6, '2024-05-13 16:21:21', '2024-05-13 16:21:21'),
(4653, 173, 10, '2024-05-13 16:21:21', '2024-05-13 16:21:21'),
(4654, 173, 13, '2024-05-13 16:21:21', '2024-05-13 16:21:21'),
(4655, 173, 19, '2024-05-13 16:21:21', '2024-05-13 16:21:21'),
(4656, 173, 22, '2024-05-13 16:21:21', '2024-05-13 16:21:21'),
(4657, 173, 25, '2024-05-13 16:21:21', '2024-05-13 16:21:21'),
(4658, 173, 30, '2024-05-13 16:21:21', '2024-05-13 16:21:21'),
(4659, 173, 34, '2024-05-13 16:21:21', '2024-05-13 16:21:21'),
(4660, 173, 39, '2024-05-13 16:21:21', '2024-05-13 16:21:21'),
(4661, 173, 42, '2024-05-13 16:21:21', '2024-05-13 16:21:21'),
(4662, 173, 48, '2024-05-13 16:21:21', '2024-05-13 16:21:21'),
(4663, 173, 52, '2024-05-13 16:21:21', '2024-05-13 16:21:21'),
(4664, 173, 56, '2024-05-13 16:21:21', '2024-05-13 16:21:21'),
(4665, 173, 59, '2024-05-13 16:21:21', '2024-05-13 16:21:21'),
(4666, 173, 63, '2024-05-13 16:21:21', '2024-05-13 16:21:21'),
(4667, 173, 68, '2024-05-13 16:21:21', '2024-05-13 16:21:21'),
(4668, 173, 71, '2024-05-13 16:21:21', '2024-05-13 16:21:21'),
(4669, 173, 76, '2024-05-13 16:21:21', '2024-05-13 16:21:21'),
(4670, 173, 77, '2024-05-13 16:21:21', '2024-05-13 16:21:21'),
(4671, 173, 81, '2024-05-13 16:21:21', '2024-05-13 16:21:21'),
(4672, 173, 88, '2024-05-13 16:21:21', '2024-05-13 16:21:21'),
(4673, 173, 92, '2024-05-13 16:21:21', '2024-05-13 16:21:21'),
(4674, 173, 94, '2024-05-13 16:21:21', '2024-05-13 16:21:21'),
(4675, 173, 97, '2024-05-13 16:21:21', '2024-05-13 16:21:21'),
(4676, 173, 104, '2024-05-13 16:21:21', '2024-05-13 16:21:21'),
(4677, 173, 105, '2024-05-13 16:21:21', '2024-05-13 16:21:21'),
(4678, 173, 111, '2024-05-13 16:21:21', '2024-05-13 16:21:21'),
(4679, 173, 113, '2024-05-13 16:21:21', '2024-05-13 16:21:21'),
(4680, 173, 119, '2024-05-13 16:21:21', '2024-05-13 16:21:21'),
(4681, 174, 2, '2024-05-13 16:21:21', '2024-05-13 16:21:21'),
(4682, 174, 8, '2024-05-13 16:21:21', '2024-05-13 16:21:21'),
(4683, 174, 10, '2024-05-13 16:21:21', '2024-05-13 16:21:21'),
(4684, 174, 16, '2024-05-13 16:21:21', '2024-05-13 16:21:21'),
(4685, 174, 20, '2024-05-13 16:21:21', '2024-05-13 16:21:21'),
(4686, 174, 24, '2024-05-13 16:21:21', '2024-05-13 16:21:21'),
(4687, 174, 26, '2024-05-13 16:21:21', '2024-05-13 16:21:21'),
(4688, 174, 31, '2024-05-13 16:21:21', '2024-05-13 16:21:21'),
(4689, 174, 34, '2024-05-13 16:21:21', '2024-05-13 16:21:21'),
(4690, 174, 37, '2024-05-13 16:21:21', '2024-05-13 16:21:21'),
(4691, 174, 42, '2024-05-13 16:21:21', '2024-05-13 16:21:21'),
(4692, 174, 48, '2024-05-13 16:21:21', '2024-05-13 16:21:21'),
(4693, 174, 49, '2024-05-13 16:21:21', '2024-05-13 16:21:21'),
(4694, 174, 56, '2024-05-13 16:21:21', '2024-05-13 16:21:21'),
(4695, 174, 58, '2024-05-13 16:21:21', '2024-05-13 16:21:21'),
(4696, 174, 63, '2024-05-13 16:21:21', '2024-05-13 16:21:21'),
(4697, 174, 65, '2024-05-13 16:21:21', '2024-05-13 16:21:21'),
(4698, 174, 69, '2024-05-13 16:21:21', '2024-05-13 16:21:21'),
(4699, 174, 76, '2024-05-13 16:21:21', '2024-05-13 16:21:21'),
(4700, 174, 77, '2024-05-13 16:21:21', '2024-05-13 16:21:21'),
(4701, 174, 81, '2024-05-13 16:21:21', '2024-05-13 16:21:21'),
(4702, 174, 88, '2024-05-13 16:21:21', '2024-05-13 16:21:21'),
(4703, 174, 92, '2024-05-13 16:21:21', '2024-05-13 16:21:21'),
(4704, 174, 93, '2024-05-13 16:21:21', '2024-05-13 16:21:21'),
(4705, 174, 100, '2024-05-13 16:21:21', '2024-05-13 16:21:21'),
(4706, 174, 104, '2024-05-13 16:21:21', '2024-05-13 16:21:21'),
(4707, 174, 108, '2024-05-13 16:21:21', '2024-05-13 16:21:21'),
(4708, 174, 110, '2024-05-13 16:21:21', '2024-05-13 16:21:21'),
(4709, 174, 115, '2024-05-13 16:21:21', '2024-05-13 16:21:21'),
(4710, 174, 119, '2024-05-13 16:21:21', '2024-05-13 16:21:21'),
(4711, 175, 4, '2024-05-13 16:21:21', '2024-05-13 16:21:21'),
(4712, 175, 5, '2024-05-13 16:21:21', '2024-05-13 16:21:21'),
(4713, 175, 12, '2024-05-13 16:21:21', '2024-05-13 16:21:21'),
(4714, 175, 15, '2024-05-13 16:21:21', '2024-05-13 16:21:21'),
(4715, 175, 18, '2024-05-13 16:21:21', '2024-05-13 16:21:21'),
(4716, 175, 23, '2024-05-13 16:21:21', '2024-05-13 16:21:21'),
(4717, 175, 26, '2024-05-13 16:21:21', '2024-05-13 16:21:21'),
(4718, 175, 32, '2024-05-13 16:21:21', '2024-05-13 16:21:21'),
(4719, 175, 36, '2024-05-13 16:21:21', '2024-05-13 16:21:21'),
(4720, 175, 37, '2024-05-13 16:21:21', '2024-05-13 16:21:21'),
(4721, 175, 41, '2024-05-13 16:21:21', '2024-05-13 16:21:21'),
(4722, 175, 45, '2024-05-13 16:21:21', '2024-05-13 16:21:21'),
(4723, 175, 49, '2024-05-13 16:21:21', '2024-05-13 16:21:21'),
(4724, 175, 53, '2024-05-13 16:21:21', '2024-05-13 16:21:21'),
(4725, 175, 57, '2024-05-13 16:21:21', '2024-05-13 16:21:21'),
(4726, 175, 61, '2024-05-13 16:21:21', '2024-05-13 16:21:21'),
(4727, 175, 66, '2024-05-13 16:21:21', '2024-05-13 16:21:21'),
(4728, 175, 69, '2024-05-13 16:21:21', '2024-05-13 16:21:21'),
(4729, 175, 73, '2024-05-13 16:21:21', '2024-05-13 16:21:21'),
(4730, 175, 79, '2024-05-13 16:21:21', '2024-05-13 16:21:21'),
(4731, 175, 83, '2024-05-13 16:21:21', '2024-05-13 16:21:21'),
(4732, 175, 85, '2024-05-13 16:21:21', '2024-05-13 16:21:21'),
(4733, 175, 90, '2024-05-13 16:21:21', '2024-05-13 16:21:21'),
(4734, 175, 96, '2024-05-13 16:21:21', '2024-05-13 16:21:21'),
(4735, 175, 99, '2024-05-13 16:21:21', '2024-05-13 16:21:21'),
(4736, 175, 101, '2024-05-13 16:21:21', '2024-05-13 16:21:21'),
(4737, 175, 106, '2024-05-13 16:21:21', '2024-05-13 16:21:21'),
(4738, 175, 110, '2024-05-13 16:21:21', '2024-05-13 16:21:21'),
(4739, 175, 114, '2024-05-13 16:21:21', '2024-05-13 16:21:21'),
(4740, 175, 119, '2024-05-13 16:21:21', '2024-05-13 16:21:21'),
(4741, 176, 1, '2024-05-13 16:21:21', '2024-05-13 16:21:21'),
(4742, 176, 5, '2024-05-13 16:21:21', '2024-05-13 16:21:21'),
(4743, 176, 10, '2024-05-13 16:21:21', '2024-05-13 16:21:21'),
(4744, 176, 14, '2024-05-13 16:21:21', '2024-05-13 16:21:21'),
(4745, 176, 20, '2024-05-13 16:21:21', '2024-05-13 16:21:21'),
(4746, 176, 21, '2024-05-13 16:21:21', '2024-05-13 16:21:21'),
(4747, 176, 26, '2024-05-13 16:21:21', '2024-05-13 16:21:21'),
(4748, 176, 32, '2024-05-13 16:21:21', '2024-05-13 16:21:21'),
(4749, 176, 36, '2024-05-13 16:21:21', '2024-05-13 16:21:21'),
(4750, 176, 40, '2024-05-13 16:21:21', '2024-05-13 16:21:21'),
(4751, 176, 42, '2024-05-13 16:21:21', '2024-05-13 16:21:21'),
(4752, 176, 47, '2024-05-13 16:21:21', '2024-05-13 16:21:21'),
(4753, 176, 49, '2024-05-13 16:21:21', '2024-05-13 16:21:21'),
(4754, 176, 56, '2024-05-13 16:21:21', '2024-05-13 16:21:21'),
(4755, 176, 60, '2024-05-13 16:21:21', '2024-05-13 16:21:21'),
(4756, 176, 63, '2024-05-13 16:21:21', '2024-05-13 16:21:21'),
(4757, 176, 65, '2024-05-13 16:21:21', '2024-05-13 16:21:21'),
(4758, 176, 71, '2024-05-13 16:21:21', '2024-05-13 16:21:21'),
(4759, 176, 75, '2024-05-13 16:21:21', '2024-05-13 16:21:21'),
(4760, 176, 79, '2024-05-13 16:21:21', '2024-05-13 16:21:21'),
(4761, 176, 82, '2024-05-13 16:21:21', '2024-05-13 16:21:21'),
(4762, 176, 88, '2024-05-13 16:21:21', '2024-05-13 16:21:21'),
(4763, 176, 89, '2024-05-13 16:21:21', '2024-05-13 16:21:21'),
(4764, 176, 93, '2024-05-13 16:21:21', '2024-05-13 16:21:21'),
(4765, 176, 99, '2024-05-13 16:21:21', '2024-05-13 16:21:21'),
(4766, 176, 104, '2024-05-13 16:21:21', '2024-05-13 16:21:21'),
(4767, 176, 107, '2024-05-13 16:21:21', '2024-05-13 16:21:21'),
(4768, 176, 109, '2024-05-13 16:21:21', '2024-05-13 16:21:21'),
(4769, 176, 114, '2024-05-13 16:21:21', '2024-05-13 16:21:21'),
(4770, 176, 119, '2024-05-13 16:21:21', '2024-05-13 16:21:21'),
(4771, 177, 2, '2024-05-13 16:21:21', '2024-05-13 16:21:21'),
(4772, 177, 6, '2024-05-13 16:21:21', '2024-05-13 16:21:21'),
(4773, 177, 11, '2024-05-13 16:21:21', '2024-05-13 16:21:21'),
(4774, 177, 15, '2024-05-13 16:21:21', '2024-05-13 16:21:21'),
(4775, 177, 18, '2024-05-13 16:21:21', '2024-05-13 16:21:21'),
(4776, 177, 22, '2024-05-13 16:21:21', '2024-05-13 16:21:21'),
(4777, 177, 25, '2024-05-13 16:21:21', '2024-05-13 16:21:21'),
(4778, 177, 29, '2024-05-13 16:21:21', '2024-05-13 16:21:21'),
(4779, 177, 35, '2024-05-13 16:21:21', '2024-05-13 16:21:21'),
(4780, 177, 40, '2024-05-13 16:21:21', '2024-05-13 16:21:21'),
(4781, 177, 44, '2024-05-13 16:21:21', '2024-05-13 16:21:21'),
(4782, 177, 47, '2024-05-13 16:21:21', '2024-05-13 16:21:21'),
(4783, 177, 51, '2024-05-13 16:21:21', '2024-05-13 16:21:21'),
(4784, 177, 56, '2024-05-13 16:21:21', '2024-05-13 16:21:21'),
(4785, 177, 58, '2024-05-13 16:21:21', '2024-05-13 16:21:21'),
(4786, 177, 62, '2024-05-13 16:21:21', '2024-05-13 16:21:21'),
(4787, 177, 66, '2024-05-13 16:21:21', '2024-05-13 16:21:21'),
(4788, 177, 70, '2024-05-13 16:21:21', '2024-05-13 16:21:21'),
(4789, 177, 76, '2024-05-13 16:21:21', '2024-05-13 16:21:21'),
(4790, 177, 78, '2024-05-13 16:21:21', '2024-05-13 16:21:21'),
(4791, 177, 81, '2024-05-13 16:21:21', '2024-05-13 16:21:21'),
(4792, 177, 88, '2024-05-13 16:21:21', '2024-05-13 16:21:21'),
(4793, 177, 92, '2024-05-13 16:21:21', '2024-05-13 16:21:21'),
(4794, 177, 95, '2024-05-13 16:21:21', '2024-05-13 16:21:21'),
(4795, 177, 98, '2024-05-13 16:21:21', '2024-05-13 16:21:21'),
(4796, 177, 102, '2024-05-13 16:21:21', '2024-05-13 16:21:21'),
(4797, 177, 108, '2024-05-13 16:21:21', '2024-05-13 16:21:21'),
(4798, 177, 112, '2024-05-13 16:21:21', '2024-05-13 16:21:21'),
(4799, 177, 114, '2024-05-13 16:21:21', '2024-05-13 16:21:21'),
(4800, 177, 120, '2024-05-13 16:21:21', '2024-05-13 16:21:21'),
(4801, 178, 2, '2024-05-13 16:22:04', '2024-05-13 16:22:04'),
(4802, 178, 8, '2024-05-13 16:22:04', '2024-05-13 16:22:04'),
(4803, 178, 10, '2024-05-13 16:22:04', '2024-05-13 16:22:04'),
(4804, 178, 14, '2024-05-13 16:22:04', '2024-05-13 16:22:04'),
(4805, 178, 17, '2024-05-13 16:22:04', '2024-05-13 16:22:04'),
(4806, 178, 22, '2024-05-13 16:22:04', '2024-05-13 16:22:04'),
(4807, 178, 28, '2024-05-13 16:22:04', '2024-05-13 16:22:04'),
(4808, 178, 30, '2024-05-13 16:22:04', '2024-05-13 16:22:04'),
(4809, 178, 35, '2024-05-13 16:22:04', '2024-05-13 16:22:04'),
(4810, 178, 38, '2024-05-13 16:22:04', '2024-05-13 16:22:04'),
(4811, 178, 42, '2024-05-13 16:22:04', '2024-05-13 16:22:04'),
(4812, 178, 46, '2024-05-13 16:22:04', '2024-05-13 16:22:04'),
(4813, 178, 50, '2024-05-13 16:22:04', '2024-05-13 16:22:04'),
(4814, 178, 55, '2024-05-13 16:22:04', '2024-05-13 16:22:04'),
(4815, 178, 57, '2024-05-13 16:22:04', '2024-05-13 16:22:04'),
(4816, 178, 63, '2024-05-13 16:22:04', '2024-05-13 16:22:04'),
(4817, 178, 67, '2024-05-13 16:22:04', '2024-05-13 16:22:04'),
(4818, 178, 69, '2024-05-13 16:22:04', '2024-05-13 16:22:04'),
(4819, 178, 75, '2024-05-13 16:22:04', '2024-05-13 16:22:04'),
(4820, 178, 79, '2024-05-13 16:22:04', '2024-05-13 16:22:04'),
(4821, 178, 82, '2024-05-13 16:22:04', '2024-05-13 16:22:04'),
(4822, 178, 87, '2024-05-13 16:22:04', '2024-05-13 16:22:04'),
(4823, 178, 92, '2024-05-13 16:22:04', '2024-05-13 16:22:04'),
(4824, 178, 95, '2024-05-13 16:22:04', '2024-05-13 16:22:04'),
(4825, 178, 97, '2024-05-13 16:22:04', '2024-05-13 16:22:04'),
(4826, 178, 101, '2024-05-13 16:22:04', '2024-05-13 16:22:04'),
(4827, 178, 105, '2024-05-13 16:22:04', '2024-05-13 16:22:04'),
(4828, 178, 109, '2024-05-13 16:22:04', '2024-05-13 16:22:04'),
(4829, 178, 114, '2024-05-13 16:22:04', '2024-05-13 16:22:04'),
(4830, 178, 118, '2024-05-13 16:22:04', '2024-05-13 16:22:04'),
(4831, 179, 3, '2024-05-13 16:22:04', '2024-05-13 16:22:04'),
(4832, 179, 5, '2024-05-13 16:22:04', '2024-05-13 16:22:04'),
(4833, 179, 12, '2024-05-13 16:22:04', '2024-05-13 16:22:04'),
(4834, 179, 13, '2024-05-13 16:22:04', '2024-05-13 16:22:04'),
(4835, 179, 20, '2024-05-13 16:22:04', '2024-05-13 16:22:04'),
(4836, 179, 21, '2024-05-13 16:22:04', '2024-05-13 16:22:04'),
(4837, 179, 27, '2024-05-13 16:22:04', '2024-05-13 16:22:04'),
(4838, 179, 32, '2024-05-13 16:22:04', '2024-05-13 16:22:04'),
(4839, 179, 35, '2024-05-13 16:22:04', '2024-05-13 16:22:04'),
(4840, 179, 37, '2024-05-13 16:22:04', '2024-05-13 16:22:04'),
(4841, 179, 42, '2024-05-13 16:22:04', '2024-05-13 16:22:04'),
(4842, 179, 47, '2024-05-13 16:22:04', '2024-05-13 16:22:04'),
(4843, 179, 51, '2024-05-13 16:22:04', '2024-05-13 16:22:04'),
(4844, 179, 55, '2024-05-13 16:22:04', '2024-05-13 16:22:04'),
(4845, 179, 59, '2024-05-13 16:22:04', '2024-05-13 16:22:04'),
(4846, 179, 62, '2024-05-13 16:22:04', '2024-05-13 16:22:04'),
(4847, 179, 66, '2024-05-13 16:22:04', '2024-05-13 16:22:04'),
(4848, 179, 69, '2024-05-13 16:22:04', '2024-05-13 16:22:04'),
(4849, 179, 73, '2024-05-13 16:22:04', '2024-05-13 16:22:04'),
(4850, 179, 78, '2024-05-13 16:22:04', '2024-05-13 16:22:04'),
(4851, 179, 81, '2024-05-13 16:22:04', '2024-05-13 16:22:04'),
(4852, 179, 87, '2024-05-13 16:22:04', '2024-05-13 16:22:04'),
(4853, 179, 89, '2024-05-13 16:22:04', '2024-05-13 16:22:04'),
(4854, 179, 95, '2024-05-13 16:22:04', '2024-05-13 16:22:04'),
(4855, 179, 99, '2024-05-13 16:22:04', '2024-05-13 16:22:04'),
(4856, 179, 102, '2024-05-13 16:22:04', '2024-05-13 16:22:04'),
(4857, 179, 106, '2024-05-13 16:22:04', '2024-05-13 16:22:04'),
(4858, 179, 112, '2024-05-13 16:22:04', '2024-05-13 16:22:04'),
(4859, 179, 115, '2024-05-13 16:22:04', '2024-05-13 16:22:04'),
(4860, 179, 117, '2024-05-13 16:22:04', '2024-05-13 16:22:04'),
(4861, 180, 4, '2024-05-13 16:22:04', '2024-05-13 16:22:04'),
(4862, 180, 6, '2024-05-13 16:22:04', '2024-05-13 16:22:04'),
(4863, 180, 12, '2024-05-13 16:22:04', '2024-05-13 16:22:04'),
(4864, 180, 15, '2024-05-13 16:22:04', '2024-05-13 16:22:04'),
(4865, 180, 19, '2024-05-13 16:22:04', '2024-05-13 16:22:04'),
(4866, 180, 21, '2024-05-13 16:22:04', '2024-05-13 16:22:04'),
(4867, 180, 26, '2024-05-13 16:22:04', '2024-05-13 16:22:04'),
(4868, 180, 32, '2024-05-13 16:22:04', '2024-05-13 16:22:04'),
(4869, 180, 35, '2024-05-13 16:22:04', '2024-05-13 16:22:04'),
(4870, 180, 40, '2024-05-13 16:22:04', '2024-05-13 16:22:04'),
(4871, 180, 43, '2024-05-13 16:22:04', '2024-05-13 16:22:04'),
(4872, 180, 48, '2024-05-13 16:22:04', '2024-05-13 16:22:04'),
(4873, 180, 49, '2024-05-13 16:22:04', '2024-05-13 16:22:04'),
(4874, 180, 56, '2024-05-13 16:22:04', '2024-05-13 16:22:04'),
(4875, 180, 57, '2024-05-13 16:22:04', '2024-05-13 16:22:04'),
(4876, 180, 62, '2024-05-13 16:22:04', '2024-05-13 16:22:04'),
(4877, 180, 68, '2024-05-13 16:22:04', '2024-05-13 16:22:04'),
(4878, 180, 69, '2024-05-13 16:22:04', '2024-05-13 16:22:04'),
(4879, 180, 76, '2024-05-13 16:22:04', '2024-05-13 16:22:04'),
(4880, 180, 80, '2024-05-13 16:22:04', '2024-05-13 16:22:04'),
(4881, 180, 83, '2024-05-13 16:22:04', '2024-05-13 16:22:04'),
(4882, 180, 88, '2024-05-13 16:22:04', '2024-05-13 16:22:04'),
(4883, 180, 90, '2024-05-13 16:22:04', '2024-05-13 16:22:04'),
(4884, 180, 95, '2024-05-13 16:22:04', '2024-05-13 16:22:04'),
(4885, 180, 100, '2024-05-13 16:22:04', '2024-05-13 16:22:04'),
(4886, 180, 104, '2024-05-13 16:22:04', '2024-05-13 16:22:04'),
(4887, 180, 105, '2024-05-13 16:22:04', '2024-05-13 16:22:04'),
(4888, 180, 111, '2024-05-13 16:22:04', '2024-05-13 16:22:04'),
(4889, 180, 113, '2024-05-13 16:22:04', '2024-05-13 16:22:04'),
(4890, 180, 120, '2024-05-13 16:22:04', '2024-05-13 16:22:04'),
(4891, 181, 1, '2024-05-13 16:22:04', '2024-05-13 16:22:04'),
(4892, 181, 7, '2024-05-13 16:22:04', '2024-05-13 16:22:04'),
(4893, 181, 10, '2024-05-13 16:22:04', '2024-05-13 16:22:04'),
(4894, 181, 14, '2024-05-13 16:22:04', '2024-05-13 16:22:04'),
(4895, 181, 17, '2024-05-13 16:22:04', '2024-05-13 16:22:04'),
(4896, 181, 22, '2024-05-13 16:22:04', '2024-05-13 16:22:04'),
(4897, 181, 25, '2024-05-13 16:22:04', '2024-05-13 16:22:04'),
(4898, 181, 30, '2024-05-13 16:22:04', '2024-05-13 16:22:04'),
(4899, 181, 33, '2024-05-13 16:22:04', '2024-05-13 16:22:04'),
(4900, 181, 37, '2024-05-13 16:22:04', '2024-05-13 16:22:04'),
(4901, 181, 42, '2024-05-13 16:22:04', '2024-05-13 16:22:04'),
(4902, 181, 45, '2024-05-13 16:22:04', '2024-05-13 16:22:04'),
(4903, 181, 52, '2024-05-13 16:22:04', '2024-05-13 16:22:04'),
(4904, 181, 55, '2024-05-13 16:22:04', '2024-05-13 16:22:04'),
(4905, 181, 59, '2024-05-13 16:22:04', '2024-05-13 16:22:04'),
(4906, 181, 64, '2024-05-13 16:22:04', '2024-05-13 16:22:04'),
(4907, 181, 66, '2024-05-13 16:22:04', '2024-05-13 16:22:04'),
(4908, 181, 69, '2024-05-13 16:22:04', '2024-05-13 16:22:04'),
(4909, 181, 76, '2024-05-13 16:22:04', '2024-05-13 16:22:04'),
(4910, 181, 79, '2024-05-13 16:22:04', '2024-05-13 16:22:04'),
(4911, 181, 83, '2024-05-13 16:22:04', '2024-05-13 16:22:04'),
(4912, 181, 87, '2024-05-13 16:22:04', '2024-05-13 16:22:04'),
(4913, 181, 92, '2024-05-13 16:22:04', '2024-05-13 16:22:04'),
(4914, 181, 95, '2024-05-13 16:22:04', '2024-05-13 16:22:04'),
(4915, 181, 100, '2024-05-13 16:22:04', '2024-05-13 16:22:04'),
(4916, 181, 102, '2024-05-13 16:22:04', '2024-05-13 16:22:04'),
(4917, 181, 106, '2024-05-13 16:22:04', '2024-05-13 16:22:04'),
(4918, 181, 110, '2024-05-13 16:22:04', '2024-05-13 16:22:04'),
(4919, 181, 113, '2024-05-13 16:22:04', '2024-05-13 16:22:04'),
(4920, 181, 118, '2024-05-13 16:22:04', '2024-05-13 16:22:04'),
(4921, 182, 2, '2024-05-13 16:22:04', '2024-05-13 16:22:04'),
(4922, 182, 5, '2024-05-13 16:22:04', '2024-05-13 16:22:04'),
(4923, 182, 9, '2024-05-13 16:22:04', '2024-05-13 16:22:04'),
(4924, 182, 13, '2024-05-13 16:22:04', '2024-05-13 16:22:04'),
(4925, 182, 20, '2024-05-13 16:22:04', '2024-05-13 16:22:04'),
(4926, 182, 21, '2024-05-13 16:22:04', '2024-05-13 16:22:04'),
(4927, 182, 25, '2024-05-13 16:22:04', '2024-05-13 16:22:04'),
(4928, 182, 31, '2024-05-13 16:22:04', '2024-05-13 16:22:04'),
(4929, 182, 35, '2024-05-13 16:22:04', '2024-05-13 16:22:04'),
(4930, 182, 37, '2024-05-13 16:22:04', '2024-05-13 16:22:04'),
(4931, 182, 43, '2024-05-13 16:22:04', '2024-05-13 16:22:04'),
(4932, 182, 46, '2024-05-13 16:22:04', '2024-05-13 16:22:04'),
(4933, 182, 49, '2024-05-13 16:22:04', '2024-05-13 16:22:04'),
(4934, 182, 53, '2024-05-13 16:22:04', '2024-05-13 16:22:04'),
(4935, 182, 58, '2024-05-13 16:22:04', '2024-05-13 16:22:04'),
(4936, 182, 64, '2024-05-13 16:22:04', '2024-05-13 16:22:04'),
(4937, 182, 68, '2024-05-13 16:22:04', '2024-05-13 16:22:04'),
(4938, 182, 72, '2024-05-13 16:22:04', '2024-05-13 16:22:04'),
(4939, 182, 75, '2024-05-13 16:22:04', '2024-05-13 16:22:04'),
(4940, 182, 77, '2024-05-13 16:22:04', '2024-05-13 16:22:04'),
(4941, 182, 81, '2024-05-13 16:22:04', '2024-05-13 16:22:04'),
(4942, 182, 87, '2024-05-13 16:22:04', '2024-05-13 16:22:04'),
(4943, 182, 90, '2024-05-13 16:22:04', '2024-05-13 16:22:04'),
(4944, 182, 94, '2024-05-13 16:22:04', '2024-05-13 16:22:04'),
(4945, 182, 98, '2024-05-13 16:22:04', '2024-05-13 16:22:04'),
(4946, 182, 103, '2024-05-13 16:22:04', '2024-05-13 16:22:04'),
(4947, 182, 106, '2024-05-13 16:22:04', '2024-05-13 16:22:04'),
(4948, 182, 110, '2024-05-13 16:22:04', '2024-05-13 16:22:04'),
(4949, 182, 116, '2024-05-13 16:22:04', '2024-05-13 16:22:04'),
(4950, 182, 117, '2024-05-13 16:22:04', '2024-05-13 16:22:04'),
(4951, 183, 2, '2024-05-13 16:22:04', '2024-05-13 16:22:04'),
(4952, 183, 6, '2024-05-13 16:22:04', '2024-05-13 16:22:04'),
(4953, 183, 11, '2024-05-13 16:22:04', '2024-05-13 16:22:04'),
(4954, 183, 15, '2024-05-13 16:22:04', '2024-05-13 16:22:04'),
(4955, 183, 19, '2024-05-13 16:22:04', '2024-05-13 16:22:04'),
(4956, 183, 24, '2024-05-13 16:22:04', '2024-05-13 16:22:04'),
(4957, 183, 26, '2024-05-13 16:22:04', '2024-05-13 16:22:04'),
(4958, 183, 30, '2024-05-13 16:22:04', '2024-05-13 16:22:04'),
(4959, 183, 33, '2024-05-13 16:22:04', '2024-05-13 16:22:04'),
(4960, 183, 40, '2024-05-13 16:22:04', '2024-05-13 16:22:04'),
(4961, 183, 44, '2024-05-13 16:22:04', '2024-05-13 16:22:04'),
(4962, 183, 46, '2024-05-13 16:22:04', '2024-05-13 16:22:04'),
(4963, 183, 51, '2024-05-13 16:22:04', '2024-05-13 16:22:04');
INSERT INTO `penilaian_indikator` (`id_penilaian_indikator`, `id_penilaian`, `id_skala_indikator_detail`, `created_at`, `updated_at`) VALUES
(4964, 183, 55, '2024-05-13 16:22:04', '2024-05-13 16:22:04'),
(4965, 183, 58, '2024-05-13 16:22:04', '2024-05-13 16:22:04'),
(4966, 183, 63, '2024-05-13 16:22:04', '2024-05-13 16:22:04'),
(4967, 183, 65, '2024-05-13 16:22:04', '2024-05-13 16:22:04'),
(4968, 183, 70, '2024-05-13 16:22:04', '2024-05-13 16:22:04'),
(4969, 183, 74, '2024-05-13 16:22:04', '2024-05-13 16:22:04'),
(4970, 183, 79, '2024-05-13 16:22:04', '2024-05-13 16:22:04'),
(4971, 183, 81, '2024-05-13 16:22:04', '2024-05-13 16:22:04'),
(4972, 183, 88, '2024-05-13 16:22:04', '2024-05-13 16:22:04'),
(4973, 183, 90, '2024-05-13 16:22:04', '2024-05-13 16:22:04'),
(4974, 183, 96, '2024-05-13 16:22:04', '2024-05-13 16:22:04'),
(4975, 183, 99, '2024-05-13 16:22:04', '2024-05-13 16:22:04'),
(4976, 183, 101, '2024-05-13 16:22:04', '2024-05-13 16:22:04'),
(4977, 183, 106, '2024-05-13 16:22:04', '2024-05-13 16:22:04'),
(4978, 183, 111, '2024-05-13 16:22:04', '2024-05-13 16:22:04'),
(4979, 183, 115, '2024-05-13 16:22:04', '2024-05-13 16:22:04'),
(4980, 183, 117, '2024-05-13 16:22:04', '2024-05-13 16:22:04'),
(4981, 184, 4, '2024-05-13 16:23:18', '2024-05-13 16:23:18'),
(4982, 184, 5, '2024-05-13 16:23:18', '2024-05-13 16:23:18'),
(4983, 184, 9, '2024-05-13 16:23:18', '2024-05-13 16:23:18'),
(4984, 184, 16, '2024-05-13 16:23:18', '2024-05-13 16:23:18'),
(4985, 184, 18, '2024-05-13 16:23:18', '2024-05-13 16:23:18'),
(4986, 184, 21, '2024-05-13 16:23:18', '2024-05-13 16:23:18'),
(4987, 184, 27, '2024-05-13 16:23:18', '2024-05-13 16:23:18'),
(4988, 184, 29, '2024-05-13 16:23:18', '2024-05-13 16:23:18'),
(4989, 184, 34, '2024-05-13 16:23:18', '2024-05-13 16:23:18'),
(4990, 184, 37, '2024-05-13 16:23:18', '2024-05-13 16:23:18'),
(4991, 184, 42, '2024-05-13 16:23:18', '2024-05-13 16:23:18'),
(4992, 184, 47, '2024-05-13 16:23:18', '2024-05-13 16:23:18'),
(4993, 184, 50, '2024-05-13 16:23:18', '2024-05-13 16:23:18'),
(4994, 184, 55, '2024-05-13 16:23:18', '2024-05-13 16:23:18'),
(4995, 184, 59, '2024-05-13 16:23:18', '2024-05-13 16:23:18'),
(4996, 184, 64, '2024-05-13 16:23:18', '2024-05-13 16:23:18'),
(4997, 184, 67, '2024-05-13 16:23:18', '2024-05-13 16:23:18'),
(4998, 184, 69, '2024-05-13 16:23:18', '2024-05-13 16:23:18'),
(4999, 184, 75, '2024-05-13 16:23:18', '2024-05-13 16:23:18'),
(5000, 184, 80, '2024-05-13 16:23:18', '2024-05-13 16:23:18'),
(5001, 184, 82, '2024-05-13 16:23:18', '2024-05-13 16:23:18'),
(5002, 184, 88, '2024-05-13 16:23:18', '2024-05-13 16:23:18'),
(5003, 184, 91, '2024-05-13 16:23:18', '2024-05-13 16:23:18'),
(5004, 184, 96, '2024-05-13 16:23:18', '2024-05-13 16:23:18'),
(5005, 184, 99, '2024-05-13 16:23:18', '2024-05-13 16:23:18'),
(5006, 184, 101, '2024-05-13 16:23:18', '2024-05-13 16:23:18'),
(5007, 184, 107, '2024-05-13 16:23:18', '2024-05-13 16:23:18'),
(5008, 184, 109, '2024-05-13 16:23:18', '2024-05-13 16:23:18'),
(5009, 184, 114, '2024-05-13 16:23:18', '2024-05-13 16:23:18'),
(5010, 184, 120, '2024-05-13 16:23:18', '2024-05-13 16:23:18'),
(5011, 185, 2, '2024-05-13 16:23:18', '2024-05-13 16:23:18'),
(5012, 185, 5, '2024-05-13 16:23:18', '2024-05-13 16:23:18'),
(5013, 185, 12, '2024-05-13 16:23:18', '2024-05-13 16:23:18'),
(5014, 185, 13, '2024-05-13 16:23:18', '2024-05-13 16:23:18'),
(5015, 185, 20, '2024-05-13 16:23:18', '2024-05-13 16:23:18'),
(5016, 185, 23, '2024-05-13 16:23:18', '2024-05-13 16:23:18'),
(5017, 185, 27, '2024-05-13 16:23:18', '2024-05-13 16:23:18'),
(5018, 185, 30, '2024-05-13 16:23:18', '2024-05-13 16:23:18'),
(5019, 185, 33, '2024-05-13 16:23:18', '2024-05-13 16:23:18'),
(5020, 185, 37, '2024-05-13 16:23:18', '2024-05-13 16:23:18'),
(5021, 185, 44, '2024-05-13 16:23:18', '2024-05-13 16:23:18'),
(5022, 185, 47, '2024-05-13 16:23:18', '2024-05-13 16:23:18'),
(5023, 185, 50, '2024-05-13 16:23:18', '2024-05-13 16:23:18'),
(5024, 185, 53, '2024-05-13 16:23:18', '2024-05-13 16:23:18'),
(5025, 185, 60, '2024-05-13 16:23:18', '2024-05-13 16:23:18'),
(5026, 185, 62, '2024-05-13 16:23:18', '2024-05-13 16:23:18'),
(5027, 185, 66, '2024-05-13 16:23:18', '2024-05-13 16:23:18'),
(5028, 185, 71, '2024-05-13 16:23:18', '2024-05-13 16:23:18'),
(5029, 185, 73, '2024-05-13 16:23:18', '2024-05-13 16:23:18'),
(5030, 185, 80, '2024-05-13 16:23:18', '2024-05-13 16:23:18'),
(5031, 185, 82, '2024-05-13 16:23:18', '2024-05-13 16:23:18'),
(5032, 185, 88, '2024-05-13 16:23:18', '2024-05-13 16:23:18'),
(5033, 185, 89, '2024-05-13 16:23:18', '2024-05-13 16:23:18'),
(5034, 185, 94, '2024-05-13 16:23:18', '2024-05-13 16:23:18'),
(5035, 185, 100, '2024-05-13 16:23:18', '2024-05-13 16:23:18'),
(5036, 185, 101, '2024-05-13 16:23:18', '2024-05-13 16:23:18'),
(5037, 185, 107, '2024-05-13 16:23:18', '2024-05-13 16:23:18'),
(5038, 185, 109, '2024-05-13 16:23:18', '2024-05-13 16:23:18'),
(5039, 185, 114, '2024-05-13 16:23:18', '2024-05-13 16:23:18'),
(5040, 185, 119, '2024-05-13 16:23:18', '2024-05-13 16:23:18'),
(5041, 186, 1, '2024-05-13 16:23:18', '2024-05-13 16:23:18'),
(5042, 186, 5, '2024-05-13 16:23:18', '2024-05-13 16:23:18'),
(5043, 186, 10, '2024-05-13 16:23:18', '2024-05-13 16:23:18'),
(5044, 186, 13, '2024-05-13 16:23:18', '2024-05-13 16:23:18'),
(5045, 186, 20, '2024-05-13 16:23:18', '2024-05-13 16:23:18'),
(5046, 186, 22, '2024-05-13 16:23:18', '2024-05-13 16:23:18'),
(5047, 186, 26, '2024-05-13 16:23:18', '2024-05-13 16:23:18'),
(5048, 186, 32, '2024-05-13 16:23:18', '2024-05-13 16:23:18'),
(5049, 186, 33, '2024-05-13 16:23:18', '2024-05-13 16:23:18'),
(5050, 186, 39, '2024-05-13 16:23:18', '2024-05-13 16:23:18'),
(5051, 186, 41, '2024-05-13 16:23:18', '2024-05-13 16:23:18'),
(5052, 186, 48, '2024-05-13 16:23:18', '2024-05-13 16:23:18'),
(5053, 186, 51, '2024-05-13 16:23:18', '2024-05-13 16:23:18'),
(5054, 186, 56, '2024-05-13 16:23:18', '2024-05-13 16:23:18'),
(5055, 186, 60, '2024-05-13 16:23:18', '2024-05-13 16:23:18'),
(5056, 186, 62, '2024-05-13 16:23:18', '2024-05-13 16:23:18'),
(5057, 186, 66, '2024-05-13 16:23:18', '2024-05-13 16:23:18'),
(5058, 186, 70, '2024-05-13 16:23:18', '2024-05-13 16:23:18'),
(5059, 186, 75, '2024-05-13 16:23:18', '2024-05-13 16:23:18'),
(5060, 186, 80, '2024-05-13 16:23:18', '2024-05-13 16:23:18'),
(5061, 186, 84, '2024-05-13 16:23:18', '2024-05-13 16:23:18'),
(5062, 186, 86, '2024-05-13 16:23:18', '2024-05-13 16:23:18'),
(5063, 186, 91, '2024-05-13 16:23:18', '2024-05-13 16:23:18'),
(5064, 186, 93, '2024-05-13 16:23:18', '2024-05-13 16:23:18'),
(5065, 186, 97, '2024-05-13 16:23:18', '2024-05-13 16:23:18'),
(5066, 186, 103, '2024-05-13 16:23:18', '2024-05-13 16:23:18'),
(5067, 186, 108, '2024-05-13 16:23:18', '2024-05-13 16:23:18'),
(5068, 186, 111, '2024-05-13 16:23:18', '2024-05-13 16:23:18'),
(5069, 186, 115, '2024-05-13 16:23:18', '2024-05-13 16:23:18'),
(5070, 186, 118, '2024-05-13 16:23:18', '2024-05-13 16:23:18'),
(5071, 187, 2, '2024-05-13 16:23:19', '2024-05-13 16:23:19'),
(5072, 187, 6, '2024-05-13 16:23:19', '2024-05-13 16:23:19'),
(5073, 187, 12, '2024-05-13 16:23:19', '2024-05-13 16:23:19'),
(5074, 187, 13, '2024-05-13 16:23:19', '2024-05-13 16:23:19'),
(5075, 187, 19, '2024-05-13 16:23:19', '2024-05-13 16:23:19'),
(5076, 187, 22, '2024-05-13 16:23:19', '2024-05-13 16:23:19'),
(5077, 187, 25, '2024-05-13 16:23:19', '2024-05-13 16:23:19'),
(5078, 187, 32, '2024-05-13 16:23:19', '2024-05-13 16:23:19'),
(5079, 187, 35, '2024-05-13 16:23:19', '2024-05-13 16:23:19'),
(5080, 187, 40, '2024-05-13 16:23:19', '2024-05-13 16:23:19'),
(5081, 187, 44, '2024-05-13 16:23:19', '2024-05-13 16:23:19'),
(5082, 187, 47, '2024-05-13 16:23:19', '2024-05-13 16:23:19'),
(5083, 187, 51, '2024-05-13 16:23:19', '2024-05-13 16:23:19'),
(5084, 187, 55, '2024-05-13 16:23:19', '2024-05-13 16:23:19'),
(5085, 187, 59, '2024-05-13 16:23:19', '2024-05-13 16:23:19'),
(5086, 187, 61, '2024-05-13 16:23:19', '2024-05-13 16:23:19'),
(5087, 187, 68, '2024-05-13 16:23:19', '2024-05-13 16:23:19'),
(5088, 187, 71, '2024-05-13 16:23:19', '2024-05-13 16:23:19'),
(5089, 187, 76, '2024-05-13 16:23:19', '2024-05-13 16:23:19'),
(5090, 187, 79, '2024-05-13 16:23:19', '2024-05-13 16:23:19'),
(5091, 187, 83, '2024-05-13 16:23:19', '2024-05-13 16:23:19'),
(5092, 187, 88, '2024-05-13 16:23:19', '2024-05-13 16:23:19'),
(5093, 187, 91, '2024-05-13 16:23:19', '2024-05-13 16:23:19'),
(5094, 187, 95, '2024-05-13 16:23:19', '2024-05-13 16:23:19'),
(5095, 187, 98, '2024-05-13 16:23:19', '2024-05-13 16:23:19'),
(5096, 187, 102, '2024-05-13 16:23:19', '2024-05-13 16:23:19'),
(5097, 187, 106, '2024-05-13 16:23:19', '2024-05-13 16:23:19'),
(5098, 187, 109, '2024-05-13 16:23:19', '2024-05-13 16:23:19'),
(5099, 187, 114, '2024-05-13 16:23:19', '2024-05-13 16:23:19'),
(5100, 187, 119, '2024-05-13 16:23:19', '2024-05-13 16:23:19'),
(5101, 188, 3, '2024-05-13 16:24:41', '2024-05-13 16:24:41'),
(5102, 188, 8, '2024-05-13 16:24:41', '2024-05-13 16:24:41'),
(5103, 188, 10, '2024-05-13 16:24:41', '2024-05-13 16:24:41'),
(5104, 188, 15, '2024-05-13 16:24:41', '2024-05-13 16:24:41'),
(5105, 188, 18, '2024-05-13 16:24:41', '2024-05-13 16:24:41'),
(5106, 188, 23, '2024-05-13 16:24:41', '2024-05-13 16:24:41'),
(5107, 188, 27, '2024-05-13 16:24:41', '2024-05-13 16:24:41'),
(5108, 188, 30, '2024-05-13 16:24:41', '2024-05-13 16:24:41'),
(5109, 188, 34, '2024-05-13 16:24:41', '2024-05-13 16:24:41'),
(5110, 188, 39, '2024-05-13 16:24:41', '2024-05-13 16:24:41'),
(5111, 188, 44, '2024-05-13 16:24:41', '2024-05-13 16:24:41'),
(5112, 188, 47, '2024-05-13 16:24:41', '2024-05-13 16:24:41'),
(5113, 188, 50, '2024-05-13 16:24:41', '2024-05-13 16:24:41'),
(5114, 188, 55, '2024-05-13 16:24:41', '2024-05-13 16:24:41'),
(5115, 188, 60, '2024-05-13 16:24:41', '2024-05-13 16:24:41'),
(5116, 188, 63, '2024-05-13 16:24:41', '2024-05-13 16:24:41'),
(5117, 188, 66, '2024-05-13 16:24:41', '2024-05-13 16:24:41'),
(5118, 188, 71, '2024-05-13 16:24:41', '2024-05-13 16:24:41'),
(5119, 188, 74, '2024-05-13 16:24:41', '2024-05-13 16:24:41'),
(5120, 188, 79, '2024-05-13 16:24:41', '2024-05-13 16:24:41'),
(5121, 188, 82, '2024-05-13 16:24:41', '2024-05-13 16:24:41'),
(5122, 188, 86, '2024-05-13 16:24:41', '2024-05-13 16:24:41'),
(5123, 188, 92, '2024-05-13 16:24:41', '2024-05-13 16:24:41'),
(5124, 188, 95, '2024-05-13 16:24:41', '2024-05-13 16:24:41'),
(5125, 188, 98, '2024-05-13 16:24:41', '2024-05-13 16:24:41'),
(5126, 188, 102, '2024-05-13 16:24:41', '2024-05-13 16:24:41'),
(5127, 188, 107, '2024-05-13 16:24:41', '2024-05-13 16:24:41'),
(5128, 188, 112, '2024-05-13 16:24:41', '2024-05-13 16:24:41'),
(5129, 188, 115, '2024-05-13 16:24:41', '2024-05-13 16:24:41'),
(5130, 188, 118, '2024-05-13 16:24:41', '2024-05-13 16:24:41'),
(5131, 189, 2, '2024-05-13 16:25:20', '2024-05-13 16:25:20'),
(5132, 189, 6, '2024-05-13 16:25:20', '2024-05-13 16:25:20'),
(5133, 189, 11, '2024-05-13 16:25:20', '2024-05-13 16:25:20'),
(5134, 189, 14, '2024-05-13 16:25:20', '2024-05-13 16:25:20'),
(5135, 189, 18, '2024-05-13 16:25:20', '2024-05-13 16:25:20'),
(5136, 189, 24, '2024-05-13 16:25:20', '2024-05-13 16:25:20'),
(5137, 189, 27, '2024-05-13 16:25:20', '2024-05-13 16:25:20'),
(5138, 189, 30, '2024-05-13 16:25:20', '2024-05-13 16:25:20'),
(5139, 189, 34, '2024-05-13 16:25:20', '2024-05-13 16:25:20'),
(5140, 189, 40, '2024-05-13 16:25:20', '2024-05-13 16:25:20'),
(5141, 189, 43, '2024-05-13 16:25:20', '2024-05-13 16:25:20'),
(5142, 189, 46, '2024-05-13 16:25:20', '2024-05-13 16:25:20'),
(5143, 189, 51, '2024-05-13 16:25:20', '2024-05-13 16:25:20'),
(5144, 189, 56, '2024-05-13 16:25:20', '2024-05-13 16:25:20'),
(5145, 189, 58, '2024-05-13 16:25:20', '2024-05-13 16:25:20'),
(5146, 189, 64, '2024-05-13 16:25:20', '2024-05-13 16:25:20'),
(5147, 189, 67, '2024-05-13 16:25:20', '2024-05-13 16:25:20'),
(5148, 189, 70, '2024-05-13 16:25:20', '2024-05-13 16:25:20'),
(5149, 189, 76, '2024-05-13 16:25:20', '2024-05-13 16:25:20'),
(5150, 189, 79, '2024-05-13 16:25:20', '2024-05-13 16:25:20'),
(5151, 189, 82, '2024-05-13 16:25:20', '2024-05-13 16:25:20'),
(5152, 189, 87, '2024-05-13 16:25:20', '2024-05-13 16:25:20'),
(5153, 189, 92, '2024-05-13 16:25:20', '2024-05-13 16:25:20'),
(5154, 189, 95, '2024-05-13 16:25:20', '2024-05-13 16:25:20'),
(5155, 189, 98, '2024-05-13 16:25:20', '2024-05-13 16:25:20'),
(5156, 189, 104, '2024-05-13 16:25:20', '2024-05-13 16:25:20'),
(5157, 189, 107, '2024-05-13 16:25:20', '2024-05-13 16:25:20'),
(5158, 189, 110, '2024-05-13 16:25:20', '2024-05-13 16:25:20'),
(5159, 189, 115, '2024-05-13 16:25:20', '2024-05-13 16:25:20'),
(5160, 189, 119, '2024-05-13 16:25:20', '2024-05-13 16:25:20');

-- --------------------------------------------------------

--
-- Table structure for table `perhitungan_alternatif`
--

CREATE TABLE `perhitungan_alternatif` (
  `id_perhitungan_alternatif` bigint UNSIGNED NOT NULL,
  `tahun_ajaran` varchar(9) CHARACTER SET utf8mb4 COLLATE utf8mb4_unicode_ci NOT NULL,
  `kode_kriteria` varchar(3) CHARACTER SET utf8mb4 COLLATE utf8mb4_unicode_ci NOT NULL,
  `alternatif_pertama` varchar(4) CHARACTER SET utf8mb4 COLLATE utf8mb4_unicode_ci NOT NULL,
  `alternatif_kedua` varchar(4) CHARACTER SET utf8mb4 COLLATE utf8mb4_unicode_ci NOT NULL,
  `nilai_alternatif` double NOT NULL,
  `created_at` timestamp NULL DEFAULT NULL,
  `updated_at` timestamp NULL DEFAULT NULL
) ENGINE=InnoDB DEFAULT CHARSET=utf8mb4 COLLATE=utf8mb4_unicode_ci;

-- --------------------------------------------------------

--
-- Table structure for table `perhitungan_kriteria`
--

CREATE TABLE `perhitungan_kriteria` (
  `id_perhitungan_kriteria` bigint UNSIGNED NOT NULL,
  `kriteria_pertama` varchar(3) CHARACTER SET utf8mb4 COLLATE utf8mb4_unicode_ci NOT NULL,
  `kriteria_kedua` varchar(3) CHARACTER SET utf8mb4 COLLATE utf8mb4_unicode_ci NOT NULL,
  `nilai_kriteria` double NOT NULL,
  `created_at` timestamp NULL DEFAULT NULL,
  `updated_at` timestamp NULL DEFAULT NULL
) ENGINE=InnoDB DEFAULT CHARSET=utf8mb4 COLLATE=utf8mb4_unicode_ci;

--
-- Dumping data for table `perhitungan_kriteria`
--

INSERT INTO `perhitungan_kriteria` (`id_perhitungan_kriteria`, `kriteria_pertama`, `kriteria_kedua`, `nilai_kriteria`, `created_at`, `updated_at`) VALUES
(1, 'K1', 'K1', 1, '2024-03-14 06:14:19', '2024-03-14 06:14:19'),
(2, 'K1', 'K2', 3, '2024-03-14 06:14:19', '2024-03-14 06:14:19'),
(3, 'K1', 'K3', 5, '2024-03-14 06:14:19', '2024-03-14 06:14:19'),
(4, 'K2', 'K1', 0.3333, '2024-03-14 06:14:19', '2024-03-14 06:14:19'),
(5, 'K2', 'K2', 1, '2024-03-14 06:14:19', '2024-03-14 06:14:19'),
(6, 'K2', 'K3', 1, '2024-03-14 06:14:19', '2024-03-14 06:14:19'),
(7, 'K3', 'K1', 0.2, '2024-03-14 06:14:19', '2024-03-14 06:14:19'),
(8, 'K3', 'K2', 1, '2024-03-14 06:14:19', '2024-03-14 06:14:19'),
(9, 'K3', 'K3', 1, '2024-03-14 06:14:19', '2024-03-14 06:14:19');

-- --------------------------------------------------------

--
-- Table structure for table `perhitungan_subkriteria`
--

CREATE TABLE `perhitungan_subkriteria` (
  `id_perhitungan_subkriteria` bigint UNSIGNED NOT NULL,
  `kode_kriteria` varchar(3) COLLATE utf8mb4_unicode_ci NOT NULL,
  `subkriteria_pertama` varchar(6) CHARACTER SET utf8mb4 COLLATE utf8mb4_unicode_ci NOT NULL,
  `subkriteria_kedua` varchar(6) CHARACTER SET utf8mb4 COLLATE utf8mb4_unicode_ci NOT NULL,
  `nilai_subkriteria` double NOT NULL,
  `created_at` timestamp NULL DEFAULT NULL,
  `updated_at` timestamp NULL DEFAULT NULL
) ENGINE=InnoDB DEFAULT CHARSET=utf8mb4 COLLATE=utf8mb4_unicode_ci;

--
-- Dumping data for table `perhitungan_subkriteria`
--

INSERT INTO `perhitungan_subkriteria` (`id_perhitungan_subkriteria`, `kode_kriteria`, `subkriteria_pertama`, `subkriteria_kedua`, `nilai_subkriteria`, `created_at`, `updated_at`) VALUES
(1, 'K1', 'SK1.1', 'SK1.1', 1, '2024-03-14 05:49:51', '2024-03-14 05:49:51'),
(2, 'K1', 'SK1.1', 'SK1.2', 5, '2024-03-14 05:49:51', '2024-03-14 05:49:51'),
(3, 'K1', 'SK1.1', 'SK1.3', 5, '2024-03-14 05:49:51', '2024-03-14 05:49:51'),
(4, 'K1', 'SK1.2', 'SK1.1', 0.2, '2024-03-14 05:49:51', '2024-03-14 05:49:51'),
(5, 'K1', 'SK1.2', 'SK1.2', 1, '2024-03-14 05:49:51', '2024-03-14 05:49:51'),
(6, 'K1', 'SK1.2', 'SK1.3', 3, '2024-03-14 05:49:51', '2024-03-14 05:49:51'),
(7, 'K1', 'SK1.3', 'SK1.1', 0.2, '2024-03-14 05:49:51', '2024-03-14 05:49:51'),
(8, 'K1', 'SK1.3', 'SK1.2', 0.3333, '2024-03-14 05:49:51', '2024-03-14 05:49:51'),
(9, 'K1', 'SK1.3', 'SK1.3', 1, '2024-03-14 05:49:51', '2024-03-14 05:49:51'),
(10, 'K2', 'SK2.1', 'SK2.1', 1, '2024-03-14 05:49:51', '2024-03-14 05:49:51'),
(11, 'K2', 'SK2.1', 'SK2.2', 1, '2024-03-14 05:49:51', '2024-03-14 05:49:51'),
(12, 'K2', 'SK2.1', 'SK2.3', 1, '2024-03-14 05:49:51', '2024-03-14 05:49:51'),
(13, 'K2', 'SK2.1', 'SK2.4', 5, '2024-03-14 05:49:51', '2024-03-14 05:49:51'),
(14, 'K2', 'SK2.1', 'SK2.5', 5, '2024-03-14 05:49:51', '2024-03-14 05:49:51'),
(15, 'K2', 'SK2.1', 'SK2.6', 7, '2024-03-14 05:49:51', '2024-03-14 05:49:51'),
(16, 'K2', 'SK2.1', 'SK2.7', 5, '2024-03-14 05:49:51', '2024-03-14 05:49:51'),
(17, 'K2', 'SK2.1', 'SK2.8', 5, '2024-03-14 05:49:51', '2024-03-14 05:49:51'),
(18, 'K2', 'SK2.1', 'SK2.9', 1, '2024-03-14 05:49:51', '2024-03-14 05:49:51'),
(19, 'K2', 'SK2.2', 'SK2.1', 1, '2024-03-14 05:49:51', '2024-03-14 05:49:51'),
(20, 'K2', 'SK2.2', 'SK2.2', 1, '2024-03-14 05:49:51', '2024-03-14 05:49:51'),
(21, 'K2', 'SK2.2', 'SK2.3', 1, '2024-03-14 05:49:51', '2024-03-14 05:49:51'),
(22, 'K2', 'SK2.2', 'SK2.4', 3, '2024-03-14 05:49:51', '2024-03-14 05:49:51'),
(23, 'K2', 'SK2.2', 'SK2.5', 3, '2024-03-14 05:49:51', '2024-03-14 05:49:51'),
(24, 'K2', 'SK2.2', 'SK2.6', 5, '2024-03-14 05:49:51', '2024-03-14 05:49:51'),
(25, 'K2', 'SK2.2', 'SK2.7', 3, '2024-03-14 05:49:51', '2024-03-14 05:49:51'),
(26, 'K2', 'SK2.2', 'SK2.8', 3, '2024-03-14 05:49:51', '2024-03-14 05:49:51'),
(27, 'K2', 'SK2.2', 'SK2.9', 1, '2024-03-14 05:49:51', '2024-03-14 05:49:51'),
(28, 'K2', 'SK2.3', 'SK2.1', 1, '2024-03-14 05:49:51', '2024-03-14 05:49:51'),
(29, 'K2', 'SK2.3', 'SK2.2', 1, '2024-03-14 05:49:51', '2024-03-14 05:49:51'),
(30, 'K2', 'SK2.3', 'SK2.3', 1, '2024-03-14 05:49:51', '2024-03-14 05:49:51'),
(31, 'K2', 'SK2.3', 'SK2.4', 5, '2024-03-14 05:49:51', '2024-03-14 05:49:51'),
(32, 'K2', 'SK2.3', 'SK2.5', 5, '2024-03-14 05:49:51', '2024-03-14 05:49:51'),
(33, 'K2', 'SK2.3', 'SK2.6', 5, '2024-03-14 05:49:51', '2024-03-14 05:49:51'),
(34, 'K2', 'SK2.3', 'SK2.7', 3, '2024-03-14 05:49:51', '2024-03-14 05:49:51'),
(35, 'K2', 'SK2.3', 'SK2.8', 3, '2024-03-14 05:49:51', '2024-03-14 05:49:51'),
(36, 'K2', 'SK2.3', 'SK2.9', 1, '2024-03-14 05:49:51', '2024-03-14 05:49:51'),
(37, 'K2', 'SK2.4', 'SK2.1', 0.2, '2024-03-14 05:49:51', '2024-03-14 05:49:51'),
(38, 'K2', 'SK2.4', 'SK2.2', 0.3333, '2024-03-14 05:49:51', '2024-03-14 05:49:51'),
(39, 'K2', 'SK2.4', 'SK2.3', 0.2, '2024-03-14 05:49:51', '2024-03-14 05:49:51'),
(40, 'K2', 'SK2.4', 'SK2.4', 1, '2024-03-14 05:49:51', '2024-03-14 05:49:51'),
(41, 'K2', 'SK2.4', 'SK2.5', 1, '2024-03-14 05:49:51', '2024-03-14 05:49:51'),
(42, 'K2', 'SK2.4', 'SK2.6', 3, '2024-03-14 05:49:51', '2024-03-14 05:49:51'),
(43, 'K2', 'SK2.4', 'SK2.7', 3, '2024-03-14 05:49:51', '2024-03-14 05:49:51'),
(44, 'K2', 'SK2.4', 'SK2.8', 1, '2024-03-14 05:49:51', '2024-03-14 05:49:51'),
(45, 'K2', 'SK2.4', 'SK2.9', 5, '2024-03-14 05:49:51', '2024-03-14 05:49:51'),
(46, 'K2', 'SK2.5', 'SK2.1', 0.2, '2024-03-14 05:49:51', '2024-03-14 05:49:51'),
(47, 'K2', 'SK2.5', 'SK2.2', 0.3333, '2024-03-14 05:49:51', '2024-03-14 05:49:51'),
(48, 'K2', 'SK2.5', 'SK2.3', 0.2, '2024-03-14 05:49:51', '2024-03-14 05:49:51'),
(49, 'K2', 'SK2.5', 'SK2.4', 1, '2024-03-14 05:49:51', '2024-03-14 05:49:51'),
(50, 'K2', 'SK2.5', 'SK2.5', 1, '2024-03-14 05:49:51', '2024-03-14 05:49:51'),
(51, 'K2', 'SK2.5', 'SK2.6', 3, '2024-03-14 05:49:51', '2024-03-14 05:49:51'),
(52, 'K2', 'SK2.5', 'SK2.7', 5, '2024-03-14 05:49:51', '2024-03-14 05:49:51'),
(53, 'K2', 'SK2.5', 'SK2.8', 1, '2024-03-14 05:49:51', '2024-03-14 05:49:51'),
(54, 'K2', 'SK2.5', 'SK2.9', 5, '2024-03-14 05:49:51', '2024-03-14 05:49:51'),
(55, 'K2', 'SK2.6', 'SK2.1', 0.1429, '2024-03-14 05:49:51', '2024-03-14 05:49:51'),
(56, 'K2', 'SK2.6', 'SK2.2', 0.2, '2024-03-14 05:49:51', '2024-03-14 05:49:51'),
(57, 'K2', 'SK2.6', 'SK2.3', 0.2, '2024-03-14 05:49:51', '2024-03-14 05:49:51'),
(58, 'K2', 'SK2.6', 'SK2.4', 0.3333, '2024-03-14 05:49:51', '2024-03-14 05:49:51'),
(59, 'K2', 'SK2.6', 'SK2.5', 0.3333, '2024-03-14 05:49:51', '2024-03-14 05:49:51'),
(60, 'K2', 'SK2.6', 'SK2.6', 1, '2024-03-14 05:49:51', '2024-03-14 05:49:51'),
(61, 'K2', 'SK2.6', 'SK2.7', 5, '2024-03-14 05:49:51', '2024-03-14 05:49:51'),
(62, 'K2', 'SK2.6', 'SK2.8', 3, '2024-03-14 05:49:51', '2024-03-14 05:49:51'),
(63, 'K2', 'SK2.6', 'SK2.9', 7, '2024-03-14 05:49:51', '2024-03-14 05:49:51'),
(64, 'K2', 'SK2.7', 'SK2.1', 0.2, '2024-03-14 05:49:51', '2024-03-14 05:49:51'),
(65, 'K2', 'SK2.7', 'SK2.2', 0.3333, '2024-03-14 05:49:51', '2024-03-14 05:49:51'),
(66, 'K2', 'SK2.7', 'SK2.3', 0.3333, '2024-03-14 05:49:51', '2024-03-14 05:49:51'),
(67, 'K2', 'SK2.7', 'SK2.4', 0.3333, '2024-03-14 05:49:51', '2024-03-14 05:49:51'),
(68, 'K2', 'SK2.7', 'SK2.5', 0.2, '2024-03-14 05:49:51', '2024-03-14 05:49:51'),
(69, 'K2', 'SK2.7', 'SK2.6', 0.2, '2024-03-14 05:49:51', '2024-03-14 05:49:51'),
(70, 'K2', 'SK2.7', 'SK2.7', 1, '2024-03-14 05:49:51', '2024-03-14 05:49:51'),
(71, 'K2', 'SK2.7', 'SK2.8', 3, '2024-03-14 05:49:51', '2024-03-14 05:49:51'),
(72, 'K2', 'SK2.7', 'SK2.9', 3, '2024-03-14 05:49:51', '2024-03-14 05:49:51'),
(73, 'K2', 'SK2.8', 'SK2.1', 0.2, '2024-03-14 05:49:51', '2024-03-14 05:49:51'),
(74, 'K2', 'SK2.8', 'SK2.2', 0.3333, '2024-03-14 05:49:51', '2024-03-14 05:49:51'),
(75, 'K2', 'SK2.8', 'SK2.3', 0.3333, '2024-03-14 05:49:51', '2024-03-14 05:49:51'),
(76, 'K2', 'SK2.8', 'SK2.4', 1, '2024-03-14 05:49:51', '2024-03-14 05:49:51'),
(77, 'K2', 'SK2.8', 'SK2.5', 1, '2024-03-14 05:49:51', '2024-03-14 05:49:51'),
(78, 'K2', 'SK2.8', 'SK2.6', 0.3333, '2024-03-14 05:49:51', '2024-03-14 05:49:51'),
(79, 'K2', 'SK2.8', 'SK2.7', 0.3333, '2024-03-14 05:49:51', '2024-03-14 05:49:51'),
(80, 'K2', 'SK2.8', 'SK2.8', 1, '2024-03-14 05:49:51', '2024-03-14 05:49:51'),
(81, 'K2', 'SK2.8', 'SK2.9', 5, '2024-03-14 05:49:51', '2024-03-14 05:49:51'),
(82, 'K2', 'SK2.9', 'SK2.1', 1, '2024-03-14 05:49:51', '2024-03-14 05:49:51'),
(83, 'K2', 'SK2.9', 'SK2.2', 1, '2024-03-14 05:49:51', '2024-03-14 05:49:51'),
(84, 'K2', 'SK2.9', 'SK2.3', 1, '2024-03-14 05:49:51', '2024-03-14 05:49:51'),
(85, 'K2', 'SK2.9', 'SK2.4', 0.2, '2024-03-14 05:49:51', '2024-03-14 05:49:51'),
(86, 'K2', 'SK2.9', 'SK2.5', 0.2, '2024-03-14 05:49:51', '2024-03-14 05:49:51'),
(87, 'K2', 'SK2.9', 'SK2.6', 0.1429, '2024-03-14 05:49:51', '2024-03-14 05:49:51'),
(88, 'K2', 'SK2.9', 'SK2.7', 0.3333, '2024-03-14 05:49:51', '2024-03-14 05:49:51'),
(89, 'K2', 'SK2.9', 'SK2.8', 0.2, '2024-03-14 05:49:51', '2024-03-14 05:49:51'),
(90, 'K2', 'SK2.9', 'SK2.9', 1, '2024-03-14 05:49:51', '2024-03-14 05:49:51'),
(91, 'K3', 'SK3.1', 'SK3.1', 1, '2024-03-14 05:49:51', '2024-03-14 05:49:51'),
(92, 'K3', 'SK3.1', 'SK3.2', 1, '2024-03-14 05:49:51', '2024-03-14 05:49:51'),
(93, 'K3', 'SK3.2', 'SK3.1', 1, '2024-03-14 05:49:51', '2024-03-14 05:49:51'),
(94, 'K3', 'SK3.2', 'SK3.2', 1, '2024-03-14 05:49:51', '2024-03-14 05:49:51');

-- --------------------------------------------------------

--
-- Table structure for table `personal_access_tokens`
--

CREATE TABLE `personal_access_tokens` (
  `id` bigint UNSIGNED NOT NULL,
  `tokenable_type` varchar(255) CHARACTER SET utf8mb4 COLLATE utf8mb4_unicode_ci NOT NULL,
  `tokenable_id` bigint UNSIGNED NOT NULL,
  `name` varchar(255) CHARACTER SET utf8mb4 COLLATE utf8mb4_unicode_ci NOT NULL,
  `token` varchar(64) CHARACTER SET utf8mb4 COLLATE utf8mb4_unicode_ci NOT NULL,
  `abilities` text CHARACTER SET utf8mb4 COLLATE utf8mb4_unicode_ci,
  `last_used_at` timestamp NULL DEFAULT NULL,
  `expires_at` timestamp NULL DEFAULT NULL,
  `created_at` timestamp NULL DEFAULT NULL,
  `updated_at` timestamp NULL DEFAULT NULL
) ENGINE=InnoDB DEFAULT CHARSET=utf8mb4 COLLATE=utf8mb4_unicode_ci;

-- --------------------------------------------------------

--
-- Table structure for table `ranking`
--

CREATE TABLE `ranking` (
  `id_ranking` bigint UNSIGNED NOT NULL,
  `tahun_ajaran` varchar(9) COLLATE utf8mb4_unicode_ci NOT NULL,
  `kode_alternatif` varchar(4) CHARACTER SET utf8mb4 COLLATE utf8mb4_unicode_ci NOT NULL,
  `nilai` double NOT NULL,
  `rank` int NOT NULL,
  `created_at` timestamp NULL DEFAULT NULL,
  `updated_at` timestamp NULL DEFAULT NULL
) ENGINE=InnoDB DEFAULT CHARSET=utf8mb4 COLLATE=utf8mb4_unicode_ci;

--
-- Dumping data for table `ranking`
--

INSERT INTO `ranking` (`id_ranking`, `tahun_ajaran`, `kode_alternatif`, `nilai`, `rank`, `created_at`, `updated_at`) VALUES
(1, '2023/2024', 'A40', 81.011111111111, 13, '2024-05-07 07:54:36', '2024-05-10 12:42:11'),
(175, '2023/2024', 'A13', 82.470555555556, 8, '2024-05-07 15:26:44', '2024-05-10 12:42:11'),
(176, '2023/2024', 'A16', 80.5, 15, '2024-05-08 16:59:19', '2024-05-10 12:42:11'),
(177, '2023/2024', 'A37', 84.188333333333, 5, '2024-05-08 16:59:19', '2024-05-10 12:42:11'),
(178, '2023/2024', 'A43', 84.623333333333, 2, '2024-05-08 16:59:19', '2024-05-10 12:42:11'),
(179, '2023/2024', 'A29', 80.831666666667, 14, '2024-05-08 16:59:19', '2024-05-10 12:42:11'),
(180, '2023/2024', 'A24', 81.213333333333, 12, '2024-05-08 16:59:19', '2024-05-10 12:42:11'),
(181, '2023/2024', 'A26', 82.548333333333, 7, '2024-05-08 16:59:19', '2024-05-10 12:42:11'),
(182, '2023/2024', 'A10', 81.503333333333, 11, '2024-05-08 16:59:19', '2024-05-10 12:42:11'),
(183, '2023/2024', 'A33', 84.006666666667, 6, '2024-05-08 16:59:19', '2024-05-10 12:42:11'),
(184, '2023/2024', 'A34', 84.501666666667, 3, '2024-05-08 16:59:19', '2024-05-10 12:42:11'),
(185, '2023/2024', 'A12', 85.943333333333, 1, '2024-05-08 16:59:19', '2024-05-10 12:42:11'),
(186, '2023/2024', 'A17', 84.425, 4, '2024-05-08 16:59:19', '2024-05-10 12:42:11'),
(187, '2023/2024', 'A32', 82.211666666667, 9, '2024-05-08 16:59:19', '2024-05-10 12:42:11'),
(188, '2023/2024', 'A38', 81.552777777778, 10, '2024-05-08 16:59:19', '2024-05-10 12:42:11'),
(189, '2023/2024', 'A36', 84.788333333333, 1, '2024-05-13 16:26:14', '2024-05-13 16:26:14'),
(190, '2023/2024', 'A7', 83.765, 2, '2024-05-13 16:26:14', '2024-05-13 16:26:14'),
(191, '2023/2024', 'A9', 83.541666666667, 3, '2024-05-13 16:26:14', '2024-05-13 16:26:14'),
(192, '2023/2024', 'A8', 83.526666666667, 4, '2024-05-13 16:26:14', '2024-05-13 16:26:14'),
(193, '2023/2024', 'A5', 83.41, 5, '2024-05-13 16:26:14', '2024-05-13 16:26:14'),
(194, '2023/2024', 'A15', 82.605, 6, '2024-05-13 16:26:14', '2024-05-13 16:26:14'),
(195, '2023/2024', 'A18', 82.5, 7, '2024-05-13 16:26:14', '2024-05-13 16:26:14'),
(196, '2023/2024', 'A3', 82.301666666667, 8, '2024-05-13 16:26:14', '2024-05-13 16:26:14'),
(197, '2023/2024', 'A44', 81.7125, 9, '2024-05-13 16:26:14', '2024-05-13 16:26:14'),
(198, '2023/2024', 'A1', 81.446666666667, 10, '2024-05-13 16:26:14', '2024-05-13 16:26:14'),
(199, '2023/2024', 'A4', 81.404166666667, 11, '2024-05-13 16:26:14', '2024-05-13 16:26:14'),
(200, '2023/2024', 'A14', 81.293333333333, 12, '2024-05-13 16:26:14', '2024-05-13 16:26:14'),
(201, '2023/2024', 'A28', 80.815, 13, '2024-05-13 16:26:14', '2024-05-13 16:26:14'),
(202, '2023/2024', 'A45', 79.963333333333, 14, '2024-05-13 16:26:14', '2024-05-13 16:26:14'),
(203, '2023/2024', 'A6', 79.441666666667, 15, '2024-05-13 16:26:14', '2024-05-13 16:26:14');

-- --------------------------------------------------------

--
-- Table structure for table `ratio_index`
--

CREATE TABLE `ratio_index` (
  `id_ratio_index` bigint UNSIGNED NOT NULL,
  `ordo_matriks` bigint UNSIGNED NOT NULL,
  `nilai_ratio_index` double NOT NULL,
  `created_at` timestamp NULL DEFAULT NULL,
  `updated_at` timestamp NULL DEFAULT NULL
) ENGINE=InnoDB DEFAULT CHARSET=utf8mb4 COLLATE=utf8mb4_unicode_ci;

--
-- Dumping data for table `ratio_index`
--

INSERT INTO `ratio_index` (`id_ratio_index`, `ordo_matriks`, `nilai_ratio_index`, `created_at`, `updated_at`) VALUES
(1, 1, 0, '2023-12-04 04:36:30', '2023-12-04 04:36:30'),
(2, 2, 0, '2023-12-04 04:36:30', '2023-12-04 04:36:30'),
(3, 3, 0.58, '2023-12-04 04:36:30', '2023-12-04 04:36:30'),
(4, 4, 0.9, '2023-12-04 04:36:31', '2023-12-04 04:36:31'),
(5, 5, 1.12, '2023-12-04 04:36:31', '2023-12-04 04:36:31'),
(6, 6, 1.24, '2023-12-04 04:36:31', '2023-12-04 04:36:31'),
(7, 7, 1.32, '2023-12-04 04:36:31', '2023-12-04 04:36:31'),
(8, 8, 1.41, '2023-12-04 04:36:31', '2023-12-04 04:36:31'),
(9, 9, 1.45, '2023-12-04 04:36:31', '2023-12-04 04:36:31'),
(10, 10, 1.49, '2023-12-04 04:36:31', '2023-12-04 04:36:31'),
(11, 11, 1.51, '2023-12-04 04:36:31', '2023-12-04 04:36:31'),
(12, 12, 1.48, '2023-12-04 04:36:31', '2023-12-04 04:36:31'),
(13, 13, 1.56, '2023-12-04 04:36:31', '2023-12-04 04:36:31'),
(14, 14, 1.57, '2023-12-04 04:36:31', '2023-12-04 04:36:31'),
(15, 15, 1.59, '2023-12-04 04:36:31', '2023-12-04 04:36:31'),
(16, 16, 1.605, '2023-12-04 04:36:31', '2023-12-04 04:36:31'),
(17, 17, 1.61, '2023-12-04 04:36:31', '2023-12-04 04:36:31'),
(18, 18, 1.615, '2023-12-04 04:36:31', '2023-12-04 04:36:31'),
(19, 19, 1.62, '2023-12-04 04:36:31', '2023-12-04 04:36:31'),
(20, 20, 1.625, '2023-12-04 04:36:31', '2023-12-04 04:36:31');

-- --------------------------------------------------------

--
-- Table structure for table `skala_indikator`
--

CREATE TABLE `skala_indikator` (
  `id_skala_indikator` bigint UNSIGNED NOT NULL,
  `id_indikator_subkriteria` bigint UNSIGNED NOT NULL,
  `created_at` timestamp NULL DEFAULT NULL,
  `updated_at` timestamp NULL DEFAULT NULL
) ENGINE=InnoDB DEFAULT CHARSET=utf8mb4 COLLATE=utf8mb4_unicode_ci;

--
-- Dumping data for table `skala_indikator`
--

INSERT INTO `skala_indikator` (`id_skala_indikator`, `id_indikator_subkriteria`, `created_at`, `updated_at`) VALUES
(1, 1, '2024-03-08 02:28:14', '2024-03-08 02:28:14'),
(2, 2, '2024-03-08 02:29:36', '2024-03-08 02:29:36'),
(3, 3, '2024-03-08 02:30:27', '2024-03-08 02:30:27'),
(4, 4, '2024-03-08 02:31:02', '2024-03-08 02:31:02'),
(5, 5, '2024-03-08 02:31:28', '2024-03-08 02:31:28'),
(6, 6, '2024-03-08 02:31:54', '2024-03-08 02:31:54'),
(7, 7, '2024-03-08 02:32:24', '2024-03-08 02:32:24'),
(8, 8, '2024-03-08 02:32:58', '2024-03-08 02:32:58'),
(9, 9, '2024-03-08 02:33:29', '2024-03-08 02:33:29'),
(10, 10, '2024-03-08 02:34:02', '2024-03-08 02:34:02'),
(11, 11, '2024-03-08 02:34:35', '2024-03-08 02:34:35'),
(12, 12, '2024-03-08 02:35:08', '2024-03-08 02:35:08'),
(13, 13, '2024-03-08 02:35:51', '2024-03-08 02:35:51'),
(14, 14, '2024-03-08 02:36:18', '2024-03-08 02:36:18'),
(15, 15, '2024-03-08 02:40:24', '2024-03-08 02:40:24'),
(16, 16, '2024-03-08 02:41:04', '2024-03-08 02:41:04'),
(17, 17, '2024-03-08 02:41:40', '2024-03-08 02:41:40'),
(18, 18, '2024-03-08 02:42:06', '2024-03-08 02:42:06'),
(19, 19, '2024-03-08 02:42:31', '2024-03-08 02:42:31'),
(20, 20, '2024-03-08 02:43:15', '2024-03-08 02:43:15'),
(21, 21, '2024-03-08 02:43:45', '2024-03-08 02:43:45'),
(22, 22, '2024-03-08 02:44:14', '2024-03-08 02:44:14'),
(23, 23, '2024-03-08 02:44:39', '2024-03-08 02:44:39'),
(24, 24, '2024-03-08 02:45:12', '2024-03-08 02:45:12'),
(25, 25, '2024-03-08 02:45:38', '2024-03-08 02:45:38'),
(26, 26, '2024-03-08 02:46:08', '2024-03-08 02:46:08'),
(27, 27, '2024-03-08 02:46:32', '2024-03-08 02:46:32'),
(28, 28, '2024-03-08 02:47:04', '2024-03-08 02:47:04'),
(29, 29, '2024-03-08 02:47:27', '2024-03-08 02:47:27'),
(30, 30, '2024-03-08 02:47:49', '2024-03-08 02:47:49');

-- --------------------------------------------------------

--
-- Table structure for table `skala_indikator_detail`
--

CREATE TABLE `skala_indikator_detail` (
  `id_skala_indikator_detail` bigint UNSIGNED NOT NULL,
  `id_skala_indikator` bigint UNSIGNED NOT NULL,
  `skala` enum('1','2','3','4') COLLATE utf8mb4_unicode_ci NOT NULL,
  `deskripsi_skala` text COLLATE utf8mb4_unicode_ci NOT NULL,
  `created_at` timestamp NULL DEFAULT NULL,
  `updated_at` timestamp NULL DEFAULT NULL
) ENGINE=InnoDB DEFAULT CHARSET=utf8mb4 COLLATE=utf8mb4_unicode_ci;

--
-- Dumping data for table `skala_indikator_detail`
--

INSERT INTO `skala_indikator_detail` (`id_skala_indikator_detail`, `id_skala_indikator`, `skala`, `deskripsi_skala`, `created_at`, `updated_at`) VALUES
(1, 1, '1', 'Tidak mengakui kesalahan, menutupi informasi/kejadian. Melemparkan kesalahan/tanggung jawab kepada orang lain.', '2024-03-08 02:28:14', '2024-03-08 02:28:14'),
(2, 1, '2', 'Mengakui kesalahan karena terpaksa, bukan atas inisiatif sendiri; melibatkan pihak lain untuk ikut bertanggung jawab atas masalah.', '2024-03-08 02:28:14', '2024-03-08 02:28:14'),
(3, 1, '3', 'Jujur, mengakui kesalahan dengan segera, tidak menutupi informasi/ kejadian dan bersedia menanggung konsekuensi yang terjadi.', '2024-03-08 02:28:14', '2024-03-08 02:28:14'),
(4, 1, '4', 'Terbuka terhadap fakta, informasi, kejadian. Sangat minim melakukan kesalahan karena menjalankan nilai Alkitab dengan konsisten.', '2024-03-08 02:28:14', '2024-03-08 02:28:14'),
(5, 2, '1', 'Melakukan cara atau tindakan yang bertentangan dengan aturan instansi secara sengaja.', '2024-03-08 02:29:36', '2024-03-08 02:29:36'),
(6, 2, '2', 'Mengambil keputusan/bertindak berdasarkan suatu kejadian saja tanpa mengacu aturan/ prosedur instansi.', '2024-03-08 02:29:36', '2024-03-08 02:29:36'),
(7, 2, '3', 'Mengambil keputusan/bertindak sesuai dengan aturan/prosedur instansi dengan mempertimbangkan konteks.', '2024-03-08 02:29:36', '2024-03-08 02:29:36'),
(8, 2, '4', 'Mengambil keputusan sesuai aturan/prosedur instansi dengan mempertimbangkan konteks dan tanggung jawab serta nilai moral/etika.', '2024-03-08 02:29:36', '2024-03-08 02:29:36'),
(9, 3, '1', 'Menghindari konflik, tidak bersedia terlibat situasi/tanggung jawab yang berpotensi terjadi konflik. Meniadakan konflik, tidak mau menghadapinya.', '2024-03-08 02:30:27', '2024-03-08 02:30:27'),
(10, 3, '2', 'Membutuhkan bantuan solusi dan pendampingan dari atasan/rekan kerja untuk menyelesaikan konflik.', '2024-03-08 02:30:27', '2024-03-08 02:30:27'),
(11, 3, '3', 'Menghadapi pihak lain yang terlibat konflik dengan terbuka dan menemukan win-win solution meskipun masih memerlukan pendampingan/mediasi.', '2024-03-08 02:30:27', '2024-03-08 02:30:27'),
(12, 3, '4', 'Mampu memahami kepentingan pihak lain yang terlibat konflik, dan mampu menyelesaikan secara mandiri bersama pihak terkait selaras dengan nilai dan etika.', '2024-03-08 02:30:27', '2024-03-08 02:30:27'),
(13, 4, '1', 'Belum menunjukkan inisiatif dalam mengerjakan tugas, mengalami kesulitan memenuhi standar dan batas waktu yang ditetapkan.', '2024-03-08 02:31:02', '2024-03-08 02:31:02'),
(14, 4, '2', 'Ada insiatif untuk mengerjakan tugas dan mencari bantuan, namun membutuhkan pendampingan/\r\npengawasan agar selesai sesuai standar.', '2024-03-08 02:31:02', '2024-03-08 02:31:02'),
(15, 4, '3', 'Dapat menyelesaikan tugasnya dengan pengawasan yang minimal sesuai dengan standar dan batas waktu.', '2024-03-08 02:31:02', '2024-03-08 02:31:02'),
(16, 4, '4', 'Mampu membagi waktu maupun menentukan prioritas kerja dengan efektif dan menyelesaikan tugas secara mandiri di atas standar yang ditetapkan.', '2024-03-08 02:31:02', '2024-03-08 02:31:02'),
(17, 5, '1', 'Tidak mengetahui visi instansi.', '2024-03-08 02:31:28', '2024-03-08 02:31:28'),
(18, 5, '2', 'Dapat menyebutkan visi instansi namun belum mengenali penerapannya dalam lingkup tugas sehari-hari.', '2024-03-08 02:31:28', '2024-03-08 02:31:28'),
(19, 5, '3', 'Dapat menyampaikan visi instansi dengan kontekstual dalam kegiatan kerja sehari-hari.', '2024-03-08 02:31:28', '2024-03-08 02:31:28'),
(20, 5, '4', 'Memahami visi instansi dan mampu menerapkan secara komprehensif dalam pekerjaan sehari-hari.', '2024-03-08 02:31:28', '2024-03-08 02:31:28'),
(21, 6, '1', 'Enggan untuk memberikan pertolongan; bersedia memberikan bantuan terbatas saat ditugaskan oleh atasan.', '2024-03-08 02:31:54', '2024-03-08 02:31:54'),
(22, 6, '2', 'Bersedia memberikan bantuan apabila ada pihak yang meminta.', '2024-03-08 02:31:54', '2024-03-08 02:31:54'),
(23, 6, '3', 'Menunjukkan inisiatif untuk menawarkan bantuan kepada sesama rekan kerja maupun siswa.', '2024-03-08 02:31:54', '2024-03-08 02:31:54'),
(24, 6, '4', 'Proaktif untuk menawarkan bantuan dan mampu menyesuaikan bentuk/jenis bantuan bagi rekan kerja/siswa secara spesifik.', '2024-03-08 02:31:54', '2024-03-08 02:31:54'),
(25, 7, '1', 'Tidak memberikan kesempatan bagi siswa/rekan kerja untuk belajar/melakukan hal baru.', '2024-03-08 02:32:24', '2024-03-08 02:32:24'),
(26, 7, '2', 'Memberikan pendampingan/melatih siswa/rekan kerja dengan sporadis, untuk situasi tertentu.', '2024-03-08 02:32:24', '2024-03-08 02:32:24'),
(27, 7, '3', 'Mengenali minat/potensi rekan kerja/siswa dan memberikan kesempatan belajar melalui penugasan dan pendampingan.', '2024-03-08 02:32:24', '2024-03-08 02:32:24'),
(28, 7, '4', 'Mampu bertindak sebagai mentor bagi siswa/rekan melalui bantuan/pen dampingan terencana dalam kurun waktu tertentu.', '2024-03-08 02:32:24', '2024-03-08 02:32:24'),
(29, 8, '1', 'Bersikap berdasarkan suasana hati tanpa memperhatikan situasi, menunjukkan sikap/ tindakan berdasarkan status/golongan seseorang.', '2024-03-08 02:32:58', '2024-03-08 02:32:58'),
(30, 8, '2', 'Memberikan tanggapan dan bersikap seadanya, sebatas tuntutan yang menjadi aturan instansi.', '2024-03-08 02:32:58', '2024-03-08 02:32:58'),
(31, 8, '3', 'Dapat berinteraksi dengan orang lain sesuai situasi dengan memperhatikan sopan santun.', '2024-03-08 02:32:58', '2024-03-08 02:32:58'),
(32, 8, '4', 'Bertindak/ bercakap dengan menghargai dan peka terhadap keadaan orang lain serta mampu melakukan penyesuaian yang diperlukan.', '2024-03-08 02:32:58', '2024-03-08 02:32:58'),
(33, 9, '1', 'Menolak umpan balik yang diberikan oleh pihak lain.', '2024-03-08 02:33:29', '2024-03-08 02:33:29'),
(34, 9, '2', 'Menjalankan umpan balik apabila hal tersebut diwajibkan instansi atau mempengaruhi hasil kerja.', '2024-03-08 02:33:29', '2024-03-08 02:33:29'),
(35, 9, '3', 'Bersikap terbuka dan menghargai pendapat/ masukan orang lain serta menjalankan perbaikan berdasarkan hal tersebut.', '2024-03-08 02:33:29', '2024-03-08 02:33:29'),
(36, 9, '4', 'Proaktif mencari umpan balik/masukan terhadap hasil kerja maupun kegiatan yang dilakukan, terutama dari orang lain yang lebih ahli dalam bidang tsb dan bersedia menjalankannya.', '2024-03-08 02:33:29', '2024-03-08 02:33:29'),
(37, 10, '1', 'Melakukan tindakan/perbuatan yang membahayakan dan mengotori lingkungan.', '2024-03-08 02:34:02', '2024-03-08 02:34:02'),
(38, 10, '2', 'Menjaga kebersihan lingkungan yang berada langsung dalam lingkup kerjanya.', '2024-03-08 02:34:02', '2024-03-08 02:34:02'),
(39, 10, '3', 'Menjaga kebersihan area sekolah dan tempat tinggal serta memberikan cara-cara praktis bagi siswa dan rekan kerja untuk melakukan hal yang sama.', '2024-03-08 02:34:02', '2024-03-08 02:34:02'),
(40, 10, '4', 'Melakukan cara-cara yang terarah untuk mengedukasi siswa dan rekan kerja menjaga kelestarian lingkungan sekitar.', '2024-03-08 02:34:02', '2024-03-08 02:34:02'),
(41, 11, '1', 'Menyapa, memberi salam dan mengajak berdoa yang dipimpin oleh siswa.', '2024-03-08 02:34:35', '2024-03-08 02:34:35'),
(42, 11, '2', 'Menyapa, memberi salam, mengajak berdoa dan mengajukan beberapa pertanyaan berkaitan materi yang sudah dipelajari.', '2024-03-08 02:34:35', '2024-03-08 02:34:35'),
(43, 11, '3', 'Menyapa, memberi salam, mengajak berdoa dan mengajukan beberapa pertanyaan berkaitan materi yang sudah dipelajari dan menyampaikan rencana kegiatan pembelajaran yang akan dipelajari.', '2024-03-08 02:34:35', '2024-03-08 02:34:35'),
(44, 11, '4', 'Menyapa, memberi salam, mengajak berdoa dan mengajukan beberapa pertanyaan berkaitan materi yang sudah dipelajari dan menyampaikan rencana kegiatan pembelajaran yang akan dipelajari dengan menggunakan media kreatif.', '2024-03-08 02:34:35', '2024-03-08 02:34:35'),
(45, 12, '1', 'Mengajukan pertanyaan pemantik.', '2024-03-08 02:35:08', '2024-03-08 02:35:08'),
(46, 12, '2', 'Mengajukan pertanyaan pemantik yang menantang dan membangun motivasi siswa.', '2024-03-08 02:35:08', '2024-03-08 02:35:08'),
(47, 12, '3', 'Mengajukan pertanyaan pemantik yang menantang dan membangun motivasi siswa dan menyampaikan manfaat hal yang akan dipelajari dalam kehidupan sehari-hari.', '2024-03-08 02:35:08', '2024-03-08 02:35:08'),
(48, 12, '4', 'Mengajukan pertanyaan pemantik yang menantang, membangun motivasi siswa dan menyampaikan manfaat hal yang akan dipelajari dalam kehidupan sehari-hari dengan menggunakan media kreatif.', '2024-03-08 02:35:08', '2024-03-08 02:35:08'),
(49, 13, '1', 'Menyampaikan capaian dan tujuan pembelajaran.', '2024-03-08 02:35:51', '2024-03-08 02:35:51'),
(50, 13, '2', 'Menyampaikan capaian, tujuan pembelajaran dengan mengaitkan materi pembelajaran dengan materi sebelumnya.', '2024-03-08 02:35:51', '2024-03-08 02:35:51'),
(51, 13, '3', 'Menyampaikan capaian, tujuan pembelajaran dan mengaitkan materi pembelajaran dengan materi sebelumnya serta mampu mengarahkan siswa fokus pada materi yang diajarkan.', '2024-03-08 02:35:51', '2024-03-08 02:35:51'),
(52, 13, '4', 'Menyampaikan capaian, tujuan pembelajaran dan mengaitkan materi pembelajaran dengan materi sebelumnya serta mampu mengarahkan siswa fokus pada materi yang diajarkan dengan mengenal emosi siswa.', '2024-03-08 02:35:51', '2024-03-08 02:35:51'),
(53, 14, '1', 'Menyampaikan topik materi ajar dan pertanyaan pemantik.', '2024-03-08 02:36:18', '2024-03-08 02:36:18'),
(54, 14, '2', 'Menyampaikan topik materi ajar, pertanyaan pemantik, mencari jawaban pertanyaan pemantik dengan pengetahuan lain yang relevan, perkembangan IPTEK, budaya positif dan kehidupan nyata.', '2024-03-08 02:36:18', '2024-03-08 02:36:18'),
(55, 14, '3', 'Menyampaikan topik materi ajar, pertanyaan pemantik, mencari jawaban pertanyaan pemantik dengan pengetahuan lain yang relevan, perkembangan IPTEK, budaya positif dan kehidupan nyata dan menyajikan pembahasan materi pembelajaran yang tepat secara sistematis.', '2024-03-08 02:36:18', '2024-03-08 02:36:18'),
(56, 14, '4', 'Menyampaikan topik materi ajar, pertanyaan pemantik, mencari jawaban pertanyaan pemantik dengan pengetahuan lain yang relevan, perkembangan IPTEK, budaya positif dan kehidupan nyata dan menyajikan pembahasan materi pembelajaran yang tepat secara sistematis dengan menggunakan media kreatif.', '2024-03-08 02:36:18', '2024-03-08 02:36:18'),
(57, 15, '1', 'Melaksanakan pembelajaran sesuai dengan kompetensi yang akan dicapai.', '2024-03-08 02:40:24', '2024-03-08 02:40:24'),
(58, 15, '2', 'Melaksanakan pembelajaran sesuai dengan kompetensi yang akan dicapai dengan membentuk kelompok siswa berdasarkan kriteria gaya belajar.', '2024-03-08 02:40:24', '2024-03-08 02:40:24'),
(59, 15, '3', 'Melaksanakan pembelajaran sesuai dengan kompetensi yang akan dicapai dengan membentuk kelompok siswa berdasarkan kriteria gaya belajar yang menumbuhkan dan mengembangkan keterampilan, kebiasaan dan sikap positif.', '2024-03-08 02:40:24', '2024-03-08 02:40:24'),
(60, 15, '4', 'Melaksanakan pembelajaran sesuai dengan kompetensi yang akan dicapai dengan membentuk kelompok siswa berdasarkan kriteria gaya belajar yang menumbuhkan dan mengembangkan keterampilan, kebiasaan dan sikap positif, sesuai alokasi waktu yang direncanakan.', '2024-03-08 02:40:24', '2024-03-08 02:40:24'),
(61, 16, '1', 'melaksanakan pembelajaran yang menumbuhkan partisipasi aktif.', '2024-03-08 02:41:04', '2024-03-08 02:41:04'),
(62, 16, '2', 'Melaksanakan pembelajaran yang menumbuhkan partisipasi aktif dalam diskusi kelompok.', '2024-03-08 02:41:04', '2024-03-08 02:41:04'),
(63, 16, '3', 'Melaksanakan pembelajaran yang menumbuhkan partisipasi aktif dalam diskusi kelompok serta mempresentasikan hasil diskusi.', '2024-03-08 02:41:04', '2024-03-08 02:41:04'),
(64, 16, '4', 'Melaksanakan pembelajaran yang menumbuhkan partisipasi aktif dalam diskusi kelompok dan mempresentasikan hasil diskusi serta menghasilkan karya tulis/ produk.', '2024-03-08 02:41:04', '2024-03-08 02:41:04'),
(65, 17, '1', 'Melaksanakan pembelajaran yang mengasah kreatif dan kritis siswa.', '2024-03-08 02:41:40', '2024-03-08 02:41:40'),
(66, 17, '2', 'Melaksanakan pembelajaran yang mengasah kreativitas, menumbuhkan pemikiran yang kritis dan mampu mengomunikasikan materi yang didapat saat pembelajaran.', '2024-03-08 02:41:40', '2024-03-08 02:41:40'),
(67, 17, '3', 'Melaksanakan pembelajaran yang mengasah kreativitas, menumbuhkan pemikiran yang kritis, mengomunikasikan serta mampu berkolaborasi antar siswa sesuai materi yang didapat saat pembelajaran.', '2024-03-08 02:41:40', '2024-03-08 02:41:40'),
(68, 17, '4', 'Melaksanakan pembelajaran yang mengasah kreativitas, menumbuhkan pemikiran yang kritis, mengomunikasikan serta mampu berkolaborasi antar siswa sesuai materi yang didapat saat pembelajaran dengan menggunakan berbagai media belajar.', '2024-03-08 02:41:40', '2024-03-08 02:41:40'),
(69, 18, '1', 'Menciptakan suasana kelas yang kondusif untuk proses belajar mengajar.', '2024-03-08 02:42:06', '2024-03-08 02:42:06'),
(70, 18, '2', 'Menciptakan suasana kelas yang kondusif dengan menerapkan prinsip disiplin positif untuk proses belajar mengajar.', '2024-03-08 02:42:06', '2024-03-08 02:42:06'),
(71, 18, '3', 'Menciptakan suasana kelas yang kondusif dengan menerapkan prinsip disiplin positif untuk membentuk perilaku adaptif yang telah disepakati dalam proses belajar mengajar.', '2024-03-08 02:42:06', '2024-03-08 02:42:06'),
(72, 18, '4', 'Menciptakan suasana kelas yang kondusif dengan menerapkan prinsip disiplin positif untuk membentuk perilaku adaptif yang telah disepakati dan menuliskan komitmen kelas dalam proses belajar mengajar.', '2024-03-08 02:42:06', '2024-03-08 02:42:06'),
(73, 19, '1', 'Mengomunikasikan pesan bahwa guru percaya akan kemampuan semua murid untuk belajar dan berprestasi secara akademik.', '2024-03-08 02:42:31', '2024-03-08 02:42:31'),
(74, 19, '2', 'Mengomunikasikan pesan bahwa guru percaya akan kemampuan semua murid untuk belajar, member I perhatian dan bantuan ekstra sesuai kebutuhan belajar setiap siswa.', '2024-03-08 02:42:31', '2024-03-08 02:42:31'),
(75, 19, '3', 'Mengomunikasikan pesan bahwa guru percaya akan kemampuan semua murid untuk belajar, memberi perhatian, bantuan ekstra, melakukan evaluasi dan motivasi sesuai kebutuhan belajar.', '2024-03-08 02:42:31', '2024-03-08 02:42:31'),
(76, 19, '4', 'Mengomunikasikan pesan bahwa guru percaya akan kemampuan semua murid untuk belajar, memberi perhatian, bantuan ekstra, melakukan evaluasi dan motivasi sesuai kebutuhan belajar setiap dan membuat rubrik prestasi belajar.', '2024-03-08 02:42:31', '2024-03-08 02:42:31'),
(77, 20, '1', 'melaksanakan praktik adaptasi pengajaran sebagai respon atas umpan balik dan respon murid terhadap kebutuhan belajarnya.', '2024-03-08 02:43:15', '2024-03-08 02:43:15'),
(78, 20, '2', 'Melaksanakan praktik adaptasi pengajaran sebagai respon atas umpan balik terhadap kebutuhan belajarnya dan memberi konten materi berbeda dalam capaian pembelajaran yang sama.', '2024-03-08 02:43:15', '2024-03-08 02:43:15'),
(79, 20, '3', 'Melaksanakan praktik adaptasi pengajaran sebagai respon atas umpan balik dan respon murid terhadap kebutuhan belajarnya dan member konten materi berbeda dalam capaian pembelajaran yang sama di beberapa kelompok yang berbeda dan mampu menerapkan serta berkolaborasi dalam memaknai materi ajar.', '2024-03-08 02:43:15', '2024-03-08 02:43:15'),
(80, 20, '4', 'Melaksanakan praktik adaptasi pengajaran sebagai respon atas umpan balik dan respon murid terhadap kebutuhan belajarnya dan member konten materi berbeda dalam capaian pembelajaran yang sama di beberapa kelompok yang berbeda dan mampu menerapka serta berkolaborasi dalam memaknai materi ajar dalam setiap pembelajaran.', '2024-03-08 02:43:15', '2024-03-08 02:43:15'),
(81, 21, '1', 'Menunjukkan keterampilan dalam penggunaan sumber belajar yang bervariasi.', '2024-03-08 02:43:45', '2024-03-08 02:43:45'),
(82, 21, '2', 'Menunjukkan keterampilan dalam penggunaan sumber belajar, media yang bervariasi yaitu visual dan audio.', '2024-03-08 02:43:45', '2024-03-08 02:43:45'),
(83, 21, '3', 'Menunjukkan keterampilan dalam penggunaan sumber belajar, media yang bervariasi yaitu visual, Audio dan kinestetik.', '2024-03-08 02:43:45', '2024-03-08 02:43:45'),
(84, 21, '4', 'Menunjukkan keterampilan dalam penggunaan sumber belajar, media yang bervariasi yaitu visual, Audio dan kinestetik yang menarik.', '2024-03-08 02:43:45', '2024-03-08 02:43:45'),
(85, 22, '1', 'Membawa alat peraga dalam kelas.', '2024-03-08 02:44:14', '2024-03-08 02:44:14'),
(86, 22, '2', 'Membawa alat peraga dalam kelas dan menggunakannya saat pembelajaran.', '2024-03-08 02:44:14', '2024-03-08 02:44:14'),
(87, 22, '3', 'Membawa alat peraga dalam kelas dan menggunakannya saat pembelajaran serta melibatkan siswa dalam menggunakan alat tersebut.', '2024-03-08 02:44:14', '2024-03-08 02:44:14'),
(88, 22, '4', 'Membawa alat peraga dalam kelas, menggunakannya saat pembelajaran dan melibatkan siswa dalam menggunakan alat tersebut serta dapat membuat alat peraga sendiri.', '2024-03-08 02:44:14', '2024-03-08 02:44:14'),
(89, 23, '1', 'Dapat menggunakan bahasa lisan secara jelas dan lancar.', '2024-03-08 02:44:39', '2024-03-08 02:44:39'),
(90, 23, '2', 'Dapat menggunakan bahasa lisan secara jelas, lancar dan menggunakan Bahasa tulis yang baik dan benar.', '2024-03-08 02:44:39', '2024-03-08 02:44:39'),
(91, 23, '3', 'Dapat menggunakan bahasa lisan secara jelas, lancar dan menggunakan Bahasa tulis yang baik dan benar serta memberi motivasi untuk menerapkan bahasa lisan, tulisan yang baik dan benar.', '2024-03-08 02:44:39', '2024-03-08 02:44:39'),
(92, 23, '4', 'Dapat menggunakan bahasa lisan secara jelas, lancar dan menggunakan bahasa tulis yang baik dan benar serta memberi motivasi untuk menerapkan bahasa lisan, tulisan yang baik dan benar dengan membuat satu contoh karya tulis.', '2024-03-08 02:44:39', '2024-03-08 02:44:39'),
(93, 24, '1', 'Melakukan pengajaran yang mendorong keterampilan literasi murid.', '2024-03-08 02:45:12', '2024-03-08 02:45:12'),
(94, 24, '2', 'Melakukan pengajaran yang mendorong keterampilan literasi dan numerasi murid.', '2024-03-08 02:45:12', '2024-03-08 02:45:12'),
(95, 24, '3', 'Melakukan pengajaran yang mendorong keterampilan literasi, numerasi dan mendorong siswa untuk membuat proyek hasil karya literasi.', '2024-03-08 02:45:12', '2024-03-08 02:45:12'),
(96, 24, '4', 'Melakukan pengajaran dan menerapkan keterampilan literasi, dengan melakukan PTK.', '2024-03-08 02:45:12', '2024-03-08 02:45:12'),
(97, 25, '1', 'Memfasilitasi dan membimbing murid merangkum materi pelajaran dalam bentuk penugasan.', '2024-03-08 02:45:38', '2024-03-08 02:45:38'),
(98, 25, '2', 'Memfasilitasi dan membimbing murid merangkum materi dalam bentuk penugasan terstruktur.', '2024-03-08 02:45:38', '2024-03-08 02:45:38'),
(99, 25, '3', 'Memfasilitasi dan membimbing murid merangkum materi dalam bentuk penugasan terstruktur untuk meningkatkan pengetahuan, keterampilan mengajar.', '2024-03-08 02:45:38', '2024-03-08 02:45:38'),
(100, 25, '4', 'Memfasilitasi dan membimbing murid merangkum materi dalam bentuk penugasan terstruktur untuk meningkatkan pengetahuan, keterampilan mengajar, evaluasi dengan memberikan angket penilaian teman sejawat.', '2024-03-08 02:45:38', '2024-03-08 02:45:38'),
(101, 26, '1', 'Melaksanakan penilaian produk melalui proyek / hasil produk.', '2024-03-08 02:46:08', '2024-03-08 02:46:08'),
(102, 26, '2', 'Melaksanakan penilaian produk melalui proyek / hasil produk dan melaksanakan penilaian pengetahuan melalui tes formatif.', '2024-03-08 02:46:08', '2024-03-08 02:46:08'),
(103, 26, '3', 'Melaksanakan penilaian produk melalui proyek / hasil produk, melaksanakan penilaian pengetahuan melalui tes formatif serta penilaian sikap.', '2024-03-08 02:46:08', '2024-03-08 02:46:08'),
(104, 26, '4', 'Melaksanakan penilaian produk melalui proyek / hasil produk, melaksanakan penilaian pengetahuan melalui tes formatif serta penilaian sikap yang disajikan dengan rubrik penilaian.', '2024-03-08 02:46:08', '2024-03-08 02:46:08'),
(105, 27, '1', 'Dibawah 75%.', '2024-03-08 02:46:32', '2024-03-08 02:46:32'),
(106, 27, '2', '75% sampai 85%.', '2024-03-08 02:46:32', '2024-03-08 02:46:32'),
(107, 27, '3', '85% sampai dengan 95%.', '2024-03-08 02:46:32', '2024-03-08 02:46:32'),
(108, 27, '4', 'Lebih dari 95%.', '2024-03-08 02:46:32', '2024-03-08 02:46:32'),
(109, 28, '1', 'Dibawah 75%.', '2024-03-08 02:47:04', '2024-03-08 02:47:04'),
(110, 28, '2', '75% sampai 85%.', '2024-03-08 02:47:04', '2024-03-08 02:47:04'),
(111, 28, '3', '85% sampai dengan 95%.', '2024-03-08 02:47:04', '2024-03-08 02:47:04'),
(112, 28, '4', 'Lebih dari 95%.', '2024-03-08 02:47:04', '2024-03-08 02:47:04'),
(113, 29, '1', 'Dibawah 75%.', '2024-03-08 02:47:27', '2024-03-08 02:47:27'),
(114, 29, '2', '75% sampai 85%.', '2024-03-08 02:47:27', '2024-03-08 02:47:27'),
(115, 29, '3', '85% sampai dengan 95%.', '2024-03-08 02:47:27', '2024-03-08 02:47:27'),
(116, 29, '4', 'Lebih dari 95%.', '2024-03-08 02:47:27', '2024-03-08 02:47:27'),
(117, 30, '1', 'Dibawah 75%.', '2024-03-08 02:47:49', '2024-03-08 02:47:49'),
(118, 30, '2', '75% sampai 85%.', '2024-03-08 02:47:49', '2024-03-08 02:47:49'),
(119, 30, '3', '85% sampai dengan 95%.', '2024-03-08 02:47:49', '2024-03-08 02:47:49'),
(120, 30, '4', 'Lebih dari 95%.', '2024-03-08 02:47:49', '2024-03-08 02:47:49');

-- --------------------------------------------------------

--
-- Table structure for table `subkriteria`
--

CREATE TABLE `subkriteria` (
  `id_subkriteria` bigint UNSIGNED NOT NULL,
  `kode_kriteria` varchar(3) COLLATE utf8mb4_unicode_ci NOT NULL,
  `kode_subkriteria` varchar(6) CHARACTER SET utf8mb4 COLLATE utf8mb4_unicode_ci NOT NULL,
  `nama_subkriteria` varchar(255) COLLATE utf8mb4_unicode_ci NOT NULL,
  `deskripsi_subkriteria` varchar(2000) CHARACTER SET utf8mb4 COLLATE utf8mb4_unicode_ci DEFAULT NULL,
  `bobot_subkriteria` double NOT NULL,
  `created_at` timestamp NULL DEFAULT NULL,
  `updated_at` timestamp NULL DEFAULT NULL
) ENGINE=InnoDB DEFAULT CHARSET=utf8mb4 COLLATE=utf8mb4_unicode_ci;

--
-- Dumping data for table `subkriteria`
--

INSERT INTO `subkriteria` (`id_subkriteria`, `kode_kriteria`, `kode_subkriteria`, `nama_subkriteria`, `deskripsi_subkriteria`, `bobot_subkriteria`, `created_at`, `updated_at`) VALUES
(1, 'K1', 'SK1.1', 'Spiritualitas dan Integritas', NULL, 20, '2024-03-08 02:08:57', '2024-03-14 05:43:43'),
(2, 'K1', 'SK1.2', 'Kepemimpinan dan Keteladanan dalam tanggung jawab kerja', NULL, 10, '2024-03-08 02:08:57', '2024-03-14 05:43:50'),
(3, 'K1', 'SK1.3', 'Keterampilan Interpersonal', NULL, 10, '2024-03-08 02:08:57', '2024-03-14 05:43:57'),
(4, 'K2', 'SK2.1', 'Orientasi', NULL, 3, '2024-03-08 02:08:57', '2024-03-14 05:44:18'),
(5, 'K2', 'SK2.2', 'Motivasi', NULL, 3, '2024-03-08 02:08:57', '2024-03-14 05:44:31'),
(6, 'K2', 'SK2.3', 'Apersepsi', NULL, 3, '2024-03-08 02:08:57', '2024-03-14 05:44:36'),
(7, 'K2', 'SK2.4', 'Penguasaan materi pembelajaran', NULL, 5, '2024-03-08 02:08:57', '2024-03-14 05:44:50'),
(8, 'K2', 'SK2.5', 'Penerapan strategi pembelajaran yang mendidik', NULL, 5, '2024-03-08 02:08:57', '2024-03-14 05:44:59'),
(9, 'K2', 'SK2.6', 'Aktivitas Pembelajaran HOTS dan Kecakapan Abad 21 (4C)', NULL, 10, '2024-03-08 02:08:57', '2024-03-14 05:45:07'),
(10, 'K2', 'SK2.7', 'Manajemen Kelas', NULL, 3, '2024-03-08 02:08:57', '2024-03-14 05:45:15'),
(11, 'K2', 'SK2.8', 'Pembelajaran Literasi Dan Numerasi', NULL, 5, '2024-03-08 02:08:57', '2024-03-14 05:45:24'),
(12, 'K2', 'SK2.9', 'Proses rangkuman, refleksi, dan tindak lanjut', NULL, 3, '2024-03-08 02:08:57', '2024-03-14 05:45:31'),
(13, 'K3', 'SK3.1', 'Pelaksanaan Penilaian Hasil Belajar', NULL, 10, '2024-03-08 02:08:57', '2024-03-14 05:45:46'),
(14, 'K3', 'SK3.2', 'Kepatuhan terhadap Proses Kerja yang berlaku', NULL, 10, '2024-03-08 02:08:57', '2024-03-14 05:45:42');

-- --------------------------------------------------------

--
-- Table structure for table `users`
--

CREATE TABLE `users` (
  `id` bigint UNSIGNED NOT NULL,
  `fullname` varchar(255) CHARACTER SET utf8mb4 COLLATE utf8mb4_unicode_ci NOT NULL,
  `username` varchar(50) CHARACTER SET utf8mb4 COLLATE utf8mb4_unicode_ci NOT NULL,
  `email` varchar(255) CHARACTER SET utf8mb4 COLLATE utf8mb4_unicode_ci NOT NULL,
  `email_verified_at` timestamp NULL DEFAULT NULL,
  `password` varchar(255) CHARACTER SET utf8mb4 COLLATE utf8mb4_unicode_ci NOT NULL,
  `role` int DEFAULT NULL,
  `remember_token` varchar(100) CHARACTER SET utf8mb4 COLLATE utf8mb4_unicode_ci DEFAULT NULL,
  `created_at` timestamp NULL DEFAULT NULL,
  `updated_at` timestamp NULL DEFAULT NULL,
  `deleted_at` timestamp NULL DEFAULT NULL
) ENGINE=InnoDB DEFAULT CHARSET=utf8mb4 COLLATE=utf8mb4_unicode_ci;

--
-- Dumping data for table `users`
--

INSERT INTO `users` (`id`, `fullname`, `username`, `email`, `email_verified_at`, `password`, `role`, `remember_token`, `created_at`, `updated_at`, `deleted_at`) VALUES
(1, 'Dani Aprilyanto', 'daniaprilyanto', 'daniaprilyanto@hotmail.com', NULL, '$2y$10$PYpiFNlmx3gI/Z.J2ZbsE.3zoXfoqdoqcs1HRJB7yaJ6tH5AaqvUu', 0, 'P2ZRJNlJQvq0JeC6UIuSBFeGKjNkvxboFTwxjRmsG4ivPi5UpmgxOQZa3VjK', '2023-08-29 11:02:31', '2023-08-29 11:02:31', NULL),
(2, 'John Doe', 'johndoe', 'johndoe@gmail.com', NULL, '$2y$10$9.c7apTl8ZJ9lSYyjPoRR.oQa/Fluh2Je0WsQ82wJrJNQjh6.v00W', 2, NULL, '2023-10-03 07:00:45', '2023-11-28 03:07:35', NULL),
(4, 'Muthia Rana', 'muthia', 'muthiarana@gmail.com', NULL, '$2y$10$P9s0VwaotJuW73KBtc/2duk3LnPibGbMMlduiMwh0hF7GE17OWwdW', 3, NULL, '2023-10-29 06:30:03', '2023-11-28 03:07:40', NULL),
(9, 'Narenda Fadilla', 'narenda', 'narendafadilla@gmail.com', NULL, '$2y$10$kwUhyyw7oLIHOf90l3HzpuhsiNpQKygRQ3IDxwZMbXqPXVwrrYbI.', 4, NULL, '2023-11-09 16:04:02', '2023-11-28 03:25:39', NULL),
(10, 'Faisal Rinaldi', 'faisal', 'faisalrinaldi@gmail.com', NULL, '$2y$10$/ms/LnZB1wNxP1sU789XGuvhJC4kNrSWi6hxtxb8qzPyQVJiMMcVK', 1, NULL, '2023-11-09 23:10:16', '2023-11-28 03:07:30', NULL),
(11, 'Riska', 'riska', 'riska@gmail.com', NULL, '$2y$10$OVHaMSv6rKkRGzSYN8543e990G.KNv/tK83QEkzukzr9dkuTSFbla', 5, NULL, '2023-11-28 03:22:39', '2024-04-04 20:42:46', NULL),
(12, 'Shinta Eka Tedjo', 'shinta', 'shinta@gmail.com', NULL, '$2y$10$KyaR8ErQKTE28mUJbVBT3O8FgzYScXGjLIv.tclEVdutMagHBf06e', 4, NULL, '2024-01-02 01:29:17', '2024-01-02 01:29:17', NULL),
(13, 'Aggil Farida', 'Anggil', 'Anggil@gmail.com', NULL, '$2y$10$Ge4k44eWBif9lOKY9cwxDO4ykSRrlMP5otxpGBAUZyPNzB7o0fW1C', 4, NULL, '2024-01-02 03:19:19', '2024-01-02 04:11:57', NULL),
(14, 'Hizrian Aiman', 'Hizrian', 'Hizrian@gmail.com', NULL, '$2y$10$KFEEk8C/21zP1iEVD50N1O2SHrHwQbsqrFICUcRjMMiQN/YbUxfiW', 4, NULL, '2024-01-02 03:19:47', '2024-01-02 03:19:47', NULL),
(15, 'Emir Bryan Agustina', 'Emir', 'Emir@gmail.com', NULL, '$2y$10$a3z.U.UDGZwXXNi0thzzEOONU.FAUV6BOmGEJhD5h8L8upnvjq8eq', 4, NULL, '2024-01-02 03:20:29', '2024-01-02 03:20:29', NULL),
(16, 'Iqbal Feranda', 'iqbal', 'iqbal@gmail.com', NULL, '$2y$10$b3vXjAKifoCcTeWzgryK..LjmS4aJbT98JMQta/aCMTLcxBg/WxZC', 4, NULL, '2024-02-20 20:59:34', '2024-03-12 05:23:45', NULL),
(17, 'Farhan Zaeni', 'farhan', 'farhanzaeni@gmail.com', NULL, '$2y$10$DrldSDnIdjtLKeIGFVhuge89HiYBra61QaCzQkPwnh9hoBOkFj0iC', 4, NULL, '2024-03-12 07:33:35', '2024-03-12 07:33:35', NULL),
(18, 'Sania Farya', 'sania', 'sania@gmail.com', NULL, '$2y$10$YhxegPzznZPC7INn2TLpiOFbW3mzZ.zmmycZzSGRDJMrJMmHnv4hC', 3, NULL, '2024-04-13 22:34:17', '2024-04-13 23:46:45', NULL),
(21, 'Ms. Sunny Blick DVM', 'rosendo.schroeder', 'russel.stanton@example.org', NULL, '$2y$10$IU4yDk5NVJ3CrJBt0E0DqOxP6jl29/U0VIX02ORm.95khllXqEgIS', 4, NULL, '2024-04-15 16:58:30', '2024-04-15 16:58:30', NULL),
(22, 'Fabiola Fay', 'antonio.gerlach', 'micaela99@example.org', NULL, '$2y$10$vct7tKVTC5NLm70eemAHr.2ItG2adZ8jq4FXDIMEUcjINDCUpUMNK', 4, NULL, '2024-04-15 16:58:30', '2024-04-15 16:58:30', NULL),
(23, 'Ms. Hertha Toy V', 'jane.stiedemann', 'rhoda72@example.net', NULL, '$2y$10$W.4E5W.VV/i6qCaeKIrbdO0G9jwrQNPzAKAGlJvXZNdMPZm0W1zBe', 4, NULL, '2024-04-15 17:00:21', '2024-04-15 17:00:21', NULL),
(24, 'Yanti Steuber Sr.', 'yanti', 'yanti@gmail.com', NULL, '$2y$10$3t08umuh3yPFfLpCtSQ8b.rZI/TUo9JEPtOWBMnmy8e94MNrpI5W.', 3, NULL, '2024-04-15 17:00:21', '2024-05-06 21:49:12', NULL),
(25, 'Art Schumm PhD', 'davon.johns', 'weissnat.casimer@example.net', NULL, '$2y$10$kcXWiEM2B/vJfUZ7TVKe6urgXeoZf5nCUKPhYUc3HJkGB5ufeNdHW', 4, NULL, '2024-04-15 17:00:21', '2024-04-15 17:00:21', NULL),
(26, 'Alejandra OHara', 'jackie67', 'steuber.shayna@example.org', NULL, '$2y$10$2OltFy8O/cpuwrsXpfwMcuid642xr7f/wykZ63CL0IMXX88x.Idji', 4, NULL, '2024-04-15 17:00:22', '2024-04-15 17:00:22', NULL),
(27, 'Shanna Abbott', 'nbogan', 'jrosenbaum@example.org', NULL, '$2y$10$qK09KvAWlNM3ezY8WTC1ZOs/KXarWxtsLiY9W953uYcHxTjJiBsoi', 4, NULL, '2024-04-15 17:00:22', '2024-04-15 17:00:22', NULL),
(28, 'Ms. Briana Labadie', 'sbahringer', 'ikreiger@example.net', NULL, '$2y$10$VCB0pj9i5I4cLFzLcsWSOuqjOWB609GtVXNsXwPgQ6wu/xX7OyST2', 4, NULL, '2024-04-15 17:00:22', '2024-04-15 17:00:22', NULL),
(29, 'Carlo Kessler V', 'frieda.kemmer', 'casper.daisy@example.org', NULL, '$2y$10$uuItBbKVq.3F..XRDy.x4u62ucJFWYk0hGSMbaG5aHOlPyD8qyHli', 4, NULL, '2024-04-15 17:00:22', '2024-04-15 17:00:22', NULL),
(30, 'Lisette Brekke', 'metz.karen', 'jacey02@example.org', NULL, '$2y$10$Ynob1drN.NL0i9iCkXhBfeWSZOBlmcDA4viDUxBU1uHIP65kYLoF2', 4, NULL, '2024-04-15 17:00:22', '2024-04-15 17:00:22', NULL),
(31, 'Jaron Pfeffer', 'brayan.klein', 'carmelo65@example.com', NULL, '$2y$10$.M.q9TJBWzsvRV0x6BQ24.t7zKKe4qs3Nx5.jFsCN.fV.c25jqrTK', 4, NULL, '2024-04-15 17:00:22', '2024-04-15 17:00:22', NULL),
(32, 'Jarrett Fisher', 'zjohnson', 'blanca70@example.com', NULL, '$2y$10$WIxvkCyde1PKIThBgzT4nugMPW4mH69e5G0Fdf9szGZ0yZ.xWaiVW', 4, NULL, '2024-04-15 17:00:22', '2024-04-15 17:00:22', NULL),
(33, 'Karen Schiller I', 'twilderman', 'edythe40@example.org', NULL, '$2y$10$mE5lkXwKRVPjUlhNP.ngOeDku/uElZP1VumUitRRwlRDa2O.G1OR6', 4, NULL, '2024-04-15 17:00:22', '2024-04-15 17:00:22', NULL),
(34, 'Felipe Carter', 'kulas.sallie', 'clair58@example.net', NULL, '$2y$10$PcdZJcxtyXG3XWgrdV5HzusNV8sVdCj6aelsiuKUlWz8zE4l4NQvS', 4, NULL, '2024-04-15 17:00:22', '2024-04-15 17:00:22', NULL),
(35, 'Opal Smith', 'blick.madison', 'skreiger@example.com', NULL, '$2y$10$6lIxqQg6/0jnFvSdJlKa3uKTvRJI61wAsPNXVdjjAkjbm0sWtce7C', 4, NULL, '2024-04-15 17:00:22', '2024-04-15 17:00:22', NULL),
(36, 'Emmanuel Douglas', 'hudson.loraine', 'lowe.rowan@example.org', NULL, '$2y$10$JkrAY1vjlSjw11tqI2hk6un3/iDhWB/worrtyk6E34lDYYPIUPHJ6', 4, NULL, '2024-04-15 17:00:22', '2024-04-15 17:00:22', NULL),
(37, 'Prof. Alfonzo Gorczany III', 'wstehr', 'djacobi@example.com', NULL, '$2y$10$XjQOlffyPRZwbJgCII9XAebzSow.8JHMfTl5heEVdcvYS/sotc5Y.', 4, NULL, '2024-04-15 17:00:22', '2024-04-15 17:00:22', NULL),
(38, 'Margret Littel', 'tbeahan', 'tmorar@example.net', NULL, '$2y$10$KpyPNhqt/3DIp3Eerf6XpeJJViufFo1VdsxBhpnso70uvM/pzqwWy', 4, NULL, '2024-04-15 17:00:22', '2024-04-15 17:00:22', NULL),
(39, 'Devante Schaefer', 'bdickens', 'jenkins.pinkie@example.org', NULL, '$2y$10$uZL4ZYIcTAfhNCXKJ4DaSuhQP5rP0xPiP9M3zE97UjBcWoaHcfKLm', 4, NULL, '2024-04-15 17:00:22', '2024-04-15 17:00:22', NULL),
(40, 'Regan Rutherford', 'ledner.harley', 'elangosh@example.com', NULL, '$2y$10$r/MZ.RKCocJCxT96qoTAcekJ9k.rM6DLNBSFs4hwsEnW3l8E0kLSG', 4, NULL, '2024-04-15 17:00:22', '2024-04-15 17:00:22', NULL),
(41, 'Jessyca Cassin', 'mhand', 'gina26@example.org', NULL, '$2y$10$LfPF4Vv1cIwR3.SAWUh81ekr8AFYZXSkj08DCoh1F5WurxxHXxgNG', 4, NULL, '2024-04-15 17:00:22', '2024-04-15 17:00:22', NULL),
(42, 'Khalil Runte', 'jeanette.hessel', 'fatima53@example.org', NULL, '$2y$10$xM8ZrnQ0YDOj6zvwXD9/UOwbkpbnKaZGxDQlwjlGOkm8jXFmnoG6W', 4, NULL, '2024-04-15 17:00:23', '2024-04-15 17:00:23', NULL),
(43, 'Sallie Langosh', 'okoch', 'rogelio35@example.com', NULL, '$2y$10$w7Mp1Gotf3Q.dVjyvcPl8el2dqIMosd5XPo0H36ZcOVDck5FPUTSS', 4, NULL, '2024-04-15 17:00:23', '2024-04-15 17:00:23', NULL),
(44, 'Prof. Eldon Ankunding PhD', 'asa.robel', 'fharris@example.com', NULL, '$2y$10$1O3kN2it4qeXTfX3aebxO.SNN0zNZ/FM3oc7gAgruCc6K5.PL.LLq', 4, NULL, '2024-04-15 17:00:23', '2024-04-15 17:00:23', NULL),
(45, 'Ms. Helga Grady', 'dasia44', 'considine.marshall@example.com', NULL, '$2y$10$LeXA9Jl9sBGe2faQVHrTyeEEKtTccMZmL55934L.wXlsjr.iNaema', 4, NULL, '2024-04-15 17:00:23', '2024-04-15 17:00:23', NULL),
(46, 'Elisabeth Reichel', 'johnson.thaddeus', 'cormier.brent@example.net', NULL, '$2y$10$8NlWMDUvBgnMxA4AVzOwDObsEbSUfcBW1rnkGq34t8XGFxa5S0hxy', 4, NULL, '2024-04-15 17:00:23', '2024-04-15 17:00:23', NULL),
(47, 'Beryl Denesik', 'wiegand.maiya', 'quinten.stroman@example.org', NULL, '$2y$10$IWlHn.nF12KrRZE0Yt6IJOSC352KUtwpg4YL9beGZs7j3IHX9aM1.', 4, NULL, '2024-04-15 17:00:23', '2024-04-15 17:00:23', NULL),
(48, 'Nakia OConnell', 'dicki.berenice', 'herman.gerardo@example.org', NULL, '$2y$10$pfHgSyG/4IYGd698KCrzD.YOBKQ5PLRGpCbyYTZI7VNtoyj8xoEUu', 4, NULL, '2024-04-15 17:00:23', '2024-04-15 17:00:23', NULL),
(49, 'Virgie Ebert', 'chase.ankunding', 'botsford.timothy@example.com', NULL, '$2y$10$i7lSd7GtdnBvIEx4ahQRTOYM2p4HQfO5GveZhPZgRKOK/hq9OWczi', 4, NULL, '2024-04-15 17:00:23', '2024-04-15 17:00:23', NULL),
(50, 'Kathryn Batz', 'ebert.wava', 'carmela33@example.net', NULL, '$2y$10$nNMyTzsX0zRqmCDTcbpdF.O.vdjpRYL/fpJOTx9HiWjnbaBe6ebt6', 4, NULL, '2024-04-15 17:00:23', '2024-04-15 17:00:23', NULL),
(51, 'Timmothy Collins V', 'timmy.cummerata', 'mspencer@example.org', NULL, '$2y$10$JQnbHlTxAs.9V5Pr7kOLV.lGMwHyDKrdY/Mngs32QYBl6ae21SBbe', 4, NULL, '2024-04-15 17:00:23', '2024-04-15 17:00:23', NULL),
(52, 'Mable Heidenreich', 'crona.shakira', 'stephanie.hammes@example.org', NULL, '$2y$10$qnR/EM3ENMQuet1euv5FsekLEsBrX3naWHY2HHBUZop3UloJC2HUW', 4, NULL, '2024-04-15 17:00:23', '2024-04-15 17:00:23', NULL),
(53, 'Jailyn Walker', 'nienow.easton', 'shad49@example.net', NULL, '$2y$10$1YTFH.2CIpYqboDSGHgCDOFBOQz8rxTn1.AmGeKKeIsIvkBk/jEdS', 4, NULL, '2024-04-15 17:00:23', '2024-04-15 17:00:23', NULL),
(54, 'Mr. Abraham Krajcik Jr.', 'metz.chelsea', 'effertz.brandt@example.com', NULL, '$2y$10$IF84U4abzFzke/5xDcKvzOJSmod5dT5u5DBu7V1BEhWgFLaFqot02', 4, NULL, '2024-04-15 17:00:23', '2024-04-15 17:00:23', NULL),
(55, 'Carrie Gerhold', 'gleichner.garth', 'tyler.mitchell@example.org', NULL, '$2y$10$Xj9Xw5tc6RutcYHJvHtqneslRbb/UvNfDhRCZ/57FnIlWrE.KHqgq', 4, NULL, '2024-04-15 17:00:23', '2024-04-15 17:00:23', NULL),
(56, 'Buck Conn', 'ehegmann', 'katlynn.aufderhar@example.org', NULL, '$2y$10$8N3vR6xmv7E/94ssQTNtcORE7E.en63bMKh579sJwcgjareOQqnXu', 4, NULL, '2024-04-15 17:00:23', '2024-04-15 17:00:23', NULL),
(57, 'Yandhika Farhan', 'yandhika', 'yandhika@gmail.com', NULL, '$2y$10$N4QNmSzhPdgnLC2mHLsnde57nJ.aCKvd3rb5y79drT.sgDHHd3Y86', 6, NULL, '2024-04-21 08:23:38', '2024-04-22 08:38:26', NULL);

--
-- Indexes for dumped tables
--

--
-- Indexes for table `alternatif`
--
ALTER TABLE `alternatif`
  ADD PRIMARY KEY (`id_alternatif`),
  ADD KEY `kode_alternatif` (`kode_alternatif`),
  ADD KEY `fk_nama_alternatif_alternatif_fullname_users` (`nama_alternatif`);

--
-- Indexes for table `bobot_prioritas_alternatif`
--
ALTER TABLE `bobot_prioritas_alternatif`
  ADD PRIMARY KEY (`id_bobot_prioritas_alternatif`),
  ADD KEY `fk_bobot_prioritas_alternatif_kriteria` (`kode_kriteria`),
  ADD KEY `fk_bobot_prioritas_alternatif_alternatif` (`kode_alternatif`);

--
-- Indexes for table `bobot_prioritas_kriteria`
--
ALTER TABLE `bobot_prioritas_kriteria`
  ADD PRIMARY KEY (`id_bobot_prioritas_kriteria`),
  ADD KEY `fk_bobot_prioritas_kriteria_kriteria` (`id_kriteria`);

--
-- Indexes for table `bobot_prioritas_subkriteria`
--
ALTER TABLE `bobot_prioritas_subkriteria`
  ADD PRIMARY KEY (`id_bobot_prioritas_subkriteria`),
  ADD KEY `fk_bobot_prioritas_subkriteria_kriteria` (`kode_kriteria`);

--
-- Indexes for table `catatan_karyawan`
--
ALTER TABLE `catatan_karyawan`
  ADD PRIMARY KEY (`id_catatan_karyawan`),
  ADD KEY `fk_id_penilaian_penilaian` (`id_penilaian`);

--
-- Indexes for table `failed_jobs`
--
ALTER TABLE `failed_jobs`
  ADD PRIMARY KEY (`id`),
  ADD UNIQUE KEY `failed_jobs_uuid_unique` (`uuid`);

--
-- Indexes for table `group_karyawan`
--
ALTER TABLE `group_karyawan`
  ADD PRIMARY KEY (`id_group_karyawan`),
  ADD KEY `kepala_sekolah` (`kepala_sekolah`);

--
-- Indexes for table `group_karyawan_detail`
--
ALTER TABLE `group_karyawan_detail`
  ADD PRIMARY KEY (`id_group_karyawan_detail`),
  ADD KEY `fk_id_group_karyawan_group_karyawan` (`id_group_karyawan`),
  ADD KEY `fk_kode_alternatif_group_karyawan` (`kode_alternatif`);

--
-- Indexes for table `group_penilaian`
--
ALTER TABLE `group_penilaian`
  ADD PRIMARY KEY (`id_group_penilaian`),
  ADD KEY `fk_id_group_karyawan_group_penilaian_group_karyawan` (`id_group_karyawan`),
  ADD KEY `fk_alternatif_pertama_alternatif` (`alternatif_pertama`);

--
-- Indexes for table `group_penilaian_detail`
--
ALTER TABLE `group_penilaian_detail`
  ADD PRIMARY KEY (`id_group_penilaian_detail`),
  ADD KEY `fk_id_group_penilaian_penilaian` (`id_group_penilaian`),
  ADD KEY `fk_alternatif_kedua_alternatif` (`alternatif_kedua`);

--
-- Indexes for table `indikator_subkriteria`
--
ALTER TABLE `indikator_subkriteria`
  ADD PRIMARY KEY (`id_indikator_subkriteria`),
  ADD KEY `fk_indikator_subkriteria_kode_subkriteria` (`kode_subkriteria`);

--
-- Indexes for table `jobs`
--
ALTER TABLE `jobs`
  ADD PRIMARY KEY (`id`),
  ADD KEY `jobs_queue_index` (`queue`);

--
-- Indexes for table `kriteria`
--
ALTER TABLE `kriteria`
  ADD PRIMARY KEY (`id_kriteria`),
  ADD KEY `kode_kriteria` (`kode_kriteria`);

--
-- Indexes for table `migrations`
--
ALTER TABLE `migrations`
  ADD PRIMARY KEY (`id`);

--
-- Indexes for table `nilai_skala`
--
ALTER TABLE `nilai_skala`
  ADD PRIMARY KEY (`id_nilai_skala`),
  ADD KEY `nilai_skala_skala_index` (`skala`);

--
-- Indexes for table `password_reset_tokens`
--
ALTER TABLE `password_reset_tokens`
  ADD PRIMARY KEY (`email`);

--
-- Indexes for table `penilaian`
--
ALTER TABLE `penilaian`
  ADD PRIMARY KEY (`id_penilaian`),
  ADD KEY `fk_alternatif_kedua_group_penilaian` (`alternatif_kedua`),
  ADD KEY `fk_alternatif_pertama_group_penilaian` (`alternatif_pertama`);

--
-- Indexes for table `penilaian_indikator`
--
ALTER TABLE `penilaian_indikator`
  ADD PRIMARY KEY (`id_penilaian_indikator`),
  ADD KEY `fk_penilaian_id_penilaian_penilaian_id_penilaian` (`id_penilaian`),
  ADD KEY `fk_penilaian_id_skala_indikator_detail` (`id_skala_indikator_detail`);

--
-- Indexes for table `perhitungan_alternatif`
--
ALTER TABLE `perhitungan_alternatif`
  ADD PRIMARY KEY (`id_perhitungan_alternatif`),
  ADD KEY `fk_perhitungan_alternatif_kode_kriteria` (`kode_kriteria`),
  ADD KEY `fk_perhitungan_alternatif_alternatif_kedua` (`alternatif_kedua`),
  ADD KEY `fk_perhitungan_alternatif_alternatif_pertama` (`alternatif_pertama`);

--
-- Indexes for table `perhitungan_kriteria`
--
ALTER TABLE `perhitungan_kriteria`
  ADD PRIMARY KEY (`id_perhitungan_kriteria`),
  ADD KEY `fk_perhitungan_kriteria_kriteria_pertama` (`kriteria_pertama`),
  ADD KEY `fk_perhitungan_kriteria_kriteria_kedua` (`kriteria_kedua`);

--
-- Indexes for table `perhitungan_subkriteria`
--
ALTER TABLE `perhitungan_subkriteria`
  ADD PRIMARY KEY (`id_perhitungan_subkriteria`),
  ADD KEY `fk_perhitungan_subkriteria_subkriteria_pertama` (`subkriteria_pertama`),
  ADD KEY `fk_perhitungan_subkriteria_subkriteria_kedua` (`subkriteria_kedua`),
  ADD KEY `fk_perhitungan_subkriteria_kode_kriteria` (`kode_kriteria`);

--
-- Indexes for table `personal_access_tokens`
--
ALTER TABLE `personal_access_tokens`
  ADD PRIMARY KEY (`id`),
  ADD UNIQUE KEY `personal_access_tokens_token_unique` (`token`),
  ADD KEY `personal_access_tokens_tokenable_type_tokenable_id_index` (`tokenable_type`,`tokenable_id`);

--
-- Indexes for table `ranking`
--
ALTER TABLE `ranking`
  ADD PRIMARY KEY (`id_ranking`),
  ADD KEY `fk_kode_alternatif_ranking_group_penilaian` (`kode_alternatif`);

--
-- Indexes for table `ratio_index`
--
ALTER TABLE `ratio_index`
  ADD PRIMARY KEY (`id_ratio_index`);

--
-- Indexes for table `skala_indikator`
--
ALTER TABLE `skala_indikator`
  ADD PRIMARY KEY (`id_skala_indikator`),
  ADD KEY `fk_skala_indikator_id_indikator_subkriteria` (`id_indikator_subkriteria`);

--
-- Indexes for table `skala_indikator_detail`
--
ALTER TABLE `skala_indikator_detail`
  ADD PRIMARY KEY (`id_skala_indikator_detail`),
  ADD KEY `fk_skala_indikator_detail_id_skala_indikator` (`id_skala_indikator`),
  ADD KEY `skala` (`skala`);

--
-- Indexes for table `subkriteria`
--
ALTER TABLE `subkriteria`
  ADD PRIMARY KEY (`id_subkriteria`),
  ADD KEY `subkriteria_kode_subkriteria_index` (`kode_subkriteria`),
  ADD KEY `fk_subkriteria_kode_kriteria` (`kode_kriteria`);

--
-- Indexes for table `users`
--
ALTER TABLE `users`
  ADD PRIMARY KEY (`id`),
  ADD UNIQUE KEY `users_username_unique` (`username`),
  ADD UNIQUE KEY `users_email_unique` (`email`),
  ADD KEY `fullname` (`fullname`);

--
-- AUTO_INCREMENT for dumped tables
--

--
-- AUTO_INCREMENT for table `alternatif`
--
ALTER TABLE `alternatif`
  MODIFY `id_alternatif` bigint UNSIGNED NOT NULL AUTO_INCREMENT, AUTO_INCREMENT=57;

--
-- AUTO_INCREMENT for table `bobot_prioritas_alternatif`
--
ALTER TABLE `bobot_prioritas_alternatif`
  MODIFY `id_bobot_prioritas_alternatif` bigint UNSIGNED NOT NULL AUTO_INCREMENT;

--
-- AUTO_INCREMENT for table `bobot_prioritas_kriteria`
--
ALTER TABLE `bobot_prioritas_kriteria`
  MODIFY `id_bobot_prioritas_kriteria` bigint UNSIGNED NOT NULL AUTO_INCREMENT, AUTO_INCREMENT=4;

--
-- AUTO_INCREMENT for table `bobot_prioritas_subkriteria`
--
ALTER TABLE `bobot_prioritas_subkriteria`
  MODIFY `id_bobot_prioritas_subkriteria` bigint UNSIGNED NOT NULL AUTO_INCREMENT, AUTO_INCREMENT=4;

--
-- AUTO_INCREMENT for table `catatan_karyawan`
--
ALTER TABLE `catatan_karyawan`
  MODIFY `id_catatan_karyawan` bigint UNSIGNED NOT NULL AUTO_INCREMENT, AUTO_INCREMENT=6;

--
-- AUTO_INCREMENT for table `failed_jobs`
--
ALTER TABLE `failed_jobs`
  MODIFY `id` bigint UNSIGNED NOT NULL AUTO_INCREMENT;

--
-- AUTO_INCREMENT for table `group_karyawan`
--
ALTER TABLE `group_karyawan`
  MODIFY `id_group_karyawan` bigint UNSIGNED NOT NULL AUTO_INCREMENT, AUTO_INCREMENT=41;

--
-- AUTO_INCREMENT for table `group_karyawan_detail`
--
ALTER TABLE `group_karyawan_detail`
  MODIFY `id_group_karyawan_detail` bigint UNSIGNED NOT NULL AUTO_INCREMENT, AUTO_INCREMENT=585;

--
-- AUTO_INCREMENT for table `group_penilaian`
--
ALTER TABLE `group_penilaian`
  MODIFY `id_group_penilaian` bigint UNSIGNED NOT NULL AUTO_INCREMENT, AUTO_INCREMENT=56;

--
-- AUTO_INCREMENT for table `group_penilaian_detail`
--
ALTER TABLE `group_penilaian_detail`
  MODIFY `id_group_penilaian_detail` bigint UNSIGNED NOT NULL AUTO_INCREMENT, AUTO_INCREMENT=240;

--
-- AUTO_INCREMENT for table `indikator_subkriteria`
--
ALTER TABLE `indikator_subkriteria`
  MODIFY `id_indikator_subkriteria` bigint UNSIGNED NOT NULL AUTO_INCREMENT, AUTO_INCREMENT=31;

--
-- AUTO_INCREMENT for table `jobs`
--
ALTER TABLE `jobs`
  MODIFY `id` bigint UNSIGNED NOT NULL AUTO_INCREMENT, AUTO_INCREMENT=24;

--
-- AUTO_INCREMENT for table `kriteria`
--
ALTER TABLE `kriteria`
  MODIFY `id_kriteria` bigint UNSIGNED NOT NULL AUTO_INCREMENT, AUTO_INCREMENT=4;

--
-- AUTO_INCREMENT for table `migrations`
--
ALTER TABLE `migrations`
  MODIFY `id` int UNSIGNED NOT NULL AUTO_INCREMENT, AUTO_INCREMENT=2;

--
-- AUTO_INCREMENT for table `nilai_skala`
--
ALTER TABLE `nilai_skala`
  MODIFY `id_nilai_skala` bigint UNSIGNED NOT NULL AUTO_INCREMENT, AUTO_INCREMENT=5;

--
-- AUTO_INCREMENT for table `penilaian`
--
ALTER TABLE `penilaian`
  MODIFY `id_penilaian` bigint UNSIGNED NOT NULL AUTO_INCREMENT, AUTO_INCREMENT=190;

--
-- AUTO_INCREMENT for table `penilaian_indikator`
--
ALTER TABLE `penilaian_indikator`
  MODIFY `id_penilaian_indikator` bigint UNSIGNED NOT NULL AUTO_INCREMENT, AUTO_INCREMENT=5161;

--
-- AUTO_INCREMENT for table `perhitungan_alternatif`
--
ALTER TABLE `perhitungan_alternatif`
  MODIFY `id_perhitungan_alternatif` bigint UNSIGNED NOT NULL AUTO_INCREMENT;

--
-- AUTO_INCREMENT for table `perhitungan_kriteria`
--
ALTER TABLE `perhitungan_kriteria`
  MODIFY `id_perhitungan_kriteria` bigint UNSIGNED NOT NULL AUTO_INCREMENT, AUTO_INCREMENT=10;

--
-- AUTO_INCREMENT for table `perhitungan_subkriteria`
--
ALTER TABLE `perhitungan_subkriteria`
  MODIFY `id_perhitungan_subkriteria` bigint UNSIGNED NOT NULL AUTO_INCREMENT, AUTO_INCREMENT=95;

--
-- AUTO_INCREMENT for table `personal_access_tokens`
--
ALTER TABLE `personal_access_tokens`
  MODIFY `id` bigint UNSIGNED NOT NULL AUTO_INCREMENT;

--
-- AUTO_INCREMENT for table `ranking`
--
ALTER TABLE `ranking`
  MODIFY `id_ranking` bigint UNSIGNED NOT NULL AUTO_INCREMENT, AUTO_INCREMENT=204;

--
-- AUTO_INCREMENT for table `ratio_index`
--
ALTER TABLE `ratio_index`
  MODIFY `id_ratio_index` bigint UNSIGNED NOT NULL AUTO_INCREMENT, AUTO_INCREMENT=21;

--
-- AUTO_INCREMENT for table `skala_indikator`
--
ALTER TABLE `skala_indikator`
  MODIFY `id_skala_indikator` bigint UNSIGNED NOT NULL AUTO_INCREMENT, AUTO_INCREMENT=31;

--
-- AUTO_INCREMENT for table `skala_indikator_detail`
--
ALTER TABLE `skala_indikator_detail`
  MODIFY `id_skala_indikator_detail` bigint UNSIGNED NOT NULL AUTO_INCREMENT, AUTO_INCREMENT=121;

--
-- AUTO_INCREMENT for table `subkriteria`
--
ALTER TABLE `subkriteria`
  MODIFY `id_subkriteria` bigint UNSIGNED NOT NULL AUTO_INCREMENT, AUTO_INCREMENT=15;

--
-- AUTO_INCREMENT for table `users`
--
ALTER TABLE `users`
  MODIFY `id` bigint UNSIGNED NOT NULL AUTO_INCREMENT, AUTO_INCREMENT=58;

--
-- Constraints for dumped tables
--

--
-- Constraints for table `alternatif`
--
ALTER TABLE `alternatif`
  ADD CONSTRAINT `fk_nama_alternatif_alternatif_fullname_users` FOREIGN KEY (`nama_alternatif`) REFERENCES `users` (`fullname`) ON DELETE CASCADE ON UPDATE CASCADE;

--
-- Constraints for table `bobot_prioritas_alternatif`
--
ALTER TABLE `bobot_prioritas_alternatif`
  ADD CONSTRAINT `fk_bobot_prioritas_alternatif_alternatif` FOREIGN KEY (`kode_alternatif`) REFERENCES `alternatif` (`kode_alternatif`) ON DELETE CASCADE ON UPDATE CASCADE,
  ADD CONSTRAINT `fk_bobot_prioritas_alternatif_kriteria` FOREIGN KEY (`kode_kriteria`) REFERENCES `kriteria` (`kode_kriteria`) ON DELETE CASCADE ON UPDATE CASCADE;

--
-- Constraints for table `bobot_prioritas_kriteria`
--
ALTER TABLE `bobot_prioritas_kriteria`
  ADD CONSTRAINT `fk_bobot_prioritas_kriteria_kriteria` FOREIGN KEY (`id_kriteria`) REFERENCES `kriteria` (`id_kriteria`) ON DELETE CASCADE ON UPDATE CASCADE;

--
-- Constraints for table `bobot_prioritas_subkriteria`
--
ALTER TABLE `bobot_prioritas_subkriteria`
  ADD CONSTRAINT `fk_bobot_prioritas_subkriteria_kriteria` FOREIGN KEY (`kode_kriteria`) REFERENCES `kriteria` (`kode_kriteria`) ON DELETE CASCADE ON UPDATE CASCADE;

--
-- Constraints for table `catatan_karyawan`
--
ALTER TABLE `catatan_karyawan`
  ADD CONSTRAINT `fk_id_penilaian_penilaian` FOREIGN KEY (`id_penilaian`) REFERENCES `penilaian` (`id_penilaian`) ON DELETE CASCADE ON UPDATE CASCADE;

--
-- Constraints for table `group_karyawan`
--
ALTER TABLE `group_karyawan`
  ADD CONSTRAINT `fk_kepala_sekolah_alternatif` FOREIGN KEY (`kepala_sekolah`) REFERENCES `alternatif` (`kode_alternatif`) ON DELETE CASCADE ON UPDATE CASCADE;

--
-- Constraints for table `group_karyawan_detail`
--
ALTER TABLE `group_karyawan_detail`
  ADD CONSTRAINT `fk_id_group_karyawan_group_karyawan` FOREIGN KEY (`id_group_karyawan`) REFERENCES `group_karyawan` (`id_group_karyawan`) ON DELETE CASCADE ON UPDATE CASCADE,
  ADD CONSTRAINT `fk_kode_alternatif_group_karyawan` FOREIGN KEY (`kode_alternatif`) REFERENCES `alternatif` (`kode_alternatif`) ON DELETE CASCADE ON UPDATE CASCADE;

--
-- Constraints for table `group_penilaian`
--
ALTER TABLE `group_penilaian`
  ADD CONSTRAINT `fk_alternatif_pertama_alternatif` FOREIGN KEY (`alternatif_pertama`) REFERENCES `alternatif` (`kode_alternatif`) ON DELETE CASCADE ON UPDATE CASCADE,
  ADD CONSTRAINT `fk_id_group_karyawan_group_penilaian_group_karyawan` FOREIGN KEY (`id_group_karyawan`) REFERENCES `group_karyawan` (`id_group_karyawan`) ON DELETE CASCADE ON UPDATE CASCADE;

--
-- Constraints for table `group_penilaian_detail`
--
ALTER TABLE `group_penilaian_detail`
  ADD CONSTRAINT `fk_alternatif_kedua_alternatif` FOREIGN KEY (`alternatif_kedua`) REFERENCES `alternatif` (`kode_alternatif`) ON DELETE CASCADE ON UPDATE CASCADE,
  ADD CONSTRAINT `fk_id_group_penilaian_penilaian` FOREIGN KEY (`id_group_penilaian`) REFERENCES `group_penilaian` (`id_group_penilaian`) ON DELETE CASCADE ON UPDATE CASCADE;

--
-- Constraints for table `indikator_subkriteria`
--
ALTER TABLE `indikator_subkriteria`
  ADD CONSTRAINT `fk_indikator_subkriteria_kode_subkriteria` FOREIGN KEY (`kode_subkriteria`) REFERENCES `subkriteria` (`kode_subkriteria`) ON DELETE CASCADE ON UPDATE CASCADE;

--
-- Constraints for table `penilaian`
--
ALTER TABLE `penilaian`
  ADD CONSTRAINT `fk_alternatif_kedua_group_penilaian` FOREIGN KEY (`alternatif_kedua`) REFERENCES `group_penilaian` (`alternatif_pertama`) ON DELETE CASCADE ON UPDATE CASCADE,
  ADD CONSTRAINT `fk_alternatif_pertama_group_penilaian` FOREIGN KEY (`alternatif_pertama`) REFERENCES `group_penilaian` (`alternatif_pertama`) ON DELETE CASCADE ON UPDATE CASCADE;

--
-- Constraints for table `penilaian_indikator`
--
ALTER TABLE `penilaian_indikator`
  ADD CONSTRAINT `fk_penilaian_id_penilaian_penilaian_id_penilaian` FOREIGN KEY (`id_penilaian`) REFERENCES `penilaian` (`id_penilaian`) ON DELETE CASCADE ON UPDATE CASCADE,
  ADD CONSTRAINT `fk_penilaian_id_skala_indikator_detail` FOREIGN KEY (`id_skala_indikator_detail`) REFERENCES `skala_indikator_detail` (`id_skala_indikator_detail`) ON DELETE CASCADE ON UPDATE CASCADE;

--
-- Constraints for table `perhitungan_alternatif`
--
ALTER TABLE `perhitungan_alternatif`
  ADD CONSTRAINT `fk_perhitungan_alternatif_alternatif_kedua` FOREIGN KEY (`alternatif_kedua`) REFERENCES `group_penilaian` (`alternatif_pertama`) ON DELETE CASCADE ON UPDATE CASCADE,
  ADD CONSTRAINT `fk_perhitungan_alternatif_alternatif_pertama` FOREIGN KEY (`alternatif_pertama`) REFERENCES `group_penilaian` (`alternatif_pertama`) ON DELETE CASCADE ON UPDATE CASCADE,
  ADD CONSTRAINT `fk_perhitungan_alternatif_kode_kriteria` FOREIGN KEY (`kode_kriteria`) REFERENCES `kriteria` (`kode_kriteria`) ON DELETE CASCADE ON UPDATE CASCADE;

--
-- Constraints for table `perhitungan_kriteria`
--
ALTER TABLE `perhitungan_kriteria`
  ADD CONSTRAINT `fk_perhitungan_kriteria_kriteria_kedua` FOREIGN KEY (`kriteria_kedua`) REFERENCES `kriteria` (`kode_kriteria`) ON DELETE CASCADE ON UPDATE CASCADE,
  ADD CONSTRAINT `fk_perhitungan_kriteria_kriteria_pertama` FOREIGN KEY (`kriteria_pertama`) REFERENCES `kriteria` (`kode_kriteria`) ON DELETE CASCADE ON UPDATE CASCADE;

--
-- Constraints for table `perhitungan_subkriteria`
--
ALTER TABLE `perhitungan_subkriteria`
  ADD CONSTRAINT `fk_perhitungan_subkriteria_kode_kriteria` FOREIGN KEY (`kode_kriteria`) REFERENCES `kriteria` (`kode_kriteria`) ON DELETE CASCADE ON UPDATE CASCADE,
  ADD CONSTRAINT `fk_perhitungan_subkriteria_subkriteria_kedua` FOREIGN KEY (`subkriteria_kedua`) REFERENCES `subkriteria` (`kode_subkriteria`) ON DELETE CASCADE ON UPDATE CASCADE,
  ADD CONSTRAINT `fk_perhitungan_subkriteria_subkriteria_pertama` FOREIGN KEY (`subkriteria_pertama`) REFERENCES `subkriteria` (`kode_subkriteria`) ON DELETE CASCADE ON UPDATE CASCADE;

--
-- Constraints for table `ranking`
--
ALTER TABLE `ranking`
  ADD CONSTRAINT `fk_kode_alternatif_ranking_group_penilaian` FOREIGN KEY (`kode_alternatif`) REFERENCES `group_penilaian` (`alternatif_pertama`) ON DELETE CASCADE ON UPDATE CASCADE;

--
-- Constraints for table `skala_indikator`
--
ALTER TABLE `skala_indikator`
  ADD CONSTRAINT `fk_skala_indikator_id_indikator_subkriteria` FOREIGN KEY (`id_indikator_subkriteria`) REFERENCES `indikator_subkriteria` (`id_indikator_subkriteria`) ON DELETE CASCADE ON UPDATE CASCADE;

--
-- Constraints for table `skala_indikator_detail`
--
ALTER TABLE `skala_indikator_detail`
  ADD CONSTRAINT `fk_skala_indikator_detail_id_skala_indikator` FOREIGN KEY (`id_skala_indikator`) REFERENCES `skala_indikator` (`id_skala_indikator`) ON DELETE CASCADE ON UPDATE CASCADE,
  ADD CONSTRAINT `fk_skala_indikator_detail_nilai_skala` FOREIGN KEY (`skala`) REFERENCES `nilai_skala` (`skala`) ON DELETE CASCADE ON UPDATE CASCADE;

--
-- Constraints for table `subkriteria`
--
ALTER TABLE `subkriteria`
  ADD CONSTRAINT `fk_subkriteria_kode_kriteria` FOREIGN KEY (`kode_kriteria`) REFERENCES `kriteria` (`kode_kriteria`) ON DELETE CASCADE ON UPDATE CASCADE;
COMMIT;

/*!40101 SET CHARACTER_SET_CLIENT=@OLD_CHARACTER_SET_CLIENT */;
/*!40101 SET CHARACTER_SET_RESULTS=@OLD_CHARACTER_SET_RESULTS */;
/*!40101 SET COLLATION_CONNECTION=@OLD_COLLATION_CONNECTION */;
